{
"type": "FeatureCollection",
"name": "Zonal_CPV24",
"crs": { "type": "name", "properties": { "name": "urn:ogc:def:crs:OGC:1.3:CRS84" } },
"features": [
{ "type": "Feature", "properties": { "CUT": 8203, "COMUNA": "CAÑETE", "AREA_C": "URBANO", "DISTRITO": "CAÑETE", "LOCALIDAD": "CAÑETE", "n_per": 4047.0, "n_hombres": 1879.0, "n_mujeres": 2168.0, "n_edad_60_mas": 615.0, "n_asistencia_basica": 480.0, "n_asistencia_media": 265.0, "n_asistencia_superior": 151.0, "n_transporte_auto": 447.0, "n_transporte_publico": 406.0, "n_transporte_camina": 252.0, "n_transporte_bicicleta": 18.0 }, "geometry": { "type": "Polygon", "coordinates": [ [ [ -73.375905046999947, -37.776760574999969 ], [ -73.376362013999938, -37.777636384999937 ], [ -73.378199547999941, -37.777093874999935 ], [ -73.379431457999942, -37.779373526999962 ], [ -73.378919480999969, -37.780303060999984 ], [ -73.378978754999935, -37.780706124999938 ], [ -73.379538699999955, -37.781044032999944 ], [ -73.379638884999963, -37.781652193999946 ], [ -73.380798454999933, -37.782563559999971 ], [ -73.382036398999958, -37.783181725999953 ], [ -73.382731393999961, -37.784158346999959 ], [ -73.382798296999965, -37.785243961999981 ], [ -73.383486654999956, -37.786148609999941 ], [ -73.383386922999989, -37.786758197999973 ], [ -73.383610987999987, -37.787055316999954 ], [ -73.38388963999995, -37.788248383999985 ], [ -73.383716678999974, -37.78881776299994 ], [ -73.383951903999957, -37.790114782999979 ], [ -73.384328821999986, -37.790577354999982 ], [ -73.384326026999986, -37.791083724999964 ], [ -73.384919955999976, -37.792263143999946 ], [ -73.384861862999969, -37.793229423999946 ], [ -73.38521087099997, -37.794037389999971 ], [ -73.38527540299998, -37.79489628999994 ], [ -73.386440092999976, -37.79521370599997 ], [ -73.387163820999945, -37.794589715999962 ], [ -73.387085755999976, -37.793878979999931 ], [ -73.386722677999956, -37.793068066999979 ], [ -73.386060794999935, -37.79229539499994 ], [ -73.388920882999969, -37.791297418999932 ], [ -73.388839249999933, -37.790980305999938 ], [ -73.389099945999988, -37.791462340999942 ], [ -73.393643978999989, -37.790517383999941 ], [ -73.394217774999959, -37.790009848999944 ], [ -73.396667905999948, -37.789860014999931 ], [ -73.39890894399997, -37.78942186699993 ], [ -73.397554458999934, -37.788842564999982 ], [ -73.397032938999985, -37.789119348999975 ], [ -73.395947416999945, -37.78912610499998 ], [ -73.395408456999974, -37.788953671999934 ], [ -73.394507939999983, -37.78906159099995 ], [ -73.392175366999936, -37.788612278999949 ], [ -73.389270798999974, -37.786588635999976 ], [ -73.388812147999943, -37.785805814999947 ], [ -73.388921529999948, -37.785149401999945 ], [ -73.388740929999983, -37.78470472999993 ], [ -73.388918239999953, -37.784049245999938 ], [ -73.388836521999963, -37.782699038999965 ], [ -73.388710043999936, -37.782419346999973 ], [ -73.388106458999971, -37.78223251999998 ], [ -73.388200635999965, -37.78212452799994 ], [ -73.387208168999962, -37.779038145999948 ], [ -73.385601018999978, -37.779625640999939 ], [ -73.385263687999952, -37.778623459999949 ], [ -73.383720425999968, -37.779045819999965 ], [ -73.383096781999939, -37.777268825999954 ], [ -73.381880752999962, -37.775151468999979 ], [ -73.375905046999947, -37.776760574999969 ] ] ] } },
{ "type": "Feature", "properties": { "CUT": 8203, "COMUNA": "CAÑETE", "AREA_C": "URBANO", "DISTRITO": "CAÑETE", "LOCALIDAD": "CAÑETE", "n_per": 2411.0, "n_hombres": 1101.0, "n_mujeres": 1310.0, "n_edad_60_mas": 663.0, "n_asistencia_basica": 244.0, "n_asistencia_media": 107.0, "n_asistencia_superior": 73.0, "n_transporte_auto": 260.0, "n_transporte_publico": 157.0, "n_transporte_camina": 241.0, "n_transporte_bicicleta": 17.0 }, "geometry": { "type": "Polygon", "coordinates": [ [ [ -73.39890894399997, -37.78942186699993 ], [ -73.396918718999984, -37.789826216999984 ], [ -73.394217774999959, -37.790009848999944 ], [ -73.393643978999989, -37.790517383999941 ], [ -73.389099945999988, -37.791462340999942 ], [ -73.388839249999933, -37.790980305999938 ], [ -73.388920882999969, -37.791297418999932 ], [ -73.386060794999935, -37.79229539499994 ], [ -73.386722677999956, -37.793068066999979 ], [ -73.387085755999976, -37.793878979999931 ], [ -73.387163820999945, -37.794589715999962 ], [ -73.387959950999971, -37.794576562999964 ], [ -73.389563739999971, -37.795809384999984 ], [ -73.391660481999963, -37.79527603899993 ], [ -73.39393443199998, -37.797423065999965 ], [ -73.39285242699998, -37.797636280999939 ], [ -73.394046630999981, -37.800908406999952 ], [ -73.395143126999983, -37.800695420999944 ], [ -73.39546308599995, -37.801535894999972 ], [ -73.398611978999952, -37.800916254999947 ], [ -73.39565208099998, -37.792732849999936 ], [ -73.396077499999933, -37.791722342999947 ], [ -73.398178220999966, -37.79114883799997 ], [ -73.399193045999937, -37.791087710999932 ], [ -73.399248979999982, -37.790591202999963 ], [ -73.399072492999949, -37.789789073999941 ], [ -73.39890894399997, -37.78942186699993 ] ] ] } },
{ "type": "Feature", "properties": { "CUT": 8203, "COMUNA": "CAÑETE", "AREA_C": "URBANO", "DISTRITO": "CAÑETE", "LOCALIDAD": "CAÑETE", "n_per": 2695.0, "n_hombres": 1236.0, "n_mujeres": 1459.0, "n_edad_60_mas": 648.0, "n_asistencia_basica": 300.0, "n_asistencia_media": 131.0, "n_asistencia_superior": 74.0, "n_transporte_auto": 304.0, "n_transporte_publico": 263.0, "n_transporte_camina": 247.0, "n_transporte_bicicleta": 5.0 }, "geometry": { "type": "Polygon", "coordinates": [ [ [ -73.39565208099998, -37.792732849999936 ], [ -73.400721981999936, -37.806751533999943 ], [ -73.405664792999971, -37.805680677999931 ], [ -73.406319866999979, -37.805414022999969 ], [ -73.407149372999982, -37.806190652999931 ], [ -73.408258770999964, -37.808132433999958 ], [ -73.408614917999955, -37.80811608199997 ], [ -73.408402494999962, -37.81013061799996 ], [ -73.409436684999946, -37.809460353999953 ], [ -73.411676903999989, -37.808842278999975 ], [ -73.412152205999973, -37.808469050999975 ], [ -73.412002993999977, -37.80812177699994 ], [ -73.410719073999985, -37.807268654999973 ], [ -73.410714700999961, -37.806861779999963 ], [ -73.410337492999986, -37.806573048999951 ], [ -73.410033127999952, -37.806012991999978 ], [ -73.410081441999978, -37.805797258999974 ], [ -73.410511217999954, -37.805533680999929 ], [ -73.409927879999941, -37.804445498999939 ], [ -73.409800386999962, -37.803632757999935 ], [ -73.40996352999997, -37.802950203999956 ], [ -73.408483369999942, -37.80234201899998 ], [ -73.405749914999944, -37.801927903999967 ], [ -73.404722483999933, -37.801220342999954 ], [ -73.404285563999963, -37.79991178299997 ], [ -73.404871841999977, -37.798845904999951 ], [ -73.404367038999965, -37.79813889899998 ], [ -73.404251446999979, -37.797018992999938 ], [ -73.404072030999941, -37.796624975999976 ], [ -73.403418317999979, -37.796048773999985 ], [ -73.402005584999984, -37.795224019999978 ], [ -73.401500970999962, -37.794331256999953 ], [ -73.400876341999947, -37.794212095999967 ], [ -73.400167644999954, -37.793823112999974 ], [ -73.399509139999964, -37.79320411599997 ], [ -73.398949756999968, -37.791884135999965 ], [ -73.398829817999967, -37.791155773999947 ], [ -73.398502554999936, -37.791087673999982 ], [ -73.396077499999933, -37.791722342999947 ], [ -73.39565208099998, -37.792732849999936 ] ] ] } },
{ "type": "Feature", "properties": { "CUT": 8203, "COMUNA": "CAÑETE", "AREA_C": "URBANO", "DISTRITO": "CAÑETE", "LOCALIDAD": "CAÑETE", "n_per": 1594.0, "n_hombres": 735.0, "n_mujeres": 859.0, "n_edad_60_mas": 393.0, "n_asistencia_basica": 157.0, "n_asistencia_media": 79.0, "n_asistencia_superior": 47.0, "n_transporte_auto": 197.0, "n_transporte_publico": 112.0, "n_transporte_camina": 157.0, "n_transporte_bicicleta": 20.0 }, "geometry": { "type": "Polygon", "coordinates": [ [ [ -73.387858620999964, -37.794579888999976 ], [ -73.387163820999945, -37.794589715999962 ], [ -73.386440092999976, -37.79521370599997 ], [ -73.38527540299998, -37.79489628999994 ], [ -73.385876661999987, -37.796204650999982 ], [ -73.388798648999966, -37.797868879999953 ], [ -73.38952467699994, -37.79955173899998 ], [ -73.389785543999949, -37.800802976999933 ], [ -73.389705302999971, -37.801453815999935 ], [ -73.390068233999955, -37.802136941999947 ], [ -73.390147191999972, -37.802632592999942 ], [ -73.387634746999936, -37.803736749999985 ], [ -73.388543417999983, -37.805205396999952 ], [ -73.389009280999971, -37.805186613999979 ], [ -73.389505472999986, -37.805672164999976 ], [ -73.389957993999985, -37.80578449199993 ], [ -73.391184833999944, -37.805597076999959 ], [ -73.391898799999979, -37.805706219999934 ], [ -73.391663453999968, -37.804216336999957 ], [ -73.390446924999935, -37.801371340999935 ], [ -73.393906349999952, -37.80049159999993 ], [ -73.39285242699998, -37.797636280999939 ], [ -73.39393443199998, -37.797423065999965 ], [ -73.391660481999963, -37.79527603899993 ], [ -73.389563739999971, -37.795809384999984 ], [ -73.389547126999958, -37.795671185999936 ], [ -73.389117340999974, -37.795558401999983 ], [ -73.387858620999964, -37.794579888999976 ] ] ] } },
{ "type": "Feature", "properties": { "CUT": 8203, "COMUNA": "CAÑETE", "AREA_C": "URBANO", "DISTRITO": "LLENQUEHUE", "LOCALIDAD": "CAÑETE", "n_per": 1793.0, "n_hombres": 805.0, "n_mujeres": 988.0, "n_edad_60_mas": 190.0, "n_asistencia_basica": 273.0, "n_asistencia_media": 157.0, "n_asistencia_superior": 70.0, "n_transporte_auto": 117.0, "n_transporte_publico": 166.0, "n_transporte_camina": 40.0, "n_transporte_bicicleta": 2.0 }, "geometry": { "type": "Polygon", "coordinates": [ [ [ -73.404154473999938, -37.796759565999935 ], [ -73.404367038999965, -37.79813889899998 ], [ -73.404871841999977, -37.798845904999951 ], [ -73.404333171999951, -37.799740201999953 ], [ -73.404337938999959, -37.800240360999965 ], [ -73.404722483999933, -37.801220342999954 ], [ -73.40572218899996, -37.801917859999946 ], [ -73.408130734999986, -37.80228541799994 ], [ -73.408561311999961, -37.800742838999952 ], [ -73.411295179999968, -37.801153234999958 ], [ -73.411458724999989, -37.800482466999938 ], [ -73.410273349999954, -37.79908867499995 ], [ -73.405742925999959, -37.798410415999967 ], [ -73.406582025999967, -37.797419328999979 ], [ -73.407268736999981, -37.796876841999961 ], [ -73.406542806999937, -37.796781472999953 ], [ -73.40585682699998, -37.797465963999969 ], [ -73.40476096499998, -37.796936617999961 ], [ -73.405046120999941, -37.796584826999947 ], [ -73.403792116999966, -37.79642006499995 ], [ -73.404154473999938, -37.796759565999935 ] ] ] } },
{ "type": "Feature", "properties": { "CUT": 8203, "COMUNA": "CAÑETE", "AREA_C": "URBANO", "DISTRITO": "CAÑETE", "LOCALIDAD": "CAÑETE", "n_per": 3388.0, "n_hombres": 1589.0, "n_mujeres": 1799.0, "n_edad_60_mas": 889.0, "n_asistencia_basica": 323.0, "n_asistencia_media": 170.0, "n_asistencia_superior": 90.0, "n_transporte_auto": 409.0, "n_transporte_publico": 244.0, "n_transporte_camina": 391.0, "n_transporte_bicicleta": 13.0 }, "geometry": { "type": "Polygon", "coordinates": [ [ [ -73.393906349999952, -37.80049159999993 ], [ -73.390446924999935, -37.801371340999935 ], [ -73.391663453999968, -37.804216336999957 ], [ -73.391898799999979, -37.805706219999934 ], [ -73.392132665999952, -37.805767666999941 ], [ -73.392766663999964, -37.80709524699995 ], [ -73.393548318999933, -37.808076332999974 ], [ -73.393436773999952, -37.808917490999931 ], [ -73.392229916999952, -37.809140033999938 ], [ -73.392117273999986, -37.809385082999938 ], [ -73.392355376999944, -37.811791968999955 ], [ -73.392459716999952, -37.811934010999948 ], [ -73.392765304999955, -37.811901526999975 ], [ -73.392984575999947, -37.812498147999975 ], [ -73.393268752999973, -37.812521189999984 ], [ -73.393783729999939, -37.813209448999942 ], [ -73.394896886999959, -37.813143682999964 ], [ -73.398008996999977, -37.811784801999977 ], [ -73.398484873999962, -37.810966475999976 ], [ -73.399451829999975, -37.810477171999935 ], [ -73.400688766999963, -37.809170885999947 ], [ -73.401860184999975, -37.808760314999972 ], [ -73.40189603999994, -37.808062932999974 ], [ -73.40239317399994, -37.807654124999942 ], [ -73.403374278999934, -37.807964585999969 ], [ -73.40393497499997, -37.808493432999967 ], [ -73.404544992999945, -37.809423138999932 ], [ -73.405748565999943, -37.809909779999941 ], [ -73.406566432999966, -37.810993191999955 ], [ -73.408402494999962, -37.81013061799996 ], [ -73.408614917999955, -37.80811608199997 ], [ -73.408258770999964, -37.808132433999958 ], [ -73.407149372999982, -37.806190652999931 ], [ -73.406319866999979, -37.805414022999969 ], [ -73.405664792999971, -37.805680677999931 ], [ -73.400721981999936, -37.806751533999943 ], [ -73.398611978999952, -37.800916254999947 ], [ -73.39546308599995, -37.801535894999972 ], [ -73.395143126999983, -37.800695420999944 ], [ -73.394046630999981, -37.800908406999952 ], [ -73.393906349999952, -37.80049159999993 ] ] ] } },
{ "type": "Feature", "properties": { "CUT": 8207, "COMUNA": "TIRÚA", "AREA_C": "URBANO", "DISTRITO": "TIRÚA", "LOCALIDAD": "TIRÚA", "n_per": 2404.0, "n_hombres": 1123.0, "n_mujeres": 1281.0, "n_edad_60_mas": 372.0, "n_asistencia_basica": 263.0, "n_asistencia_media": 141.0, "n_asistencia_superior": 89.0, "n_transporte_auto": 207.0, "n_transporte_publico": 72.0, "n_transporte_camina": 435.0, "n_transporte_bicicleta": 2.0 }, "geometry": { "type": "Polygon", "coordinates": [ [ [ -73.491711154999962, -38.333012676999942 ], [ -73.486409815999934, -38.334849515999963 ], [ -73.485794629999987, -38.33410835199993 ], [ -73.482808820999935, -38.335200536999935 ], [ -73.483034869999983, -38.336265345999948 ], [ -73.48268984799995, -38.336711494999975 ], [ -73.482677950999971, -38.337288513999965 ], [ -73.482844512999975, -38.33755025499994 ], [ -73.483481018999953, -38.337913121999975 ], [ -73.484112337999989, -38.339643982999974 ], [ -73.483843392999972, -38.340376129999981 ], [ -73.483466721999946, -38.340285979999976 ], [ -73.482883193999953, -38.341159663999974 ], [ -73.48332196299998, -38.342241820999959 ], [ -73.484491030999948, -38.342045377999966 ], [ -73.485506633999989, -38.342216582999981 ], [ -73.486564714999986, -38.342648532999931 ], [ -73.487193565999974, -38.343137964999983 ], [ -73.487324857999965, -38.343770775999985 ], [ -73.492410936999988, -38.345888258999935 ], [ -73.493491588999973, -38.346097749999956 ], [ -73.494550583999967, -38.346090763999939 ], [ -73.496748813999943, -38.345357156999967 ], [ -73.497013590999984, -38.345195835999959 ], [ -73.498205520999988, -38.343138468999939 ], [ -73.49893280799995, -38.342906549999952 ], [ -73.498768301999974, -38.342558900999961 ], [ -73.497451683999941, -38.341206303999968 ], [ -73.496573386999955, -38.340581807999968 ], [ -73.491711154999962, -38.333012676999942 ] ] ] } },
{ "type": "Feature", "properties": { "CUT": 8203, "COMUNA": "CAÑETE", "AREA_C": "URBANO", "DISTRITO": "EL REPOSO", "LOCALIDAD": "CAÑETE", "n_per": 117.0, "n_hombres": 61.0, "n_mujeres": 56.0, "n_edad_60_mas": 24.0, "n_asistencia_basica": 8.0, "n_asistencia_media": 3.0, "n_asistencia_superior": 3.0, "n_transporte_auto": 29.0, "n_transporte_publico": 7.0, "n_transporte_camina": 5.0, "n_transporte_bicicleta": 1.0 }, "geometry": { "type": "Polygon", "coordinates": [ [ [ -73.391624922999938, -37.808889634999957 ], [ -73.391680557999962, -37.809797620999973 ], [ -73.392179338999938, -37.813061354999945 ], [ -73.392984575999947, -37.812498147999975 ], [ -73.392765304999955, -37.811901526999975 ], [ -73.392459716999952, -37.811934010999948 ], [ -73.392291592999982, -37.81159327599994 ], [ -73.392119480999952, -37.809285820999946 ], [ -73.392720168999972, -37.808998552999981 ], [ -73.393363341999986, -37.808969986999955 ], [ -73.393595005999941, -37.80825355199994 ], [ -73.392766663999964, -37.80709524699995 ], [ -73.39207115499994, -37.805721767999955 ], [ -73.391898799999979, -37.805706219999934 ], [ -73.391624922999938, -37.808889634999957 ] ] ] } },
{ "type": "Feature", "properties": { "CUT": 8203, "COMUNA": "CAÑETE", "AREA_C": "URBANO", "DISTRITO": "LOURDES", "LOCALIDAD": "CAÑETE", "n_per": 1113.0, "n_hombres": 517.0, "n_mujeres": 596.0, "n_edad_60_mas": 154.0, "n_asistencia_basica": 163.0, "n_asistencia_media": 81.0, "n_asistencia_superior": 34.0, "n_transporte_auto": 108.0, "n_transporte_publico": 115.0, "n_transporte_camina": 23.0, "n_transporte_bicicleta": 5.0 }, "geometry": { "type": "Polygon", "coordinates": [ [ [ -73.375065259999985, -37.776989230999959 ], [ -73.381860383999935, -37.775070773999971 ], [ -73.378215215999944, -37.768610530999979 ], [ -73.377410600999951, -37.768833239999935 ], [ -73.378025783999988, -37.769529104999947 ], [ -73.376854324999954, -37.770255922999979 ], [ -73.377778915999954, -37.770886206999933 ], [ -73.378494397999987, -37.771110977999967 ], [ -73.378391256999976, -37.771315350999942 ], [ -73.378909231999955, -37.771481809999955 ], [ -73.376701533999949, -37.773647765999954 ], [ -73.37434892899995, -37.772889334999945 ], [ -73.372957800999984, -37.77411336199998 ], [ -73.373806594999962, -37.774369892999971 ], [ -73.373329083999977, -37.774928942999964 ], [ -73.373912797999935, -37.77508047699996 ], [ -73.374714583999946, -37.776347592999969 ], [ -73.374698248999948, -37.776704639999934 ], [ -73.375065259999985, -37.776989230999959 ] ] ] } },
{ "type": "Feature", "properties": { "CUT": 8204, "COMUNA": "CONTULMO", "AREA_C": "URBANO", "DISTRITO": "CONTULMO", "LOCALIDAD": "CONTULMO", "n_per": 2365.0, "n_hombres": 1086.0, "n_mujeres": 1279.0, "n_edad_60_mas": 543.0, "n_asistencia_basica": 235.0, "n_asistencia_media": 131.0, "n_asistencia_superior": 95.0, "n_transporte_auto": 190.0, "n_transporte_publico": 60.0, "n_transporte_camina": 255.0, "n_transporte_bicicleta": 34.0 }, "geometry": { "type": "Polygon", "coordinates": [ [ [ -73.228949922999959, -38.011508608999975 ], [ -73.227333696999949, -38.011545642999977 ], [ -73.227361233999943, -38.012545685999953 ], [ -73.225658393999936, -38.01438599599993 ], [ -73.225872243999959, -38.015979061999928 ], [ -73.226235084999985, -38.016335745999982 ], [ -73.226313954999966, -38.018132495999964 ], [ -73.227582533999964, -38.018108099999949 ], [ -73.228079426999955, -38.018323954999971 ], [ -73.228550970999947, -38.019199460999971 ], [ -73.228548605999947, -38.019967055999984 ], [ -73.230483977999938, -38.019855399999983 ], [ -73.230854120999936, -38.020216623999943 ], [ -73.231050840999956, -38.023998861999985 ], [ -73.230243242999961, -38.025554555999975 ], [ -73.229968282999948, -38.025601193999933 ], [ -73.229115299999933, -38.026821754999958 ], [ -73.234855782999944, -38.029101855999954 ], [ -73.23666561999994, -38.026007307999976 ], [ -73.236020721999978, -38.025678307999954 ], [ -73.234715459999961, -38.025586346999944 ], [ -73.234614566999937, -38.025452327999972 ], [ -73.234725597999955, -38.024955556999942 ], [ -73.233111141999984, -38.024006905999954 ], [ -73.23295673399997, -38.023405208999975 ], [ -73.233321666999984, -38.023216862999959 ], [ -73.233227362999969, -38.023075745999961 ], [ -73.233344572999954, -38.022766530999945 ], [ -73.232978967999941, -38.022233976999985 ], [ -73.232819271999972, -38.021411837999949 ], [ -73.232824524999955, -38.021087762999969 ], [ -73.23330834799998, -38.02057707199998 ], [ -73.233104450999974, -38.019953070999975 ], [ -73.236178748999976, -38.019475426999975 ], [ -73.235105705999956, -38.01674144499998 ], [ -73.234168636999982, -38.016950786999985 ], [ -73.233954364999988, -38.016064508999932 ], [ -73.233928011999978, -38.01493166299997 ], [ -73.234187682999959, -38.014996116999953 ], [ -73.234573277999971, -38.013743931999954 ], [ -73.233951283999943, -38.013488841999958 ], [ -73.231432103999964, -38.013505291999934 ], [ -73.231146131999935, -38.012679929999933 ], [ -73.230831298999988, -38.012378024999975 ], [ -73.230801939999935, -38.011944956999969 ], [ -73.230960374999938, -38.011866218999955 ], [ -73.231017003999966, -38.011373485999968 ], [ -73.228919897999958, -38.011053647999972 ], [ -73.228949922999959, -38.011508608999975 ] ] ] } },
{ "type": "Feature", "properties": { "CUT": 8201, "COMUNA": "LEBU", "AREA_C": "URBANO", "DISTRITO": "MILLONHUE", "LOCALIDAD": "LEBU", "n_per": 2489.0, "n_hombres": 1188.0, "n_mujeres": 1301.0, "n_edad_60_mas": 426.0, "n_asistencia_basica": 323.0, "n_asistencia_media": 117.0, "n_asistencia_superior": 73.0, "n_transporte_auto": 247.0, "n_transporte_publico": 172.0, "n_transporte_camina": 280.0, "n_transporte_bicicleta": 33.0 }, "geometry": { "type": "Polygon", "coordinates": [ [ [ -73.646561094999981, -37.59475290499995 ], [ -73.640855239999951, -37.598207961999947 ], [ -73.639731860999973, -37.596556863999979 ], [ -73.637625620999984, -37.597783702999948 ], [ -73.640586093999957, -37.60071051999995 ], [ -73.641223771999989, -37.601616735999983 ], [ -73.641481085999942, -37.602258992999964 ], [ -73.640848797999979, -37.602377042999933 ], [ -73.641455032999943, -37.603847462999966 ], [ -73.640488900999969, -37.603908116999946 ], [ -73.640207292999946, -37.60411174099994 ], [ -73.639511159999984, -37.60412490799996 ], [ -73.638685777999967, -37.604458511999951 ], [ -73.636831499999971, -37.604314166999984 ], [ -73.636876173999951, -37.604523259999951 ], [ -73.637427189999983, -37.60475940799995 ], [ -73.637523944999941, -37.604947541999934 ], [ -73.638110515999983, -37.60475527899996 ], [ -73.639250412999957, -37.605359522999947 ], [ -73.639671403999955, -37.60534635199997 ], [ -73.640197409999985, -37.605652104999933 ], [ -73.640483159999974, -37.606854092999981 ], [ -73.641141244999972, -37.60695405599995 ], [ -73.641414954999959, -37.607243364999931 ], [ -73.641568719999952, -37.608385260999967 ], [ -73.641880851999986, -37.608956663999948 ], [ -73.642899695999972, -37.609428967999975 ], [ -73.644954614999961, -37.607277367999984 ], [ -73.645776525999963, -37.606712813999934 ], [ -73.64838518199997, -37.605317863999971 ], [ -73.650969239999938, -37.604590173999952 ], [ -73.653128796999965, -37.603641331999938 ], [ -73.659607140999981, -37.599470511999982 ], [ -73.662039552999943, -37.598323625999967 ], [ -73.662692487999948, -37.597488003999956 ], [ -73.662912487999961, -37.596490480999933 ], [ -73.662871142999961, -37.596060858999977 ], [ -73.661319524999954, -37.596006446999979 ], [ -73.660816784999952, -37.596267811999951 ], [ -73.660530010999935, -37.596863306999978 ], [ -73.65933978399994, -37.597271929999977 ], [ -73.658359168999937, -37.597312475999956 ], [ -73.657482479999942, -37.597143125999935 ], [ -73.654985883999984, -37.596173662999945 ], [ -73.65482597099998, -37.598023729999966 ], [ -73.65253159699995, -37.597867122999958 ], [ -73.649630978999937, -37.59803842499997 ], [ -73.646561094999981, -37.59475290499995 ] ] ] } },
{ "type": "Feature", "properties": { "CUT": 8201, "COMUNA": "LEBU", "AREA_C": "URBANO", "DISTRITO": "LEBU PONIENTE", "LOCALIDAD": "LEBU", "n_per": 3319.0, "n_hombres": 1585.0, "n_mujeres": 1734.0, "n_edad_60_mas": 932.0, "n_asistencia_basica": 300.0, "n_asistencia_media": 118.0, "n_asistencia_superior": 133.0, "n_transporte_auto": 242.0, "n_transporte_publico": 108.0, "n_transporte_camina": 519.0, "n_transporte_bicicleta": 24.0 }, "geometry": { "type": "Polygon", "coordinates": [ [ [ -73.659607140999981, -37.599470511999982 ], [ -73.652172812999936, -37.60411126899993 ], [ -73.647892483999954, -37.605536072999939 ], [ -73.650202269999966, -37.608248594999964 ], [ -73.651315657999987, -37.606320565999965 ], [ -73.651716634999957, -37.60593012399994 ], [ -73.653594034999969, -37.609457207999981 ], [ -73.658305880999933, -37.60787066599994 ], [ -73.658751447999975, -37.608715074999964 ], [ -73.659348329999943, -37.607255528999929 ], [ -73.65905954699997, -37.606653151999978 ], [ -73.661443937999934, -37.60584248899994 ], [ -73.663095263999935, -37.601812547999941 ], [ -73.663782625999943, -37.600572629999931 ], [ -73.663985743999945, -37.599766066999962 ], [ -73.662858514999982, -37.599344455999983 ], [ -73.662778024999966, -37.598133018999931 ], [ -73.662406224999984, -37.597976772999971 ], [ -73.661055990999955, -37.598854762999963 ], [ -73.659607140999981, -37.599470511999982 ] ] ] } },
{ "type": "Feature", "properties": { "CUT": 8201, "COMUNA": "LEBU", "AREA_C": "URBANO", "DISTRITO": "LEBU PONIENTE", "LOCALIDAD": "LEBU", "n_per": 3897.0, "n_hombres": 1927.0, "n_mujeres": 1970.0, "n_edad_60_mas": 765.0, "n_asistencia_basica": 410.0, "n_asistencia_media": 207.0, "n_asistencia_superior": 141.0, "n_transporte_auto": 307.0, "n_transporte_publico": 190.0, "n_transporte_camina": 467.0, "n_transporte_bicicleta": 17.0 }, "geometry": { "type": "Polygon", "coordinates": [ [ [ -73.65905954699997, -37.606653151999978 ], [ -73.659348329999943, -37.607255528999929 ], [ -73.658751447999975, -37.608715074999964 ], [ -73.658305880999933, -37.60787066599994 ], [ -73.653594034999969, -37.609457207999981 ], [ -73.655094965999979, -37.612263973999973 ], [ -73.655424659999937, -37.613303314999939 ], [ -73.656109665999963, -37.614604479999969 ], [ -73.654843038999957, -37.614786222999953 ], [ -73.653116895999972, -37.614634946999956 ], [ -73.652454889999944, -37.61445096999995 ], [ -73.65203871999995, -37.614020275999962 ], [ -73.651432946999989, -37.614627410999958 ], [ -73.652068434999933, -37.61552968999996 ], [ -73.650617350999937, -37.614858502999937 ], [ -73.650468746999934, -37.616536706999966 ], [ -73.650619742999936, -37.616666100999964 ], [ -73.65259969799996, -37.616693247999933 ], [ -73.653534210999965, -37.61799448499994 ], [ -73.653723698999954, -37.618056921999937 ], [ -73.654260919999956, -37.617805640999961 ], [ -73.654299911999942, -37.617389726999932 ], [ -73.656399744999987, -37.617278393999982 ], [ -73.656394641999952, -37.618842174999941 ], [ -73.657165814999985, -37.619669668999961 ], [ -73.657525765999935, -37.619711590999941 ], [ -73.658414395999955, -37.620485143999929 ], [ -73.659823458999938, -37.620643051999934 ], [ -73.660608750999984, -37.620489033999945 ], [ -73.661120488999984, -37.619763872999954 ], [ -73.662149967999937, -37.619111203999978 ], [ -73.661984342999972, -37.619089437999946 ], [ -73.661150832999965, -37.617413841999962 ], [ -73.660171207999952, -37.617422508999937 ], [ -73.660010067999963, -37.617276396999955 ], [ -73.659729471999981, -37.616394326999966 ], [ -73.659391179999943, -37.616012876999946 ], [ -73.659465534999981, -37.615162045999966 ], [ -73.659106359999953, -37.61433971699995 ], [ -73.660937002999958, -37.613864995999961 ], [ -73.661044312999934, -37.613940370999956 ], [ -73.660935758999983, -37.614294271999938 ], [ -73.661243143999968, -37.614770990999943 ], [ -73.661625833999949, -37.614703144999964 ], [ -73.662005135999948, -37.614298088999931 ], [ -73.662429717999942, -37.614496746999976 ], [ -73.66320955599997, -37.613630260999969 ], [ -73.66286951799998, -37.613393567999935 ], [ -73.66296260699994, -37.612997725999946 ], [ -73.663908907999939, -37.612872813999957 ], [ -73.664059569999949, -37.611821683999949 ], [ -73.662345617999961, -37.611573170999975 ], [ -73.661274383999967, -37.611050224999929 ], [ -73.663753008999947, -37.610193734999939 ], [ -73.664305660999958, -37.610133988999962 ], [ -73.664262335999979, -37.60950145399994 ], [ -73.665848295999979, -37.609418055999981 ], [ -73.665880310999967, -37.609635477999973 ], [ -73.666406889999962, -37.609631426999954 ], [ -73.666412761999936, -37.60942803699993 ], [ -73.666587603999972, -37.609431127999983 ], [ -73.66654469499997, -37.60893720599995 ], [ -73.665972851999982, -37.608941963999939 ], [ -73.665937984999971, -37.608195083999931 ], [ -73.667069943999934, -37.608737263999956 ], [ -73.667732612999941, -37.608063086999948 ], [ -73.666576774999953, -37.60667531699994 ], [ -73.666238208999971, -37.606543011999975 ], [ -73.664115608999964, -37.60683662799994 ], [ -73.662771979999945, -37.606551068999977 ], [ -73.661573387999965, -37.607085945999984 ], [ -73.661192528999948, -37.606239916999982 ], [ -73.661417705999952, -37.605883956999946 ], [ -73.65905954699997, -37.606653151999978 ] ] ] } },
{ "type": "Feature", "properties": { "CUT": 8201, "COMUNA": "LEBU", "AREA_C": "URBANO", "DISTRITO": "LEBU ORIENTE", "LOCALIDAD": "LEBU", "n_per": 3175.0, "n_hombres": 1546.0, "n_mujeres": 1629.0, "n_edad_60_mas": 636.0, "n_asistencia_basica": 329.0, "n_asistencia_media": 159.0, "n_asistencia_superior": 115.0, "n_transporte_auto": 239.0, "n_transporte_publico": 148.0, "n_transporte_camina": 306.0, "n_transporte_bicicleta": 48.0 }, "geometry": { "type": "Polygon", "coordinates": [ [ [ -73.647857337999937, -37.605583100999979 ], [ -73.644954614999961, -37.607277367999984 ], [ -73.642265762999955, -37.61025477499993 ], [ -73.640063460999954, -37.614379413999984 ], [ -73.639155618999951, -37.617270454999982 ], [ -73.638925494999967, -37.618831786999976 ], [ -73.64372035699995, -37.620919476999973 ], [ -73.644774198999983, -37.619449224999983 ], [ -73.645101845999989, -37.618599660999962 ], [ -73.645455156999958, -37.615894087999948 ], [ -73.645726045999936, -37.615181734999965 ], [ -73.645956113999944, -37.61483967099997 ], [ -73.646187294999947, -37.614810359999979 ], [ -73.647314146999975, -37.613810753999985 ], [ -73.650127266999959, -37.609461323999938 ], [ -73.650004186999979, -37.608569544999966 ], [ -73.650052503999973, -37.608300699999972 ], [ -73.650202269999966, -37.608248594999964 ], [ -73.647857337999937, -37.605583100999979 ] ] ] } },
{ "type": "Feature", "properties": { "CUT": 8201, "COMUNA": "LEBU", "AREA_C": "URBANO", "DISTRITO": "LEBU ORIENTE", "LOCALIDAD": "LEBU", "n_per": 2279.0, "n_hombres": 1083.0, "n_mujeres": 1196.0, "n_edad_60_mas": 652.0, "n_asistencia_basica": 185.0, "n_asistencia_media": 88.0, "n_asistencia_superior": 66.0, "n_transporte_auto": 157.0, "n_transporte_publico": 91.0, "n_transporte_camina": 282.0, "n_transporte_bicicleta": 10.0 }, "geometry": { "type": "Polygon", "coordinates": [ [ [ -73.647707976999982, -37.613281939999979 ], [ -73.646187294999947, -37.614810359999979 ], [ -73.645956113999944, -37.61483967099997 ], [ -73.645726045999936, -37.615181734999965 ], [ -73.645455156999958, -37.615894087999948 ], [ -73.645339927999942, -37.617025931999933 ], [ -73.645665878999978, -37.61705027499994 ], [ -73.646132196999986, -37.616719283999942 ], [ -73.646164260999967, -37.616466346999971 ], [ -73.64641163899995, -37.616516742999977 ], [ -73.646732238999959, -37.616342361999955 ], [ -73.646686747999979, -37.616610972999979 ], [ -73.647038683999938, -37.616546469999946 ], [ -73.647664793999979, -37.616888248999942 ], [ -73.648717078999937, -37.617753195999967 ], [ -73.648293850999949, -37.61804164299997 ], [ -73.648126393999974, -37.618624752999949 ], [ -73.648597430999985, -37.618944167999985 ], [ -73.649536403999946, -37.619240757999933 ], [ -73.650104533999979, -37.61842857399995 ], [ -73.650554525999951, -37.618140320999942 ], [ -73.651247714999954, -37.618586560999972 ], [ -73.651975562999951, -37.618768522999972 ], [ -73.652213846999985, -37.618205306999982 ], [ -73.653450226999951, -37.617852055999947 ], [ -73.652975180999988, -37.617066296999951 ], [ -73.652535451999938, -37.616664496999931 ], [ -73.65051392099997, -37.616625975999966 ], [ -73.650617350999937, -37.614858502999937 ], [ -73.651403725999955, -37.615147526999976 ], [ -73.652015619999986, -37.615572456999985 ], [ -73.652062815999955, -37.61542908399997 ], [ -73.651432946999989, -37.614627410999958 ], [ -73.65203871999995, -37.614020275999962 ], [ -73.652454889999944, -37.61445096999995 ], [ -73.653116895999972, -37.614634946999956 ], [ -73.654843038999957, -37.614786222999953 ], [ -73.656109665999963, -37.614604479999969 ], [ -73.655424659999937, -37.613303314999939 ], [ -73.655094965999979, -37.612263973999973 ], [ -73.651716634999957, -37.60593012399994 ], [ -73.651315657999987, -37.606320565999965 ], [ -73.650052503999973, -37.608300699999972 ], [ -73.650127266999959, -37.609461323999938 ], [ -73.647707976999982, -37.613281939999979 ] ] ] } },
{ "type": "Feature", "properties": { "CUT": 8201, "COMUNA": "LEBU", "AREA_C": "URBANO", "DISTRITO": "SANTA ROSA", "LOCALIDAD": "SANTA ROSA", "n_per": 1787.0, "n_hombres": 893.0, "n_mujeres": 894.0, "n_edad_60_mas": 342.0, "n_asistencia_basica": 209.0, "n_asistencia_media": 80.0, "n_asistencia_superior": 57.0, "n_transporte_auto": 221.0, "n_transporte_publico": 141.0, "n_transporte_camina": 79.0, "n_transporte_bicicleta": 8.0 }, "geometry": { "type": "Polygon", "coordinates": [ [ [ -73.599874362999969, -37.648680604999981 ], [ -73.621982837999951, -37.648045728999932 ], [ -73.623237476999975, -37.647636722999948 ], [ -73.629120740999952, -37.644701854999937 ], [ -73.630519621999952, -37.644352841999932 ], [ -73.630788420999977, -37.644328676999976 ], [ -73.630357260999972, -37.645304410999984 ], [ -73.63231910899998, -37.645135864999929 ], [ -73.632247795999945, -37.644889807999959 ], [ -73.634967104999987, -37.644682348999936 ], [ -73.635486433999972, -37.644867553999973 ], [ -73.635433883999951, -37.645149381999943 ], [ -73.636557807999964, -37.645226977999982 ], [ -73.637107973999946, -37.645542177999971 ], [ -73.637285949999978, -37.644956835999949 ], [ -73.63798516199995, -37.644321341999955 ], [ -73.639142444999948, -37.642640907999976 ], [ -73.637514868999972, -37.642546347999939 ], [ -73.637022010999942, -37.643010550999975 ], [ -73.636551801999985, -37.642674167999985 ], [ -73.635366964999946, -37.642504236999969 ], [ -73.634691505999967, -37.641126519999943 ], [ -73.635251302999961, -37.640195229999961 ], [ -73.636271758999953, -37.639494927999976 ], [ -73.636046807999946, -37.639079325999944 ], [ -73.636983923999935, -37.638617653999972 ], [ -73.637587363999955, -37.638095158999931 ], [ -73.638353653999957, -37.636352196999951 ], [ -73.63782886599995, -37.636173528999961 ], [ -73.637340063999943, -37.637576732999946 ], [ -73.636894049999967, -37.638107599999955 ], [ -73.634618857999953, -37.639372979999962 ], [ -73.632883351999965, -37.641964608999956 ], [ -73.631377355999973, -37.64229183599997 ], [ -73.630934062999984, -37.641783112999974 ], [ -73.629462297999964, -37.642073639999978 ], [ -73.628142050999941, -37.64178882899995 ], [ -73.626970010999969, -37.642263131999982 ], [ -73.625984641999935, -37.642002176999938 ], [ -73.625867518999939, -37.641269598999941 ], [ -73.623432331999936, -37.641701554999941 ], [ -73.623622868999973, -37.642434907999984 ], [ -73.623942183999986, -37.642559096999946 ], [ -73.623335762999943, -37.642700993999938 ], [ -73.622164335999969, -37.643489101999933 ], [ -73.623355664999963, -37.645022912999934 ], [ -73.622257056999956, -37.645511093999971 ], [ -73.619964048999975, -37.645453041999929 ], [ -73.614333968999972, -37.641756230999931 ], [ -73.612849070999971, -37.64133028599997 ], [ -73.611559378999971, -37.641256598999973 ], [ -73.603429041999959, -37.643198513999948 ], [ -73.591340610999964, -37.647417282999982 ], [ -73.589793028999964, -37.647552299999973 ], [ -73.578709711999977, -37.647154784999941 ], [ -73.57863980999997, -37.648503552999955 ], [ -73.578406255999937, -37.648554231999981 ], [ -73.57868693599994, -37.649533682999959 ], [ -73.581030255999963, -37.649306212999932 ], [ -73.59141273399996, -37.649568382999973 ], [ -73.599874362999969, -37.648680604999981 ] ] ] } },
{ "type": "Feature", "properties": { "CUT": 8201, "COMUNA": "LEBU", "AREA_C": "URBANO", "DISTRITO": "MILLONHUE", "LOCALIDAD": "LEBU", "n_per": 4468.0, "n_hombres": 2121.0, "n_mujeres": 2347.0, "n_edad_60_mas": 496.0, "n_asistencia_basica": 580.0, "n_asistencia_media": 265.0, "n_asistencia_superior": 170.0, "n_transporte_auto": 365.0, "n_transporte_publico": 568.0, "n_transporte_camina": 216.0, "n_transporte_bicicleta": 45.0 }, "geometry": { "type": "Polygon", "coordinates": [ [ [ -73.639462385999934, -37.589288193999948 ], [ -73.637497827999937, -37.590390365999951 ], [ -73.638438873999974, -37.592231532999961 ], [ -73.639759673999947, -37.596622349999961 ], [ -73.640855239999951, -37.598207961999947 ], [ -73.643616302999988, -37.596667510999964 ], [ -73.646561094999981, -37.59475290499995 ], [ -73.641667728999948, -37.589502250999942 ], [ -73.640283590999957, -37.59033631099993 ], [ -73.639462385999934, -37.589288193999948 ] ] ] } },
{ "type": "Feature", "properties": { "CUT": 8201, "COMUNA": "LEBU", "AREA_C": "URBANO", "DISTRITO": "MORGUILLA", "LOCALIDAD": "PEHUÉN", "n_per": 1109.0, "n_hombres": 535.0, "n_mujeres": 574.0, "n_edad_60_mas": 196.0, "n_asistencia_basica": 154.0, "n_asistencia_media": 68.0, "n_asistencia_superior": 28.0, "n_transporte_auto": 76.0, "n_transporte_publico": 91.0, "n_transporte_camina": 49.0, "n_transporte_bicicleta": 6.0 }, "geometry": { "type": "Polygon", "coordinates": [ [ [ -73.539699476999942, -37.668301650999979 ], [ -73.53511462299997, -37.668195216999948 ], [ -73.534186015999978, -37.668318866999982 ], [ -73.529081410999936, -37.67063464499995 ], [ -73.527806642999963, -37.671060357999977 ], [ -73.526710028999958, -37.670861902999945 ], [ -73.523399764999965, -37.668921412999964 ], [ -73.522524812999961, -37.670630058999961 ], [ -73.527117346999944, -37.672160304999977 ], [ -73.528021730999967, -37.672189622999952 ], [ -73.528909455999951, -37.672015880999936 ], [ -73.529345095999986, -37.673436085999981 ], [ -73.53545640599998, -37.671746475999953 ], [ -73.535819384999968, -37.672499133999963 ], [ -73.536347624999962, -37.672484856999972 ], [ -73.536614124999971, -37.672770392999951 ], [ -73.541504185999941, -37.67218410299995 ], [ -73.542103620999967, -37.67097135299997 ], [ -73.543308664999984, -37.67079954999997 ], [ -73.542884577999985, -37.668749056999957 ], [ -73.545039386999974, -37.668390185999954 ], [ -73.545953846999964, -37.66790126199993 ], [ -73.549088668999957, -37.664123005999954 ], [ -73.549965818999965, -37.662443766999957 ], [ -73.549010619999933, -37.662413601999958 ], [ -73.545722806999947, -37.666668183999946 ], [ -73.544829465999953, -37.667382683999961 ], [ -73.544088638999938, -37.667652932999943 ], [ -73.539699476999942, -37.668301650999979 ] ] ] } },
{ "type": "Feature", "properties": { "CUT": 8201, "COMUNA": "LEBU", "AREA_C": "URBANO", "DISTRITO": "PEHUÉN", "LOCALIDAD": "PEHUÉN", "n_per": 111.0, "n_hombres": 53.0, "n_mujeres": 58.0, "n_edad_60_mas": 18.0, "n_asistencia_basica": 12.0, "n_asistencia_media": 8.0, "n_asistencia_superior": 3.0, "n_transporte_auto": 6.0, "n_transporte_publico": 8.0, "n_transporte_camina": 3.0, "n_transporte_bicicleta": 1.0 }, "geometry": { "type": "Polygon", "coordinates": [ [ [ -73.537355658999957, -37.666627792999975 ], [ -73.534337912999945, -37.666607391999946 ], [ -73.533173141999953, -37.666903950999938 ], [ -73.528198930999963, -37.669161770999949 ], [ -73.528446322999969, -37.669711150999944 ], [ -73.527692840999975, -37.669994814999939 ], [ -73.528121922999958, -37.670992191999972 ], [ -73.533580016999963, -37.668541155999947 ], [ -73.534666348999963, -37.668216684999948 ], [ -73.539699476999942, -37.668301650999979 ], [ -73.544088638999938, -37.667652932999943 ], [ -73.545418572999949, -37.66697086299996 ], [ -73.547269814999936, -37.66476804499996 ], [ -73.546807939999951, -37.66398593699995 ], [ -73.544992469999954, -37.664122309999982 ], [ -73.545287796999958, -37.66485615299996 ], [ -73.545055114999968, -37.665097784999944 ], [ -73.545323593999967, -37.665697387999955 ], [ -73.54365007399997, -37.666216447999943 ], [ -73.538924840999982, -37.667120327999953 ], [ -73.538836088999972, -37.667570004999959 ], [ -73.537349762999952, -37.667594640999937 ], [ -73.537355658999957, -37.666627792999975 ] ] ] } },
{ "type": "Feature", "properties": { "CUT": 8205, "COMUNA": "CURANILAHUE", "AREA_C": "URBANO", "DISTRITO": "COLICO SUR", "LOCALIDAD": "CURANILAHUE", "n_per": 4354.0, "n_hombres": 2028.0, "n_mujeres": 2326.0, "n_edad_60_mas": 672.0, "n_asistencia_basica": 592.0, "n_asistencia_media": 291.0, "n_asistencia_superior": 150.0, "n_transporte_auto": 509.0, "n_transporte_publico": 479.0, "n_transporte_camina": 355.0, "n_transporte_bicicleta": 26.0 }, "geometry": { "type": "Polygon", "coordinates": [ [ [ -73.353439048999974, -37.471441763999962 ], [ -73.352313219999985, -37.472052450999968 ], [ -73.347821532999944, -37.472931545999984 ], [ -73.346439720999967, -37.473416923999935 ], [ -73.34332778199996, -37.473660541999948 ], [ -73.343271938999976, -37.474243811999941 ], [ -73.347422929999937, -37.474364560999959 ], [ -73.349014798999974, -37.474556654999958 ], [ -73.349889385999973, -37.474985895999964 ], [ -73.350709867999967, -37.476053357999945 ], [ -73.351110818999985, -37.476338089999956 ], [ -73.351638727999955, -37.476414400999943 ], [ -73.351955664999934, -37.476297751999937 ], [ -73.351995650999982, -37.475581976999933 ], [ -73.352643397999941, -37.474476153999944 ], [ -73.354180827999983, -37.472678163999944 ], [ -73.355496781999989, -37.471452154999952 ], [ -73.357814889999986, -37.470608320999929 ], [ -73.358698384999968, -37.469858863999946 ], [ -73.359929507999937, -37.469371500999955 ], [ -73.360512688999961, -37.467736732999981 ], [ -73.361058234999973, -37.46685813299996 ], [ -73.361516174999963, -37.466513042999964 ], [ -73.362518100999978, -37.466084689999946 ], [ -73.363454739999952, -37.465892520999944 ], [ -73.365281020999987, -37.465050131999931 ], [ -73.365651191999973, -37.464713900999982 ], [ -73.365615072999958, -37.46428965299998 ], [ -73.365100459999951, -37.463315645999955 ], [ -73.365579848999971, -37.461935009999934 ], [ -73.365322341999956, -37.460395067999968 ], [ -73.364731183999936, -37.459540195999978 ], [ -73.364830861999963, -37.45878894699996 ], [ -73.363826656999947, -37.458198025999934 ], [ -73.360457555999972, -37.459178848999954 ], [ -73.360295055999984, -37.459384759999978 ], [ -73.360931027999982, -37.462858506999964 ], [ -73.360913181999933, -37.463432551999972 ], [ -73.360699030999967, -37.463959601999932 ], [ -73.353439048999974, -37.471441763999962 ] ] ] } },
{ "type": "Feature", "properties": { "CUT": 8205, "COMUNA": "CURANILAHUE", "AREA_C": "URBANO", "DISTRITO": "COLICO SUR", "LOCALIDAD": "CURANILAHUE", "n_per": 3437.0, "n_hombres": 1659.0, "n_mujeres": 1778.0, "n_edad_60_mas": 756.0, "n_asistencia_basica": 345.0, "n_asistencia_media": 175.0, "n_asistencia_superior": 130.0, "n_transporte_auto": 253.0, "n_transporte_publico": 269.0, "n_transporte_camina": 362.0, "n_transporte_bicicleta": 18.0 }, "geometry": { "type": "Polygon", "coordinates": [ [ [ -73.349773272999983, -37.447353022999948 ], [ -73.351101620999941, -37.447798486999943 ], [ -73.351162366999972, -37.448212231999946 ], [ -73.351915288999976, -37.449146629999973 ], [ -73.35323757599997, -37.451449250999929 ], [ -73.353238879999935, -37.451561790999961 ], [ -73.351988352999967, -37.451543447999939 ], [ -73.351945094999962, -37.451971847999971 ], [ -73.351360435999936, -37.453113149999979 ], [ -73.351275507999958, -37.454183149999949 ], [ -73.352464469999973, -37.455149227999982 ], [ -73.354347915999938, -37.455463019999968 ], [ -73.35496244999996, -37.455779677999942 ], [ -73.355129008999938, -37.456072577999976 ], [ -73.354134089999945, -37.458427278999977 ], [ -73.354062060999979, -37.458985949999942 ], [ -73.354308916999969, -37.460454720999962 ], [ -73.354850709999937, -37.461771749999969 ], [ -73.355385583999976, -37.462140020999982 ], [ -73.357387013999983, -37.462790010999981 ], [ -73.35824280199995, -37.464176410999983 ], [ -73.357314654999982, -37.464592144999983 ], [ -73.356787469999972, -37.465019702999939 ], [ -73.356168365999963, -37.46587378299995 ], [ -73.355633183999942, -37.466304905999948 ], [ -73.353494237999939, -37.467168341999979 ], [ -73.351989468999989, -37.467188505999957 ], [ -73.351703596999982, -37.467673867999963 ], [ -73.351861807999967, -37.46790631999994 ], [ -73.350915932999953, -37.468171226999971 ], [ -73.349268639999934, -37.467969503999939 ], [ -73.348841202999949, -37.467559288999951 ], [ -73.348734372999957, -37.467092319999949 ], [ -73.348549134999985, -37.467505833999951 ], [ -73.348670444999982, -37.467844525999965 ], [ -73.349287722999975, -37.46860664999997 ], [ -73.348385808999979, -37.468594899999971 ], [ -73.347663403999945, -37.468069251999964 ], [ -73.347903970999937, -37.468959473999973 ], [ -73.34685929799997, -37.469093304999944 ], [ -73.346938713999975, -37.469302293999931 ], [ -73.345130800999982, -37.469435952999959 ], [ -73.343903173999934, -37.467688429999953 ], [ -73.343588997999973, -37.466812741999945 ], [ -73.344161600999939, -37.46689312999996 ], [ -73.344149030999972, -37.466324340999961 ], [ -73.343229354999949, -37.466339476999963 ], [ -73.343213753999976, -37.466496240999959 ], [ -73.34248983699996, -37.46683319999994 ], [ -73.341553824999949, -37.467806510999935 ], [ -73.339498544999969, -37.468222020999974 ], [ -73.338046514999974, -37.467330048999941 ], [ -73.337121030999981, -37.466955194999969 ], [ -73.336784015999967, -37.466411242999982 ], [ -73.336408695999978, -37.466660746999935 ], [ -73.336423098999944, -37.466880137999965 ], [ -73.336101360999976, -37.466482399999961 ], [ -73.335715814999958, -37.466882644999941 ], [ -73.336271825999972, -37.467188246999967 ], [ -73.335607995999965, -37.468237221999971 ], [ -73.33561044399994, -37.468452282999976 ], [ -73.334478084999944, -37.46836613499994 ], [ -73.333982541999944, -37.468644522999966 ], [ -73.333908684999983, -37.46850786899995 ], [ -73.333719148999933, -37.468559253999956 ], [ -73.333929867999984, -37.469533997999974 ], [ -73.333503548999943, -37.469805262999955 ], [ -73.332872407999957, -37.470638558999951 ], [ -73.332840399999952, -37.471000898999932 ], [ -73.333011110999962, -37.471166260999951 ], [ -73.332476324999959, -37.471436497999946 ], [ -73.332923050999966, -37.473225130999936 ], [ -73.333635762999961, -37.472874683999976 ], [ -73.335331001999975, -37.472706620999929 ], [ -73.336614061999967, -37.471832435999943 ], [ -73.33801651999994, -37.472235215999945 ], [ -73.340140357999985, -37.47331956499994 ], [ -73.343336721999947, -37.472918304999951 ], [ -73.34332778199996, -37.473660541999948 ], [ -73.346439720999967, -37.473416923999935 ], [ -73.347821532999944, -37.472931545999984 ], [ -73.352538067999944, -37.471983484999953 ], [ -73.353567479999981, -37.471321881999984 ], [ -73.360699030999967, -37.463959601999932 ], [ -73.360913181999933, -37.463432551999972 ], [ -73.360931027999982, -37.462858506999964 ], [ -73.360295055999984, -37.459384759999978 ], [ -73.360457555999972, -37.459178848999954 ], [ -73.360395649999987, -37.458260197999948 ], [ -73.360722730999953, -37.456988623999962 ], [ -73.360571349999987, -37.454612616999952 ], [ -73.359913644999949, -37.453083726999978 ], [ -73.359579316999941, -37.452778621999983 ], [ -73.358469664999973, -37.452364976999945 ], [ -73.358163743999967, -37.452110816999948 ], [ -73.358105937999937, -37.451854380999976 ], [ -73.358423015999961, -37.451413376999938 ], [ -73.359285468999985, -37.451143937999973 ], [ -73.35919751199998, -37.450883737999959 ], [ -73.358476050999968, -37.450572062999981 ], [ -73.357236481999962, -37.449196785999959 ], [ -73.354632247999973, -37.44880090099997 ], [ -73.349506600999973, -37.44413895799994 ], [ -73.349003362999952, -37.443522428999984 ], [ -73.348918730999969, -37.442725942999971 ], [ -73.349502818999952, -37.440698236999935 ], [ -73.349642628999959, -37.438884149999978 ], [ -73.348424233999935, -37.438269609999963 ], [ -73.348435265999967, -37.437724406999962 ], [ -73.348629027999948, -37.437055812999972 ], [ -73.349692832999949, -37.43524838899998 ], [ -73.349023159999945, -37.434877410999945 ], [ -73.348400672999958, -37.434890002999964 ], [ -73.346732565999957, -37.435310545999982 ], [ -73.346701607999989, -37.436692080999933 ], [ -73.347177562999946, -37.43858488799998 ], [ -73.34706123999996, -37.440324618999966 ], [ -73.346530485999949, -37.44209456599998 ], [ -73.346430660999943, -37.443383679999954 ], [ -73.34667891099997, -37.444264461999978 ], [ -73.347066821999988, -37.444815811999945 ], [ -73.349773272999983, -37.447353022999948 ] ] ] } },
{ "type": "Feature", "properties": { "CUT": 8205, "COMUNA": "CURANILAHUE", "AREA_C": "URBANO", "DISTRITO": "COLICO SUR", "LOCALIDAD": "CURANILAHUE", "n_per": 2822.0, "n_hombres": 1363.0, "n_mujeres": 1459.0, "n_edad_60_mas": 816.0, "n_asistencia_basica": 224.0, "n_asistencia_media": 107.0, "n_asistencia_superior": 82.0, "n_transporte_auto": 227.0, "n_transporte_publico": 191.0, "n_transporte_camina": 290.0, "n_transporte_bicicleta": 13.0 }, "geometry": { "type": "Polygon", "coordinates": [ [ [ -73.332823403999953, -37.47329147499994 ], [ -73.332278197999983, -37.473859146999985 ], [ -73.33402511099996, -37.474113854999985 ], [ -73.33380398099996, -37.474376034999977 ], [ -73.334575553999969, -37.474852913999939 ], [ -73.335029632999976, -37.47489281999998 ], [ -73.336037173999955, -37.475636762999954 ], [ -73.336689750999938, -37.47634405499997 ], [ -73.331464367999956, -37.476846712999929 ], [ -73.32847004599995, -37.476704265999956 ], [ -73.328194111999949, -37.47778785099996 ], [ -73.33045885599995, -37.478000418999954 ], [ -73.330183917999989, -37.48019112399993 ], [ -73.334963950999963, -37.480456879999963 ], [ -73.335866561999978, -37.480776031999937 ], [ -73.336462743999959, -37.480793441999936 ], [ -73.337003139999979, -37.480745012999932 ], [ -73.336954024999955, -37.480022282999983 ], [ -73.337587174999953, -37.479301410999938 ], [ -73.340396127999952, -37.478989470999977 ], [ -73.341133446999947, -37.478231367999967 ], [ -73.341623398999957, -37.477590857999985 ], [ -73.341574608999963, -37.477173152999967 ], [ -73.340323254999987, -37.475463957999978 ], [ -73.340326348999952, -37.475085656999966 ], [ -73.341157620999979, -37.474275063999983 ], [ -73.343271938999976, -37.474243811999941 ], [ -73.343336721999947, -37.472918304999951 ], [ -73.340140357999985, -37.47331956499994 ], [ -73.33801651999994, -37.472235215999945 ], [ -73.336614061999967, -37.471832435999943 ], [ -73.335331001999975, -37.472706620999929 ], [ -73.333635762999961, -37.472874683999976 ], [ -73.332823403999953, -37.47329147499994 ] ] ] } },
{ "type": "Feature", "properties": { "CUT": 8205, "COMUNA": "CURANILAHUE", "AREA_C": "URBANO", "DISTRITO": "CURANILAHUE", "LOCALIDAD": "CURANILAHUE", "n_per": 1312.0, "n_hombres": 620.0, "n_mujeres": 692.0, "n_edad_60_mas": 455.0, "n_asistencia_basica": 91.0, "n_asistencia_media": 76.0, "n_asistencia_superior": 33.0, "n_transporte_auto": 76.0, "n_transporte_publico": 59.0, "n_transporte_camina": 195.0, "n_transporte_bicicleta": 9.0 }, "geometry": { "type": "Polygon", "coordinates": [ [ [ -73.347422929999937, -37.474364560999959 ], [ -73.341034246999982, -37.474320413999976 ], [ -73.340326348999952, -37.475085656999966 ], [ -73.340323254999987, -37.475463957999978 ], [ -73.341463861999955, -37.476885738999954 ], [ -73.341625970999985, -37.47737902199998 ], [ -73.341459553999982, -37.477844149999953 ], [ -73.340396127999952, -37.478989470999977 ], [ -73.339635623999982, -37.479173840999977 ], [ -73.338060978999977, -37.479153377999978 ], [ -73.337403388999974, -37.479406442999959 ], [ -73.336954024999955, -37.480022282999983 ], [ -73.337003139999979, -37.480745012999932 ], [ -73.338573516999986, -37.480498691999969 ], [ -73.345599413999935, -37.476460470999939 ], [ -73.345924782999987, -37.476577685999985 ], [ -73.347496658999944, -37.476450975999967 ], [ -73.348556970999937, -37.476830819999975 ], [ -73.349185410999951, -37.477308264999976 ], [ -73.350652022999952, -37.477129906999949 ], [ -73.350702922999972, -37.477016783999943 ], [ -73.350567412999965, -37.476774432999946 ], [ -73.349989870999934, -37.476676404999978 ], [ -73.349796092999952, -37.476469390999966 ], [ -73.349792879999939, -37.476303715999961 ], [ -73.350072822999948, -37.476118453999959 ], [ -73.350703795999948, -37.476045862999968 ], [ -73.349889385999973, -37.474985895999964 ], [ -73.349360672999978, -37.474659017999954 ], [ -73.347422929999937, -37.474364560999959 ] ] ] } },
{ "type": "Feature", "properties": { "CUT": 8205, "COMUNA": "CURANILAHUE", "AREA_C": "URBANO", "DISTRITO": "CURANILAHUE", "LOCALIDAD": "CURANILAHUE", "n_per": 2534.0, "n_hombres": 1233.0, "n_mujeres": 1301.0, "n_edad_60_mas": 712.0, "n_asistencia_basica": 203.0, "n_asistencia_media": 100.0, "n_asistencia_superior": 91.0, "n_transporte_auto": 151.0, "n_transporte_publico": 139.0, "n_transporte_camina": 387.0, "n_transporte_bicicleta": 8.0 }, "geometry": { "type": "Polygon", "coordinates": [ [ [ -73.346082746999969, -37.476561871999934 ], [ -73.345514735999984, -37.476486322999961 ], [ -73.338831379999988, -37.480313051999929 ], [ -73.339297410999961, -37.480589986999973 ], [ -73.342100137999978, -37.479913947999933 ], [ -73.344415814999934, -37.482148934999941 ], [ -73.345472193999967, -37.483511135999947 ], [ -73.345534678999968, -37.484080820999964 ], [ -73.346271839999986, -37.484063506999973 ], [ -73.346793031999937, -37.483417528999951 ], [ -73.347060435999936, -37.48370713099996 ], [ -73.347124343999951, -37.484325987999966 ], [ -73.347844129999942, -37.484243573999947 ], [ -73.348144993999938, -37.48483463599996 ], [ -73.348423935999961, -37.484936064999943 ], [ -73.348939473999963, -37.484594355999945 ], [ -73.349080003999973, -37.484273465999934 ], [ -73.350205790999951, -37.48312053099994 ], [ -73.350037746999988, -37.482606156999964 ], [ -73.349226820999945, -37.481605245999958 ], [ -73.349035109999988, -37.480800474999967 ], [ -73.34955724799994, -37.480229324999982 ], [ -73.350197640999966, -37.47855001299996 ], [ -73.349602084999958, -37.477447855999969 ], [ -73.350652022999952, -37.477129906999949 ], [ -73.349185410999951, -37.477308264999976 ], [ -73.348556970999937, -37.476830819999975 ], [ -73.347675942999956, -37.476494040999967 ], [ -73.346970755999962, -37.476421085999959 ], [ -73.346082746999969, -37.476561871999934 ] ] ] } },
{ "type": "Feature", "properties": { "CUT": 8205, "COMUNA": "CURANILAHUE", "AREA_C": "URBANO", "DISTRITO": "COLICO SUR", "LOCALIDAD": "CURANILAHUE", "n_per": 2215.0, "n_hombres": 1066.0, "n_mujeres": 1149.0, "n_edad_60_mas": 647.0, "n_asistencia_basica": 177.0, "n_asistencia_media": 84.0, "n_asistencia_superior": 82.0, "n_transporte_auto": 169.0, "n_transporte_publico": 177.0, "n_transporte_camina": 188.0, "n_transporte_bicicleta": 21.0 }, "geometry": { "type": "Polygon", "coordinates": [ [ [ -73.325814992999938, -37.477065083999946 ], [ -73.326642102999983, -37.478483033999964 ], [ -73.32700921199995, -37.479769293999937 ], [ -73.326720965999982, -37.481044070999928 ], [ -73.326074604999974, -37.481861629999969 ], [ -73.325444802999982, -37.483419605999984 ], [ -73.32544712899994, -37.484391827999957 ], [ -73.323733940999944, -37.485641441999974 ], [ -73.323415559999944, -37.486172935999946 ], [ -73.322019522999938, -37.485886028999971 ], [ -73.321545557999968, -37.486094047999984 ], [ -73.321040201999949, -37.486017241999946 ], [ -73.320557656999938, -37.485558301999959 ], [ -73.319753399999968, -37.485276965999958 ], [ -73.320014664999974, -37.484690679999972 ], [ -73.319277064999937, -37.484449887999972 ], [ -73.317232278999938, -37.484405335999952 ], [ -73.315754509999977, -37.484721677999971 ], [ -73.314563729999975, -37.484743614999957 ], [ -73.314831628999968, -37.485392617999935 ], [ -73.314743830999987, -37.485825071999955 ], [ -73.314086251999981, -37.486480194999956 ], [ -73.31511177699997, -37.486462987999971 ], [ -73.315527230999976, -37.48713096299997 ], [ -73.31604372399994, -37.487389913999948 ], [ -73.317922598999985, -37.487268633999975 ], [ -73.318866267999965, -37.487366966999957 ], [ -73.321040473999972, -37.48705397699996 ], [ -73.322192831999985, -37.48712115099994 ], [ -73.32267608799998, -37.48736372299993 ], [ -73.323278285999947, -37.487399176999929 ], [ -73.325210415999948, -37.486750616999984 ], [ -73.326468152999951, -37.485518228999979 ], [ -73.326770941999939, -37.484786010999983 ], [ -73.326693957999964, -37.484524283999974 ], [ -73.326390533999984, -37.484315678999963 ], [ -73.326432919999945, -37.483621809999931 ], [ -73.327033165999978, -37.482915663999961 ], [ -73.328240007999966, -37.482731808999972 ], [ -73.329675575999943, -37.483031251999932 ], [ -73.331830752999963, -37.482450473999961 ], [ -73.334942321999961, -37.482365256999969 ], [ -73.33624660199996, -37.481808193999939 ], [ -73.337005921999946, -37.480774656999984 ], [ -73.335866561999978, -37.480776031999937 ], [ -73.334963950999963, -37.480456879999963 ], [ -73.330183917999989, -37.48019112399993 ], [ -73.33045885599995, -37.478000418999954 ], [ -73.32738313599998, -37.477673007999954 ], [ -73.325814992999938, -37.477065083999946 ] ] ] } },
{ "type": "Feature", "properties": { "CUT": 8205, "COMUNA": "CURANILAHUE", "AREA_C": "URBANO", "DISTRITO": "CURANILAHUE", "LOCALIDAD": "CURANILAHUE", "n_per": 2504.0, "n_hombres": 1273.0, "n_mujeres": 1231.0, "n_edad_60_mas": 628.0, "n_asistencia_basica": 225.0, "n_asistencia_media": 112.0, "n_asistencia_superior": 80.0, "n_transporte_auto": 123.0, "n_transporte_publico": 119.0, "n_transporte_camina": 307.0, "n_transporte_bicicleta": 13.0 }, "geometry": { "type": "Polygon", "coordinates": [ [ [ -73.342100137999978, -37.479913947999933 ], [ -73.339169813999945, -37.480574673999968 ], [ -73.338831379999988, -37.480313051999929 ], [ -73.338573516999986, -37.480498691999969 ], [ -73.337003139999979, -37.480745012999932 ], [ -73.33624660199996, -37.481808193999939 ], [ -73.334948242999985, -37.48236161899996 ], [ -73.334193926999944, -37.483025275999978 ], [ -73.333518666999964, -37.484688870999946 ], [ -73.331989147999934, -37.486975176999977 ], [ -73.331153481999934, -37.487261002999958 ], [ -73.329712803999939, -37.487139746999958 ], [ -73.328967552999984, -37.488274819999958 ], [ -73.331048057999965, -37.488856593999969 ], [ -73.332898934999946, -37.488092359999939 ], [ -73.33353131299998, -37.486672413999941 ], [ -73.334850364999966, -37.484722936999958 ], [ -73.336940928999979, -37.485509792999949 ], [ -73.337185313999953, -37.485851387999958 ], [ -73.336742840999989, -37.486285678999934 ], [ -73.336567377999984, -37.486812327999985 ], [ -73.33618170799997, -37.486722678999968 ], [ -73.336245804999976, -37.487638182999945 ], [ -73.337139838999974, -37.487799917999951 ], [ -73.337411780999958, -37.487512545999948 ], [ -73.337598705999937, -37.487723782999979 ], [ -73.338137198999959, -37.48784715599993 ], [ -73.338259207999954, -37.487759258999972 ], [ -73.338266199999964, -37.487234720999936 ], [ -73.338824713999941, -37.487196298999947 ], [ -73.33970872499998, -37.486710980999931 ], [ -73.339593236999974, -37.486137330999952 ], [ -73.339704335999954, -37.485990256999969 ], [ -73.341075222999962, -37.485778938999943 ], [ -73.341003698999941, -37.485447938999982 ], [ -73.341610827999943, -37.484829813999966 ], [ -73.341518494999946, -37.483990337999955 ], [ -73.342288567999958, -37.48413594699997 ], [ -73.342728617999967, -37.484866259999933 ], [ -73.341949302999978, -37.486568386999977 ], [ -73.341658046999953, -37.486364668999954 ], [ -73.341086012999938, -37.486431400999948 ], [ -73.340218542999935, -37.487389073999964 ], [ -73.341723231999936, -37.488269015999947 ], [ -73.341616476999945, -37.489067406999936 ], [ -73.342029916999934, -37.490419703999976 ], [ -73.342011794999962, -37.491010940999956 ], [ -73.341130654999972, -37.491745498999933 ], [ -73.340400599999953, -37.491392142999985 ], [ -73.339934940999967, -37.491936541999962 ], [ -73.33971973499996, -37.492732073999946 ], [ -73.339772929999981, -37.493262736999952 ], [ -73.339508318999947, -37.49390907999998 ], [ -73.339774915999953, -37.494252719999963 ], [ -73.339721275999977, -37.494746205999945 ], [ -73.339124798999933, -37.495862195999962 ], [ -73.339331042999959, -37.496400273999939 ], [ -73.337663142999986, -37.498228883999957 ], [ -73.337646998999958, -37.498437779999961 ], [ -73.337868821999962, -37.498547975999941 ], [ -73.338540726999952, -37.498585370999933 ], [ -73.338442098999963, -37.500539208999953 ], [ -73.339018668999984, -37.501548816999957 ], [ -73.339762131999976, -37.500978719999978 ], [ -73.339733874999979, -37.500658372999965 ], [ -73.339138027999979, -37.500203866999982 ], [ -73.33893158099994, -37.499534000999972 ], [ -73.339266146999989, -37.498601411999971 ], [ -73.339524321999988, -37.498596029999931 ], [ -73.339621100999977, -37.498791162999964 ], [ -73.339823517999946, -37.498702851999951 ], [ -73.33959355199994, -37.498159766999947 ], [ -73.339929426999959, -37.497999962999984 ], [ -73.340036473999987, -37.496953863999977 ], [ -73.339616258999968, -37.496260322999944 ], [ -73.340223557999934, -37.495722027999932 ], [ -73.340267173999962, -37.494609331999982 ], [ -73.34071582699994, -37.494409914999949 ], [ -73.340453705999948, -37.493730076999952 ], [ -73.340427787999943, -37.492327487999944 ], [ -73.340158020999979, -37.491821496999933 ], [ -73.34066964799996, -37.491692547999946 ], [ -73.340992114999949, -37.492253339999934 ], [ -73.34150329199997, -37.492613639999945 ], [ -73.343428675999974, -37.492341347999968 ], [ -73.34355284999998, -37.491305587999932 ], [ -73.343305247999979, -37.490525248999973 ], [ -73.343373075999978, -37.489174251999941 ], [ -73.343588878999981, -37.489005761999977 ], [ -73.344177271999968, -37.489022419999969 ], [ -73.344344995999961, -37.488498452999977 ], [ -73.344297994999977, -37.488190073999931 ], [ -73.343937907999987, -37.487868897999931 ], [ -73.343786001999945, -37.487461519999954 ], [ -73.344154321999952, -37.486836110999946 ], [ -73.343483398999979, -37.486257504999969 ], [ -73.344445558999951, -37.485066179999933 ], [ -73.345385730999965, -37.48475061399995 ], [ -73.345413581999935, -37.484516430999975 ], [ -73.345189690999973, -37.484215649999953 ], [ -73.345534678999968, -37.484080820999964 ], [ -73.345567380999967, -37.483778344999962 ], [ -73.344415814999934, -37.482148934999941 ], [ -73.342100137999978, -37.479913947999933 ] ] ] } },
{ "type": "Feature", "properties": { "CUT": 8205, "COMUNA": "CURANILAHUE", "AREA_C": "URBANO", "DISTRITO": "LAS QUEMAS", "LOCALIDAD": "CURANILAHUE", "n_per": 1639.0, "n_hombres": 809.0, "n_mujeres": 830.0, "n_edad_60_mas": 107.0, "n_asistencia_basica": 216.0, "n_asistencia_media": 126.0, "n_asistencia_superior": 77.0, "n_transporte_auto": 148.0, "n_transporte_publico": 170.0, "n_transporte_camina": 70.0, "n_transporte_bicicleta": 13.0 }, "geometry": { "type": "Polygon", "coordinates": [ [ [ -73.328066430999968, -37.487067324999941 ], [ -73.322059673999945, -37.490174700999944 ], [ -73.322613797999963, -37.493158248999976 ], [ -73.323846077999974, -37.492944557999976 ], [ -73.325603082999976, -37.493080459999931 ], [ -73.325973923999982, -37.492917564999971 ], [ -73.32611062899997, -37.492371324999965 ], [ -73.328553282999962, -37.489931490999936 ], [ -73.32870165099996, -37.488860777999946 ], [ -73.329480555999965, -37.48733488299996 ], [ -73.329903784999942, -37.487092000999951 ], [ -73.331153481999934, -37.487261002999958 ], [ -73.331989147999934, -37.486975176999977 ], [ -73.333518666999964, -37.484688870999946 ], [ -73.33407501399995, -37.483226990999981 ], [ -73.333949803999985, -37.483186945999933 ], [ -73.333521584999971, -37.483721666999941 ], [ -73.332334113999934, -37.484196098999973 ], [ -73.331369677999987, -37.485002632999965 ], [ -73.328066430999968, -37.487067324999941 ] ] ] } },
{ "type": "Feature", "properties": { "CUT": 8205, "COMUNA": "CURANILAHUE", "AREA_C": "URBANO", "DISTRITO": "LAS QUEMAS", "LOCALIDAD": "CURANILAHUE", "n_per": 3588.0, "n_hombres": 1650.0, "n_mujeres": 1938.0, "n_edad_60_mas": 384.0, "n_asistencia_basica": 460.0, "n_asistencia_media": 236.0, "n_asistencia_superior": 194.0, "n_transporte_auto": 181.0, "n_transporte_publico": 318.0, "n_transporte_camina": 286.0, "n_transporte_bicicleta": 15.0 }, "geometry": { "type": "Polygon", "coordinates": [ [ [ -73.334455000999981, -37.482290766999938 ], [ -73.331705848999945, -37.482468887999971 ], [ -73.329675575999943, -37.483031251999932 ], [ -73.328240007999966, -37.482731808999972 ], [ -73.327033165999978, -37.482915663999961 ], [ -73.326432919999945, -37.483621809999931 ], [ -73.326390533999984, -37.484315678999963 ], [ -73.326693957999964, -37.484524283999974 ], [ -73.326770941999939, -37.484786010999983 ], [ -73.326528395999958, -37.485419031999982 ], [ -73.325210415999948, -37.486750616999984 ], [ -73.323142898999947, -37.487414069999943 ], [ -73.322192831999985, -37.48712115099994 ], [ -73.321040473999972, -37.48705397699996 ], [ -73.318866267999965, -37.487366966999957 ], [ -73.317922598999985, -37.487268633999975 ], [ -73.31604372399994, -37.487389913999948 ], [ -73.315590801999974, -37.487192953999966 ], [ -73.315369200999953, -37.486878157999968 ], [ -73.315267601999949, -37.487434188999941 ], [ -73.314944131999937, -37.487470129999963 ], [ -73.314759933999937, -37.487690268999984 ], [ -73.314981028999966, -37.488592644999983 ], [ -73.318062607999934, -37.488652019999961 ], [ -73.317714179999939, -37.489232730999959 ], [ -73.317631743999982, -37.490028064999933 ], [ -73.319261397999981, -37.489976688999946 ], [ -73.319418706999954, -37.489702695999938 ], [ -73.320480083999939, -37.490440200999956 ], [ -73.320643545999985, -37.491034981999974 ], [ -73.321207766999976, -37.490524469999968 ], [ -73.324819328999979, -37.488852959999974 ], [ -73.327652560999979, -37.487333916999944 ], [ -73.331369677999987, -37.485002632999965 ], [ -73.332601496999985, -37.484028631999934 ], [ -73.333572456999946, -37.483690839999952 ], [ -73.334942321999961, -37.482365256999969 ], [ -73.334455000999981, -37.482290766999938 ] ] ] } },
{ "type": "Feature", "properties": { "CUT": 8205, "COMUNA": "CURANILAHUE", "AREA_C": "URBANO", "DISTRITO": "LOS RÍOS", "LOCALIDAD": "CURANILAHUE", "n_per": 4099.0, "n_hombres": 2045.0, "n_mujeres": 2054.0, "n_edad_60_mas": 944.0, "n_asistencia_basica": 439.0, "n_asistencia_media": 198.0, "n_asistencia_superior": 121.0, "n_transporte_auto": 242.0, "n_transporte_publico": 349.0, "n_transporte_camina": 399.0, "n_transporte_bicicleta": 18.0 }, "geometry": { "type": "Polygon", "coordinates": [ [ [ -73.36513763399995, -37.463449002999937 ], [ -73.365669915999945, -37.464483788999985 ], [ -73.365490955999974, -37.464903379999953 ], [ -73.363454739999952, -37.465892520999944 ], [ -73.362518100999978, -37.466084689999946 ], [ -73.361516174999963, -37.466513042999964 ], [ -73.361058234999973, -37.46685813299996 ], [ -73.360512688999961, -37.467736732999981 ], [ -73.359929507999937, -37.469371500999955 ], [ -73.358698384999968, -37.469858863999946 ], [ -73.357814889999986, -37.470608320999929 ], [ -73.355496781999989, -37.471452154999952 ], [ -73.354180827999983, -37.472678163999944 ], [ -73.352643397999941, -37.474476153999944 ], [ -73.351995650999982, -37.475581976999933 ], [ -73.351955664999934, -37.476297751999937 ], [ -73.351230122999937, -37.476381792999973 ], [ -73.350475316999962, -37.476045042999942 ], [ -73.349792879999939, -37.476303715999961 ], [ -73.349924150999982, -37.476642696999932 ], [ -73.350567412999965, -37.476774432999946 ], [ -73.350702922999972, -37.477016783999943 ], [ -73.350486377999971, -37.47726935399993 ], [ -73.349602084999958, -37.477447855999969 ], [ -73.350197640999966, -37.47855001299996 ], [ -73.34955724799994, -37.480229324999982 ], [ -73.349137200999962, -37.480643838999981 ], [ -73.349031311999966, -37.480997160999948 ], [ -73.349226820999945, -37.481605245999958 ], [ -73.350158110999985, -37.482818029999976 ], [ -73.350114116999976, -37.48333112399996 ], [ -73.349080003999973, -37.484273465999934 ], [ -73.348939473999963, -37.484594355999945 ], [ -73.348423935999961, -37.484936064999943 ], [ -73.348144993999938, -37.48483463599996 ], [ -73.347844129999942, -37.484243573999947 ], [ -73.347124343999951, -37.484325987999966 ], [ -73.347060435999936, -37.48370713099996 ], [ -73.346793031999937, -37.483417528999951 ], [ -73.346271839999986, -37.484063506999973 ], [ -73.345266888999959, -37.484111648999942 ], [ -73.345385730999965, -37.48475061399995 ], [ -73.344445558999951, -37.485066179999933 ], [ -73.343483398999979, -37.486257504999969 ], [ -73.344154321999952, -37.486836110999946 ], [ -73.343786001999945, -37.487461519999954 ], [ -73.343937907999987, -37.487868897999931 ], [ -73.344297994999977, -37.488190073999931 ], [ -73.344344995999961, -37.488498452999977 ], [ -73.344177271999968, -37.489022419999969 ], [ -73.343588878999981, -37.489005761999977 ], [ -73.343373075999978, -37.489174251999941 ], [ -73.343305247999979, -37.490525248999973 ], [ -73.34355284999998, -37.491305587999932 ], [ -73.343428675999974, -37.492341347999968 ], [ -73.34150329199997, -37.492613639999945 ], [ -73.340992114999949, -37.492253339999934 ], [ -73.34066964799996, -37.491692547999946 ], [ -73.340158020999979, -37.491821496999933 ], [ -73.340427787999943, -37.492327487999944 ], [ -73.340453705999948, -37.493730076999952 ], [ -73.34071582699994, -37.494409914999949 ], [ -73.340267173999962, -37.494609331999982 ], [ -73.340223557999934, -37.495722027999932 ], [ -73.339616258999968, -37.496260322999944 ], [ -73.340036473999987, -37.496953863999977 ], [ -73.339929426999959, -37.497999962999984 ], [ -73.33959355199994, -37.498159766999947 ], [ -73.339823517999946, -37.498702851999951 ], [ -73.339621100999977, -37.498791162999964 ], [ -73.339379123999947, -37.498575962999951 ], [ -73.33909246199994, -37.498833112999932 ], [ -73.340384928999981, -37.49893947299995 ], [ -73.340324542999952, -37.499827446999973 ], [ -73.341973910999968, -37.49982332299993 ], [ -73.341577941999958, -37.498780419999946 ], [ -73.341005006999978, -37.497831621999978 ], [ -73.341091194999933, -37.497512689999951 ], [ -73.341398595999976, -37.497636690999968 ], [ -73.342080219999957, -37.495490269999948 ], [ -73.342315465999945, -37.494159791999948 ], [ -73.343302043999984, -37.494582426999955 ], [ -73.345302893999985, -37.49343289899997 ], [ -73.345851185999948, -37.492734594999945 ], [ -73.346515960999966, -37.490927911999961 ], [ -73.346102597999959, -37.489970117999974 ], [ -73.346482941999966, -37.489394366999932 ], [ -73.347023628999978, -37.489701423999975 ], [ -73.348044099999981, -37.488295241999936 ], [ -73.348663438999949, -37.48917129299997 ], [ -73.350092095999969, -37.488371604999941 ], [ -73.349928872999953, -37.487842536999949 ], [ -73.353451538999934, -37.48453722499994 ], [ -73.353127246999975, -37.483999733999951 ], [ -73.353529163999951, -37.48369357699994 ], [ -73.353942857999982, -37.483038379999982 ], [ -73.354214396999964, -37.481536147999975 ], [ -73.355247550999934, -37.480851313999949 ], [ -73.355220535999933, -37.480571041999951 ], [ -73.354392279999956, -37.480179653999983 ], [ -73.35425244399994, -37.479516461999935 ], [ -73.353570493999939, -37.478652156999942 ], [ -73.35338861799994, -37.478160034999974 ], [ -73.353326623999976, -37.477643889999968 ], [ -73.354270923999934, -37.476550203999977 ], [ -73.355191497999954, -37.475554961999933 ], [ -73.356341669999949, -37.475139807999938 ], [ -73.357410818999938, -37.474509609999984 ], [ -73.360013752999976, -37.472216337999953 ], [ -73.361808727999971, -37.472964517999969 ], [ -73.363925286999972, -37.474138425999968 ], [ -73.363997731999973, -37.47340115999998 ], [ -73.364710592999984, -37.472955352999975 ], [ -73.364753335999978, -37.472284658999968 ], [ -73.36504133699998, -37.472438240999963 ], [ -73.365242714999965, -37.47200436299994 ], [ -73.366053740999973, -37.471370659999934 ], [ -73.366321471999981, -37.470731615999966 ], [ -73.366116451999972, -37.470298337999964 ], [ -73.366192851999983, -37.469300575999966 ], [ -73.365786852999975, -37.468555617999982 ], [ -73.366908835999936, -37.468286307999961 ], [ -73.367496109999934, -37.467603620999967 ], [ -73.367459345999976, -37.467245439999942 ], [ -73.366902483999979, -37.467318803999945 ], [ -73.366873429999941, -37.466854530999967 ], [ -73.367069379999975, -37.466305125999952 ], [ -73.366823029999978, -37.465861463999943 ], [ -73.366912239999976, -37.465083660999937 ], [ -73.366707721999944, -37.464524061999953 ], [ -73.366754670999967, -37.46411124399998 ], [ -73.367230200999984, -37.46361404299995 ], [ -73.368233904999954, -37.46365134399997 ], [ -73.368563198999937, -37.462785575999931 ], [ -73.366464138999959, -37.461418898999966 ], [ -73.365565251999953, -37.459612328999981 ], [ -73.364830861999963, -37.45878894699996 ], [ -73.364731183999936, -37.459540195999978 ], [ -73.365322341999956, -37.460395067999968 ], [ -73.365573574999985, -37.461835711999981 ], [ -73.365110604999984, -37.463043377999952 ], [ -73.36513763399995, -37.463449002999937 ] ] ] } },
{ "type": "Feature", "properties": { "CUT": 8206, "COMUNA": "LOS ÁLAMOS", "AREA_C": "URBANO", "DISTRITO": "LOS ÁLAMOS", "LOCALIDAD": "CERRO ALTO", "n_per": 3243.0, "n_hombres": 1563.0, "n_mujeres": 1680.0, "n_edad_60_mas": 618.0, "n_asistencia_basica": 410.0, "n_asistencia_media": 183.0, "n_asistencia_superior": 110.0, "n_transporte_auto": 249.0, "n_transporte_publico": 315.0, "n_transporte_camina": 208.0, "n_transporte_bicicleta": 12.0 }, "geometry": { "type": "Polygon", "coordinates": [ [ [ -73.407455977999973, -37.606211582999947 ], [ -73.414514528999973, -37.615912610999942 ], [ -73.414911079999968, -37.61673239299995 ], [ -73.415342323999937, -37.619268030999933 ], [ -73.415370386999939, -37.620276691999948 ], [ -73.415759764999962, -37.620763862999979 ], [ -73.415824206999957, -37.621405589999938 ], [ -73.41776860799996, -37.623627682999938 ], [ -73.41848134199995, -37.624244760999943 ], [ -73.419170283999961, -37.624511917999939 ], [ -73.423742524999966, -37.624949246999961 ], [ -73.423720876999937, -37.623591343999976 ], [ -73.421684746999972, -37.623414644999968 ], [ -73.421615006999957, -37.622952982999948 ], [ -73.420836067999971, -37.622884747999933 ], [ -73.420907026999942, -37.623347152999941 ], [ -73.419588942999951, -37.623199395999961 ], [ -73.417517116999989, -37.620982749999939 ], [ -73.418728958999964, -37.617320194999934 ], [ -73.419030171999964, -37.617407268999955 ], [ -73.419261725999945, -37.616587507999952 ], [ -73.419167675999972, -37.616101232999938 ], [ -73.419514331999949, -37.615565597999932 ], [ -73.420882434999953, -37.614367824999931 ], [ -73.420544664999966, -37.613710154999978 ], [ -73.422088932999941, -37.612372214999937 ], [ -73.423200386999952, -37.611976923999975 ], [ -73.42426751499994, -37.611921032999931 ], [ -73.417991171999972, -37.608261692999974 ], [ -73.415806400999941, -37.607609998999976 ], [ -73.413022162999937, -37.60639578699994 ], [ -73.413239292999947, -37.607347348999951 ], [ -73.413137544999984, -37.607458582999982 ], [ -73.412300391999963, -37.607116631999929 ], [ -73.410836088999986, -37.607331263999981 ], [ -73.410059446999981, -37.606607348999944 ], [ -73.409793074999982, -37.605590863999964 ], [ -73.409025914999972, -37.605268362999936 ], [ -73.407455977999973, -37.606211582999947 ] ] ] } },
{ "type": "Feature", "properties": { "CUT": 8206, "COMUNA": "LOS ÁLAMOS", "AREA_C": "URBANO", "DISTRITO": "TRES PINOS", "LOCALIDAD": "CERRO ALTO", "n_per": 3235.0, "n_hombres": 1526.0, "n_mujeres": 1709.0, "n_edad_60_mas": 733.0, "n_asistencia_basica": 344.0, "n_asistencia_media": 179.0, "n_asistencia_superior": 101.0, "n_transporte_auto": 226.0, "n_transporte_publico": 278.0, "n_transporte_camina": 107.0, "n_transporte_bicicleta": 1.0 }, "geometry": { "type": "Polygon", "coordinates": [ [ [ -73.404328955999972, -37.598621812999966 ], [ -73.402980843999956, -37.600593042999947 ], [ -73.40405031399996, -37.600406002999932 ], [ -73.404262218999975, -37.601190373999941 ], [ -73.403783777999934, -37.601435581999965 ], [ -73.403841893999981, -37.602196262999939 ], [ -73.402783592999981, -37.602328359999944 ], [ -73.402261713999962, -37.602133725999977 ], [ -73.40195156599998, -37.603003015999946 ], [ -73.400227106999978, -37.602406259999952 ], [ -73.399992378999968, -37.60195486799995 ], [ -73.400134682999976, -37.601200909999932 ], [ -73.399701859999936, -37.60094541899997 ], [ -73.398617746999946, -37.601349783999979 ], [ -73.398043252999969, -37.601126373999932 ], [ -73.39800646599997, -37.602190377999932 ], [ -73.398905668999987, -37.602223625999954 ], [ -73.399189537999973, -37.602801800999941 ], [ -73.399665529999936, -37.603197607999959 ], [ -73.402127419999943, -37.60404535899994 ], [ -73.403270637999981, -37.604085789999942 ], [ -73.402991017999966, -37.604290560999971 ], [ -73.403097029999969, -37.60434067999995 ], [ -73.403883272999963, -37.60441521499996 ], [ -73.404282616999978, -37.604006624999954 ], [ -73.40456308399996, -37.604072358999929 ], [ -73.405202263999968, -37.604844796999942 ], [ -73.40512235999995, -37.604979912999966 ], [ -73.405384559999959, -37.605748651999932 ], [ -73.405902889999936, -37.606318740999939 ], [ -73.405946552999978, -37.606638070999963 ], [ -73.405643891999944, -37.606911515999968 ], [ -73.405774817999941, -37.607357425999965 ], [ -73.407266204999985, -37.609655323999959 ], [ -73.407348981999974, -37.61012698899998 ], [ -73.408837471999959, -37.611121959999934 ], [ -73.409947842999941, -37.612380764999955 ], [ -73.411284723999984, -37.615432145999932 ], [ -73.411308977999965, -37.616585362999956 ], [ -73.410818141999982, -37.617689042999984 ], [ -73.410725104999983, -37.618576222999934 ], [ -73.410863996999979, -37.618910297999946 ], [ -73.410620198999936, -37.619379993999985 ], [ -73.41142498499994, -37.621329081999932 ], [ -73.411497704999988, -37.622014442999955 ], [ -73.411712639999962, -37.622294507999982 ], [ -73.411668744999986, -37.623077651999949 ], [ -73.411976083999946, -37.623302056999933 ], [ -73.411893643999974, -37.623521953999955 ], [ -73.411332941999945, -37.623754810999969 ], [ -73.410757734999947, -37.623743247999982 ], [ -73.410621582999966, -37.623904460999938 ], [ -73.409396783999966, -37.623588704999975 ], [ -73.409143876999963, -37.62374951399994 ], [ -73.409045333999984, -37.624336636999942 ], [ -73.407787482999936, -37.625027862999957 ], [ -73.407006738999939, -37.625130223999975 ], [ -73.406151374999979, -37.624899709999966 ], [ -73.405642615999966, -37.625358123999945 ], [ -73.405122350999989, -37.625549522999961 ], [ -73.404042415999982, -37.625141915999961 ], [ -73.403303756999946, -37.626265435999983 ], [ -73.404056835999938, -37.626630340999952 ], [ -73.401021382999943, -37.628139565999959 ], [ -73.401380481999979, -37.628386410999951 ], [ -73.402368657999943, -37.629840061999971 ], [ -73.403051251999955, -37.631893270999967 ], [ -73.40346898599995, -37.632630785999936 ], [ -73.403717347999986, -37.632633788999954 ], [ -73.40380369199994, -37.632276154999943 ], [ -73.404049285999974, -37.632698714999947 ], [ -73.405899445999978, -37.631920382999965 ], [ -73.406198424999957, -37.632736945999966 ], [ -73.406468468999947, -37.634956123999984 ], [ -73.407812596999975, -37.635637985999949 ], [ -73.408980462999978, -37.635648279999941 ], [ -73.409825829999988, -37.635315429999935 ], [ -73.410776444999954, -37.634267969999939 ], [ -73.411898030999964, -37.634418316999984 ], [ -73.41191073899995, -37.633619845999931 ], [ -73.411359438999966, -37.632273060999978 ], [ -73.411982616999978, -37.630870637999976 ], [ -73.411562555999978, -37.630466919999947 ], [ -73.411877746999949, -37.629638479999983 ], [ -73.411553279999964, -37.628682058999971 ], [ -73.413699046999966, -37.629031205999979 ], [ -73.414788890999944, -37.628715752999938 ], [ -73.416646490999938, -37.627079757999979 ], [ -73.415747709999948, -37.626530516999935 ], [ -73.416009177999968, -37.626274194999951 ], [ -73.416470018999973, -37.625992826999948 ], [ -73.418463763999966, -37.625388653999948 ], [ -73.419952574999968, -37.624655730999962 ], [ -73.418973151999978, -37.624456945999952 ], [ -73.41825397599996, -37.624089327999968 ], [ -73.415824206999957, -37.621405589999938 ], [ -73.415759764999962, -37.620763862999979 ], [ -73.415370386999939, -37.620276691999948 ], [ -73.415342323999937, -37.619268030999933 ], [ -73.414911079999968, -37.61673239299995 ], [ -73.414514528999973, -37.615912610999942 ], [ -73.406307853999976, -37.604573965999975 ], [ -73.405674354999974, -37.602532185999962 ], [ -73.405721943999936, -37.601228241999934 ], [ -73.406102657999952, -37.599871948999976 ], [ -73.406059419999963, -37.599172266999972 ], [ -73.404328955999972, -37.598621812999966 ] ] ] } },
{ "type": "Feature", "properties": { "CUT": 8206, "COMUNA": "LOS ÁLAMOS", "AREA_C": "URBANO", "DISTRITO": "LOS ÁLAMOS", "LOCALIDAD": "LOS ÁLAMOS", "n_per": 4315.0, "n_hombres": 1996.0, "n_mujeres": 2319.0, "n_edad_60_mas": 821.0, "n_asistencia_basica": 512.0, "n_asistencia_media": 270.0, "n_asistencia_superior": 158.0, "n_transporte_auto": 409.0, "n_transporte_publico": 247.0, "n_transporte_camina": 313.0, "n_transporte_bicicleta": 27.0 }, "geometry": { "type": "Polygon", "coordinates": [ [ [ -73.458937600999946, -37.621043816999929 ], [ -73.459711843999969, -37.621224898999969 ], [ -73.460024991999944, -37.621086486999957 ], [ -73.460405887999968, -37.621877129999973 ], [ -73.460430215999963, -37.622477763999939 ], [ -73.460620500999937, -37.622804401999929 ], [ -73.458488701999954, -37.622718231999954 ], [ -73.458367411999973, -37.62372058099993 ], [ -73.45804106199995, -37.62381678099996 ], [ -73.457930080999972, -37.623529177999956 ], [ -73.455834402999983, -37.623483274999955 ], [ -73.455576249999979, -37.625608100999955 ], [ -73.454588469999976, -37.625240005999956 ], [ -73.453829028999962, -37.625336267999955 ], [ -73.453378571999963, -37.625260294999975 ], [ -73.453144278999957, -37.625027281999962 ], [ -73.451706910999974, -37.624986384999943 ], [ -73.451125304999948, -37.624774210999931 ], [ -73.446751574999951, -37.621680961999971 ], [ -73.446156751999979, -37.62247586899997 ], [ -73.448043839999968, -37.623875861999977 ], [ -73.447296639999934, -37.624177910999947 ], [ -73.447791312999982, -37.624839918999953 ], [ -73.449047346999976, -37.626098775999935 ], [ -73.450582542999939, -37.627103870999974 ], [ -73.450641406999978, -37.627712881999969 ], [ -73.452387330999954, -37.627715574999968 ], [ -73.45233124799995, -37.628436722999936 ], [ -73.451972679999983, -37.62852858499997 ], [ -73.451907462999941, -37.629362992999972 ], [ -73.451682120999976, -37.62934482199995 ], [ -73.45159254899994, -37.629605319999939 ], [ -73.450267014999952, -37.629546585999947 ], [ -73.450184296999964, -37.629807422999932 ], [ -73.448781592999978, -37.629474481999978 ], [ -73.448349547999953, -37.63033364599994 ], [ -73.447722453999972, -37.630191163999939 ], [ -73.447242432999985, -37.630319534999956 ], [ -73.446832573999984, -37.631121625999981 ], [ -73.449119976999953, -37.631766565999953 ], [ -73.448985626999956, -37.632305176999978 ], [ -73.448815083999989, -37.632511575999956 ], [ -73.448145518999979, -37.632535017999942 ], [ -73.448014624999985, -37.632979408999972 ], [ -73.446782001999964, -37.633753288999969 ], [ -73.446236059999933, -37.633681600999978 ], [ -73.445674535999956, -37.633283261999964 ], [ -73.444042316999969, -37.635520799999938 ], [ -73.445619243999943, -37.636031531999947 ], [ -73.443559983999933, -37.639151380999976 ], [ -73.444629388999942, -37.639477993999947 ], [ -73.444519389999982, -37.639664069999981 ], [ -73.44568572999998, -37.639808912999968 ], [ -73.446109062999938, -37.639156482999965 ], [ -73.445867031999967, -37.638890667999931 ], [ -73.446158731999958, -37.638423504999935 ], [ -73.447976168999958, -37.639092366999932 ], [ -73.450996582999949, -37.635290524999959 ], [ -73.452379247999943, -37.635870127999965 ], [ -73.452518755999961, -37.636127509999938 ], [ -73.453081382999983, -37.635937597999941 ], [ -73.453528031999952, -37.636158265999939 ], [ -73.455097297999941, -37.633953574999964 ], [ -73.452831295999943, -37.632954997999946 ], [ -73.45391880699998, -37.631947411999931 ], [ -73.454419792999943, -37.632333526999957 ], [ -73.454994576999979, -37.631947983999964 ], [ -73.454743398999938, -37.631301703999952 ], [ -73.45488725499996, -37.631136720999962 ], [ -73.456349879999948, -37.631437995999931 ], [ -73.456667234999941, -37.633781983999938 ], [ -73.456888460999949, -37.634486279999976 ], [ -73.45709457199996, -37.634554225999977 ], [ -73.457145561999937, -37.63519953399998 ], [ -73.45888443399997, -37.635029276999944 ], [ -73.458884401999967, -37.634273897999947 ], [ -73.459288781999987, -37.633620167999936 ], [ -73.459723554999982, -37.633668669999963 ], [ -73.459618708999983, -37.633256195999934 ], [ -73.459894684999938, -37.633066868999947 ], [ -73.460518991999948, -37.633033997999974 ], [ -73.461777645999973, -37.633507670999961 ], [ -73.461247217999983, -37.632738858999971 ], [ -73.46329598799997, -37.632647641999938 ], [ -73.462587303999953, -37.631216861999974 ], [ -73.463447755999937, -37.630794757999979 ], [ -73.463880266999979, -37.631404248999957 ], [ -73.464436722999949, -37.631245608999961 ], [ -73.464050473999976, -37.630625125999984 ], [ -73.463740388999952, -37.630563388999974 ], [ -73.463061513999946, -37.629259499999932 ], [ -73.462030092999953, -37.629260363999947 ], [ -73.462331039999981, -37.626637470999981 ], [ -73.462608176999936, -37.621270212999946 ], [ -73.460630464999952, -37.621082656999931 ], [ -73.460219253999981, -37.619975143999966 ], [ -73.46069233299994, -37.61859769199998 ], [ -73.458954904999985, -37.618027522999967 ], [ -73.458729883999979, -37.618036506999943 ], [ -73.458968361999951, -37.619553843999938 ], [ -73.458937600999946, -37.621043816999929 ] ] ] } },
{ "type": "Feature", "properties": { "CUT": 8206, "COMUNA": "LOS ÁLAMOS", "AREA_C": "URBANO", "DISTRITO": "LOS ÁLAMOS", "LOCALIDAD": "LOS ÁLAMOS", "n_per": 3953.0, "n_hombres": 1836.0, "n_mujeres": 2117.0, "n_edad_60_mas": 651.0, "n_asistencia_basica": 514.0, "n_asistencia_media": 232.0, "n_asistencia_superior": 126.0, "n_transporte_auto": 354.0, "n_transporte_publico": 295.0, "n_transporte_camina": 243.0, "n_transporte_bicicleta": 29.0 }, "geometry": { "type": "Polygon", "coordinates": [ [ [ -73.468986276999942, -37.620528572999945 ], [ -73.46933020299997, -37.621414530999971 ], [ -73.46042743299995, -37.620625770999936 ], [ -73.460630464999952, -37.621082656999931 ], [ -73.462608176999936, -37.621270212999946 ], [ -73.462331039999981, -37.626637470999981 ], [ -73.462030092999953, -37.629260363999947 ], [ -73.463061513999946, -37.629259499999932 ], [ -73.463435930999935, -37.629931958999975 ], [ -73.46395443199998, -37.629920466999977 ], [ -73.464266037999948, -37.629747265999981 ], [ -73.464800388999947, -37.630368430999965 ], [ -73.46541059499998, -37.629996518999974 ], [ -73.46642406899997, -37.62976047199993 ], [ -73.467693774999987, -37.630539879999958 ], [ -73.468273468999939, -37.630377516999943 ], [ -73.468581839999956, -37.629884668999978 ], [ -73.468911704999982, -37.629719058999967 ], [ -73.46969633599997, -37.629979268999932 ], [ -73.469274884999948, -37.630483474999949 ], [ -73.469485977999966, -37.631588905999934 ], [ -73.470192601999941, -37.632312897999952 ], [ -73.471132875999956, -37.631863495999937 ], [ -73.472266762999936, -37.631012701999964 ], [ -73.471022348999952, -37.63050878599995 ], [ -73.471841830999949, -37.629403460999981 ], [ -73.474389211999949, -37.630525664999936 ], [ -73.47460297899994, -37.631649397999979 ], [ -73.477741336999941, -37.633490886999937 ], [ -73.478102048999972, -37.633313014999942 ], [ -73.479520784999977, -37.634616172999984 ], [ -73.480062806999968, -37.635375560999933 ], [ -73.48084651299996, -37.635334375999946 ], [ -73.480597368999952, -37.634949484999936 ], [ -73.480700654999964, -37.63386375999994 ], [ -73.480453096999952, -37.633063160999939 ], [ -73.479717802999971, -37.632478520999939 ], [ -73.478821387999972, -37.631111921999945 ], [ -73.478070629999934, -37.631647885999939 ], [ -73.476824871999952, -37.630568681999932 ], [ -73.475607036999975, -37.629838943999971 ], [ -73.472585561999949, -37.628489422999962 ], [ -73.471594123999978, -37.628675041999941 ], [ -73.471728003999942, -37.628365232999954 ], [ -73.471422532999952, -37.628305728999976 ], [ -73.471606231999942, -37.62763913699996 ], [ -73.473812529999975, -37.627244025999971 ], [ -73.474462335999988, -37.623971736999977 ], [ -73.474364762999983, -37.623526258999959 ], [ -73.474605489999988, -37.623442774999944 ], [ -73.474668019999967, -37.623090446999981 ], [ -73.47433443999995, -37.623091353999939 ], [ -73.47500757399996, -37.622442528999954 ], [ -73.470825200999968, -37.622514929999966 ], [ -73.471439749999945, -37.621113823999963 ], [ -73.470820492999962, -37.621058380999955 ], [ -73.469791375999989, -37.620531925999956 ], [ -73.468986276999942, -37.620528572999945 ] ] ] } },
{ "type": "Feature", "properties": { "CUT": 8206, "COMUNA": "LOS ÁLAMOS", "AREA_C": "URBANO", "DISTRITO": "TRES PINOS", "LOCALIDAD": "ANTIGUALA", "n_per": 3271.0, "n_hombres": 1634.0, "n_mujeres": 1637.0, "n_edad_60_mas": 661.0, "n_asistencia_basica": 369.0, "n_asistencia_media": 212.0, "n_asistencia_superior": 109.0, "n_transporte_auto": 313.0, "n_transporte_publico": 293.0, "n_transporte_camina": 129.0, "n_transporte_bicicleta": 21.0 }, "geometry": { "type": "Polygon", "coordinates": [ [ [ -73.391064496999945, -37.637685929999975 ], [ -73.390327185999979, -37.639809912999965 ], [ -73.390714538999987, -37.643572871999936 ], [ -73.390481012999942, -37.644730435999975 ], [ -73.389821303999952, -37.646582354999964 ], [ -73.389767740999957, -37.647347718999981 ], [ -73.38999886299996, -37.648279563999949 ], [ -73.391134704999956, -37.650204340999949 ], [ -73.390301505999957, -37.650430144999973 ], [ -73.390611153999942, -37.650621484999931 ], [ -73.390922524999951, -37.651397022999959 ], [ -73.391291123999963, -37.651504133999936 ], [ -73.391443107999976, -37.651733056999944 ], [ -73.391475958999933, -37.652793858999985 ], [ -73.391947165999966, -37.653690844999971 ], [ -73.391956223999955, -37.654028991999951 ], [ -73.392365413999983, -37.654528271999936 ], [ -73.39188044399998, -37.655432412999971 ], [ -73.391470950999974, -37.655373096999938 ], [ -73.391373825999949, -37.655091858999981 ], [ -73.389588602999936, -37.655700752999962 ], [ -73.389734403999967, -37.656329781999943 ], [ -73.389019188999953, -37.656521287999965 ], [ -73.389417806999973, -37.65781278999998 ], [ -73.389038722999942, -37.658033574999934 ], [ -73.389751066999963, -37.65971237399998 ], [ -73.389635163999969, -37.659776229999977 ], [ -73.389914426999951, -37.660487258999979 ], [ -73.389537503999975, -37.662060111999949 ], [ -73.390641831999972, -37.663496245999966 ], [ -73.390521515999978, -37.664307684999983 ], [ -73.390233639999963, -37.664720295999985 ], [ -73.390259684999933, -37.665271128999962 ], [ -73.390099158999988, -37.66567613999996 ], [ -73.389927833999934, -37.665502105999963 ], [ -73.389206911999963, -37.665608555999938 ], [ -73.388817489999951, -37.666220504999956 ], [ -73.387887101999979, -37.666757962999952 ], [ -73.385131455999954, -37.667381430999967 ], [ -73.385929911999938, -37.668578375999971 ], [ -73.386890188999985, -37.671050352999941 ], [ -73.387528628999974, -37.671695206999971 ], [ -73.386882890999971, -37.672886861999984 ], [ -73.384899282999982, -37.672677283999974 ], [ -73.384396088999949, -37.674932457999944 ], [ -73.382321831999946, -37.67740656999996 ], [ -73.384793725999941, -37.678544396999939 ], [ -73.385393735999969, -37.677807259999952 ], [ -73.386095617999956, -37.67812708699995 ], [ -73.386628051999935, -37.677530141999966 ], [ -73.386696292999943, -37.67812233199993 ], [ -73.387148993999972, -37.678934750999929 ], [ -73.387242557999969, -37.679910685999971 ], [ -73.387698916999966, -37.681469354999933 ], [ -73.389441935999969, -37.68116688899994 ], [ -73.389052615999958, -37.679643691999956 ], [ -73.390048917999934, -37.679422636999959 ], [ -73.38858309699998, -37.674397690999967 ], [ -73.388785452999969, -37.673449282999968 ], [ -73.388887763999946, -37.674070141999948 ], [ -73.38988296499997, -37.675002089999964 ], [ -73.391382349999958, -37.676907962999962 ], [ -73.391346670999951, -37.678394786999945 ], [ -73.393816727999933, -37.676376923999953 ], [ -73.394282501999953, -37.676641142999983 ], [ -73.394711671999971, -37.677092074999962 ], [ -73.394073035999952, -37.677735506999966 ], [ -73.394406015999948, -37.678183200999968 ], [ -73.395364645999962, -37.678142830999946 ], [ -73.395664203999956, -37.677867268999933 ], [ -73.397798429999966, -37.679676703999974 ], [ -73.401624269999957, -37.687675097999943 ], [ -73.403411811999945, -37.691040026999929 ], [ -73.409509141999933, -37.697298281999963 ], [ -73.41022744199995, -37.696542072999932 ], [ -73.404253801999971, -37.690447740999957 ], [ -73.398510112999986, -37.678656980999961 ], [ -73.394923997999967, -37.674763687999985 ], [ -73.396251501999984, -37.674062075999984 ], [ -73.395600568999953, -37.672992689999944 ], [ -73.396360916999981, -37.672152435999976 ], [ -73.396173499999975, -37.671762593999972 ], [ -73.395218522999983, -37.671702546999938 ], [ -73.394054203999985, -37.670369174999962 ], [ -73.392410133999988, -37.669449760999953 ], [ -73.392531205999944, -37.66893734699994 ], [ -73.392972325999949, -37.669274922999932 ], [ -73.393802335999965, -37.669235286999935 ], [ -73.393970046999982, -37.66819307399993 ], [ -73.394634220999933, -37.668176378999931 ], [ -73.394645083999933, -37.667996192999965 ], [ -73.396131372999946, -37.666744049999977 ], [ -73.396889707999946, -37.66725873799993 ], [ -73.39716875299996, -37.66672162499998 ], [ -73.395673907999935, -37.665881600999967 ], [ -73.395913034999978, -37.665670944999931 ], [ -73.395555539999975, -37.665435870999943 ], [ -73.39567660299997, -37.663709233999953 ], [ -73.395440312999938, -37.661591045999955 ], [ -73.395070049999958, -37.660517392999964 ], [ -73.394614431999969, -37.660004183999945 ], [ -73.393616458999986, -37.65742053799994 ], [ -73.394062297999938, -37.656838365999931 ], [ -73.39424990599997, -37.656129631999931 ], [ -73.394695464999984, -37.652932113999952 ], [ -73.394719609999981, -37.652184675999933 ], [ -73.394402972999956, -37.650435559999949 ], [ -73.393975917999967, -37.65010740799994 ], [ -73.393855973999962, -37.64932231399996 ], [ -73.393620500999987, -37.649113906999958 ], [ -73.393596080999941, -37.648488077999957 ], [ -73.392580952999936, -37.646163324999975 ], [ -73.392856904999974, -37.646087058999967 ], [ -73.392465708999964, -37.645425899999964 ], [ -73.392713553999954, -37.645331548999934 ], [ -73.392408758999977, -37.644900284999949 ], [ -73.392654537999988, -37.644844700999954 ], [ -73.392225561999965, -37.644318655999939 ], [ -73.391548918999945, -37.644244277999974 ], [ -73.39176714499996, -37.643834621999929 ], [ -73.39204340699996, -37.643899920999957 ], [ -73.392208307999965, -37.643429814999934 ], [ -73.393188630999987, -37.643458556999974 ], [ -73.39395142799998, -37.641751456999941 ], [ -73.393343486999981, -37.641676556999982 ], [ -73.393403515999978, -37.640855496999961 ], [ -73.392626270999983, -37.640827605999959 ], [ -73.392812967999987, -37.638130849999982 ], [ -73.39348515599994, -37.637881206999964 ], [ -73.394211882999969, -37.637991898999985 ], [ -73.394675190999976, -37.637858414999982 ], [ -73.393829617999984, -37.637140945999931 ], [ -73.394853669999975, -37.636780543999976 ], [ -73.396781229999988, -37.635660998999981 ], [ -73.392715138999961, -37.636052466999956 ], [ -73.391653042999963, -37.636688109999966 ], [ -73.391064496999945, -37.637685929999975 ] ] ] } },
{ "type": "Feature", "properties": { "CUT": 8201, "COMUNA": "LEBU", "AREA_C": "URBANO", "DISTRITO": "LEBU ORIENTE", "LOCALIDAD": "SANTA ROSA", "n_per": 18.0, "n_hombres": 11.0, "n_mujeres": 7.0, "n_edad_60_mas": 1.0, "n_asistencia_basica": 5.0, "n_asistencia_media": 1.0, "n_asistencia_superior": 2.0, "n_transporte_auto": 0.0, "n_transporte_publico": 2.0, "n_transporte_camina": 0.0, "n_transporte_bicicleta": 0.0 }, "geometry": { "type": "Polygon", "coordinates": [ [ [ -73.636046807999946, -37.639079325999944 ], [ -73.636271758999953, -37.639494927999976 ], [ -73.637806953999984, -37.638643353999953 ], [ -73.638404423999987, -37.637889540999936 ], [ -73.638879559999964, -37.636531243999968 ], [ -73.638353653999957, -37.636352196999951 ], [ -73.637587363999955, -37.638095158999931 ], [ -73.636983923999935, -37.638617653999972 ], [ -73.636046807999946, -37.639079325999944 ] ] ] } },
{ "type": "Feature", "properties": { "CUT": 8106, "COMUNA": "LOTA", "AREA_C": "URBANO", "DISTRITO": "LOTA ALTO", "LOCALIDAD": "LOTA", "n_per": 2479.0, "n_hombres": 1250.0, "n_mujeres": 1229.0, "n_edad_60_mas": 586.0, "n_asistencia_basica": 244.0, "n_asistencia_media": 109.0, "n_asistencia_superior": 104.0, "n_transporte_auto": 136.0, "n_transporte_publico": 452.0, "n_transporte_camina": 233.0, "n_transporte_bicicleta": 2.0 }, "geometry": { "type": "Polygon", "coordinates": [ [ [ -73.147989625999969, -37.073316424999973 ], [ -73.148118116999967, -37.073891064999941 ], [ -73.147939764999933, -37.075136955999938 ], [ -73.149792525999942, -37.076684515999943 ], [ -73.15044738499995, -37.077046226999983 ], [ -73.153031037999938, -37.077478547999931 ], [ -73.153369362999968, -37.07610938299996 ], [ -73.153323634999936, -37.075878847999945 ], [ -73.152800228999979, -37.07534345199997 ], [ -73.154218387999947, -37.074413495999977 ], [ -73.156052349999982, -37.074384644999952 ], [ -73.158355072999939, -37.074581146999947 ], [ -73.15892390199997, -37.074830171999963 ], [ -73.159756628999958, -37.075664015999962 ], [ -73.160905581999941, -37.07636606899996 ], [ -73.161565223999958, -37.076185434999957 ], [ -73.163478428999952, -37.078992850999953 ], [ -73.164453079999987, -37.078678627999977 ], [ -73.163911863999942, -37.078176230999929 ], [ -73.163906252999936, -37.077818 ], [ -73.164148263999948, -37.077344822999976 ], [ -73.164592332999973, -37.077024027999983 ], [ -73.164453307999963, -37.076513771999942 ], [ -73.16485641099996, -37.076385670999969 ], [ -73.164612801999965, -37.076090869999973 ], [ -73.164933897999958, -37.076371416999962 ], [ -73.165025726999943, -37.076295573999971 ], [ -73.164336301999981, -37.075160702999938 ], [ -73.16390807199997, -37.075391016999959 ], [ -73.163950042999943, -37.075783140999931 ], [ -73.163604937999935, -37.075831880999942 ], [ -73.163502880999943, -37.075665469999933 ], [ -73.162744904999954, -37.075415590999967 ], [ -73.162554386999943, -37.074945490999937 ], [ -73.16285245499995, -37.074302799999941 ], [ -73.163875873999984, -37.074530290999974 ], [ -73.163430540999968, -37.07440095499993 ], [ -73.163450674999979, -37.074292484999944 ], [ -73.163686064999979, -37.074329287999944 ], [ -73.163905547999946, -37.074146381999981 ], [ -73.164859915999955, -37.074342803999969 ], [ -73.164657468999962, -37.074060212999939 ], [ -73.164888132999977, -37.073895642999958 ], [ -73.164547918999972, -37.073541054999964 ], [ -73.164376269999934, -37.073668810999948 ], [ -73.164445685999965, -37.073441661999937 ], [ -73.164229237999962, -37.073498859999972 ], [ -73.164342358999988, -37.073146631999975 ], [ -73.164506467999956, -37.073189537999951 ], [ -73.164258281999935, -37.072768069999938 ], [ -73.163972873999967, -37.072800904999951 ], [ -73.163748510999937, -37.072704277999946 ], [ -73.163760070999956, -37.072560543999941 ], [ -73.163104336999936, -37.072661696999944 ], [ -73.162753623999947, -37.072487785999954 ], [ -73.162765872999955, -37.072343826999941 ], [ -73.162218992999954, -37.07223358799996 ], [ -73.162047847999986, -37.072286080999959 ], [ -73.161915320999981, -37.072635054999978 ], [ -73.161447659999965, -37.072582121999972 ], [ -73.161185106999937, -37.072726965999948 ], [ -73.160868789999938, -37.073207848999971 ], [ -73.160564055999942, -37.073379589999945 ], [ -73.159860981999941, -37.073409220999963 ], [ -73.159293288999947, -37.073009318999937 ], [ -73.159057840999935, -37.073146360999942 ], [ -73.158936178999966, -37.073008543999947 ], [ -73.157004727999947, -37.073388706999935 ], [ -73.156440947999954, -37.073030373999984 ], [ -73.155933546999961, -37.072949960999949 ], [ -73.155673220999972, -37.072552841999936 ], [ -73.15585168299998, -37.072522751999941 ], [ -73.155724634999956, -37.072405746999948 ], [ -73.155413687999953, -37.072543326999948 ], [ -73.155213465999964, -37.072907208999936 ], [ -73.154854217999969, -37.072781112999962 ], [ -73.15510685299995, -37.073075354999958 ], [ -73.154490224999961, -37.073507688999939 ], [ -73.151545598999974, -37.073366012999941 ], [ -73.150201434999985, -37.072618658999943 ], [ -73.148909722999974, -37.071359190999942 ], [ -73.146778261999941, -37.068594966999967 ], [ -73.145916561999968, -37.067009617999929 ], [ -73.145736969999973, -37.067049820999955 ], [ -73.145495855999968, -37.067184378999968 ], [ -73.145431587999951, -37.067686834999961 ], [ -73.144704476999948, -37.067992190999973 ], [ -73.144399220999958, -37.068294856999955 ], [ -73.146088634999956, -37.071603410999955 ], [ -73.147536337999952, -37.072706092999965 ], [ -73.147989625999969, -37.073316424999973 ] ] ] } },
{ "type": "Feature", "properties": { "CUT": 8106, "COMUNA": "LOTA", "AREA_C": "URBANO", "DISTRITO": "CEMENTERIO", "LOCALIDAD": "LOTA", "n_per": 2200.0, "n_hombres": 1071.0, "n_mujeres": 1129.0, "n_edad_60_mas": 548.0, "n_asistencia_basica": 212.0, "n_asistencia_media": 91.0, "n_asistencia_superior": 96.0, "n_transporte_auto": 105.0, "n_transporte_publico": 279.0, "n_transporte_camina": 131.0, "n_transporte_bicicleta": 1.0 }, "geometry": { "type": "Polygon", "coordinates": [ [ [ -73.141170337999938, -37.07336967599997 ], [ -73.140530255999977, -37.07344990799993 ], [ -73.14040627199995, -37.073825815999953 ], [ -73.140003412999988, -37.073858821999977 ], [ -73.14276654799994, -37.079132922999975 ], [ -73.144253792999962, -37.081649408999965 ], [ -73.143423336999945, -37.082357582999975 ], [ -73.142609151999977, -37.082712453999932 ], [ -73.142353653999976, -37.083184912999968 ], [ -73.141314666999961, -37.083938564999983 ], [ -73.141485981999949, -37.084130465999976 ], [ -73.142377346999979, -37.084274455999946 ], [ -73.143160264999949, -37.085059917999956 ], [ -73.144407169999965, -37.085002684999949 ], [ -73.145658207999986, -37.084731341999941 ], [ -73.147991224999942, -37.083713323999973 ], [ -73.148818388999985, -37.084046188999935 ], [ -73.149121998999988, -37.083558908999976 ], [ -73.149417903999961, -37.083434753999938 ], [ -73.150791960999982, -37.083479086999944 ], [ -73.151594584999941, -37.082899826999949 ], [ -73.152340700999957, -37.083096215999944 ], [ -73.153111103999947, -37.08304512899997 ], [ -73.152866213999971, -37.082590680999942 ], [ -73.152128554999933, -37.081930273999944 ], [ -73.148786607999966, -37.080120673999943 ], [ -73.147889304999978, -37.079224258999943 ], [ -73.14719015999998, -37.077378309999972 ], [ -73.14713390199995, -37.076755024999954 ], [ -73.148046732999944, -37.074355059999959 ], [ -73.148050301999945, -37.073455622999973 ], [ -73.147536337999952, -37.072706092999965 ], [ -73.146088634999956, -37.071603410999955 ], [ -73.144399220999958, -37.068294856999955 ], [ -73.142771287999949, -37.070138155999985 ], [ -73.142842099999939, -37.070592469999951 ], [ -73.142648823999934, -37.071171841999956 ], [ -73.14287599499994, -37.071720887999959 ], [ -73.142679850999968, -37.072207932999959 ], [ -73.141170337999938, -37.07336967599997 ] ] ] } },
{ "type": "Feature", "properties": { "CUT": 8106, "COMUNA": "LOTA", "AREA_C": "URBANO", "DISTRITO": "LOTA ALTO", "LOCALIDAD": "LOTA", "n_per": 3087.0, "n_hombres": 1467.0, "n_mujeres": 1620.0, "n_edad_60_mas": 922.0, "n_asistencia_basica": 262.0, "n_asistencia_media": 122.0, "n_asistencia_superior": 146.0, "n_transporte_auto": 190.0, "n_transporte_publico": 539.0, "n_transporte_camina": 197.0, "n_transporte_bicicleta": 4.0 }, "geometry": { "type": "Polygon", "coordinates": [ [ [ -73.156052349999982, -37.074384644999952 ], [ -73.154218387999947, -37.074413495999977 ], [ -73.152800228999979, -37.07534345199997 ], [ -73.153323634999936, -37.075878847999945 ], [ -73.153369362999968, -37.07610938299996 ], [ -73.153031037999938, -37.077478547999931 ], [ -73.150102321999952, -37.076896640999962 ], [ -73.148295773999962, -37.075485898999943 ], [ -73.147785458999977, -37.074891201999947 ], [ -73.147188581999956, -37.07646494599993 ], [ -73.147138287999951, -37.077063911999971 ], [ -73.148025434999965, -37.079439814999944 ], [ -73.148567359999959, -37.079967074999956 ], [ -73.149103934999971, -37.07976537899998 ], [ -73.150547984999946, -37.080704526999966 ], [ -73.152162781999948, -37.081339670999967 ], [ -73.152346922999982, -37.081078966999939 ], [ -73.15208378899996, -37.080762432999961 ], [ -73.152856102999976, -37.080417697999962 ], [ -73.152565218999939, -37.080007505999959 ], [ -73.152314417999946, -37.079950378999968 ], [ -73.155276736999951, -37.078658117999964 ], [ -73.15542813199994, -37.07876411899997 ], [ -73.155688202999954, -37.078331049999974 ], [ -73.155673035999939, -37.077506151999955 ], [ -73.155898175999937, -37.076599370999929 ], [ -73.15662318699998, -37.075651903999983 ], [ -73.158105726999963, -37.074997877999976 ], [ -73.158578450999983, -37.075014231999944 ], [ -73.159698205999973, -37.075493901999948 ], [ -73.15892390199997, -37.074830171999963 ], [ -73.158355072999939, -37.074581146999947 ], [ -73.156052349999982, -37.074384644999952 ] ] ] } },
{ "type": "Feature", "properties": { "CUT": 8106, "COMUNA": "LOTA", "AREA_C": "URBANO", "DISTRITO": "LOTA ALTO", "LOCALIDAD": "LOTA", "n_per": 3535.0, "n_hombres": 1722.0, "n_mujeres": 1813.0, "n_edad_60_mas": 951.0, "n_asistencia_basica": 288.0, "n_asistencia_media": 143.0, "n_asistencia_superior": 169.0, "n_transporte_auto": 226.0, "n_transporte_publico": 580.0, "n_transporte_camina": 249.0, "n_transporte_bicicleta": 3.0 }, "geometry": { "type": "Polygon", "coordinates": [ [ [ -73.155597614999976, -37.078500881999958 ], [ -73.15542813199994, -37.07876411899997 ], [ -73.155276736999951, -37.078658117999964 ], [ -73.152314417999946, -37.079950378999968 ], [ -73.152565218999939, -37.080007505999959 ], [ -73.152856102999976, -37.080417697999962 ], [ -73.15208378899996, -37.080762432999961 ], [ -73.152346922999982, -37.081078966999939 ], [ -73.152162781999948, -37.081339670999967 ], [ -73.155486169999961, -37.082001035999951 ], [ -73.156848773999968, -37.082704878999948 ], [ -73.157869483999946, -37.083860244999983 ], [ -73.158543658999974, -37.085897126999953 ], [ -73.159843787999989, -37.085169151999935 ], [ -73.160027463999938, -37.085392310999964 ], [ -73.16068981799998, -37.08520948599994 ], [ -73.161790098999973, -37.085189825999976 ], [ -73.161285413999963, -37.083512563999932 ], [ -73.160098311999946, -37.081798145999983 ], [ -73.16038145899995, -37.082056464999937 ], [ -73.160086729999989, -37.081378000999962 ], [ -73.161137182999937, -37.08061026699994 ], [ -73.161251260999961, -37.079845956999975 ], [ -73.160358441999961, -37.076605729999983 ], [ -73.16037599799995, -37.076056950999941 ], [ -73.159483704999957, -37.075405480999962 ], [ -73.158514829999945, -37.074999724999941 ], [ -73.157857054999965, -37.075048090999985 ], [ -73.156690605999984, -37.075606777999951 ], [ -73.155898175999937, -37.076599370999929 ], [ -73.155597614999976, -37.078500881999958 ] ] ] } },
{ "type": "Feature", "properties": { "CUT": 8106, "COMUNA": "LOTA", "AREA_C": "URBANO", "DISTRITO": "LOTA ALTO", "LOCALIDAD": "LOTA", "n_per": 2667.0, "n_hombres": 1297.0, "n_mujeres": 1370.0, "n_edad_60_mas": 598.0, "n_asistencia_basica": 284.0, "n_asistencia_media": 136.0, "n_asistencia_superior": 143.0, "n_transporte_auto": 189.0, "n_transporte_publico": 467.0, "n_transporte_camina": 266.0, "n_transporte_bicicleta": 4.0 }, "geometry": { "type": "Polygon", "coordinates": [ [ [ -73.160387315999969, -37.076090704999956 ], [ -73.16070115499997, -37.078084455999942 ], [ -73.161251260999961, -37.079845956999975 ], [ -73.161137182999937, -37.08061026699994 ], [ -73.160086729999989, -37.081378000999962 ], [ -73.16038145899995, -37.082056464999937 ], [ -73.160098311999946, -37.081798145999983 ], [ -73.161423323999941, -37.083466638999937 ], [ -73.161645935999957, -37.084091763999936 ], [ -73.165278097999987, -37.082606117999944 ], [ -73.167685378999977, -37.08359119499994 ], [ -73.16934090999996, -37.083197963999964 ], [ -73.16959547099998, -37.082636891999982 ], [ -73.169849805999945, -37.082914157999937 ], [ -73.170215905999953, -37.08288994399993 ], [ -73.170009086999983, -37.082312879999961 ], [ -73.170335168999941, -37.082120458999952 ], [ -73.169574792999981, -37.08133102599993 ], [ -73.169596471999967, -37.080688438999971 ], [ -73.169171190999975, -37.079915815999982 ], [ -73.16932458399998, -37.079649520999965 ], [ -73.170018380999977, -37.080039744999965 ], [ -73.170194759999958, -37.079838008999957 ], [ -73.169713053999942, -37.079217444999983 ], [ -73.16955814399995, -37.079165002999957 ], [ -73.169310689999975, -37.079453981999961 ], [ -73.169508795999946, -37.07900908199997 ], [ -73.169241237999984, -37.079095042999938 ], [ -73.168971972999941, -37.079641448999951 ], [ -73.167688791999979, -37.080160998999929 ], [ -73.166845606999971, -37.080280969999933 ], [ -73.166159961999938, -37.080194364999954 ], [ -73.16472073999995, -37.079465112999969 ], [ -73.164216622999959, -37.078840213999968 ], [ -73.163478428999952, -37.078992850999953 ], [ -73.161565223999958, -37.076185434999957 ], [ -73.160905581999941, -37.07636606899996 ], [ -73.160387315999969, -37.076090704999956 ] ] ] } },
{ "type": "Feature", "properties": { "CUT": 8106, "COMUNA": "LOTA", "AREA_C": "URBANO", "DISTRITO": "BANNEN", "LOCALIDAD": "LOTA", "n_per": 3291.0, "n_hombres": 1556.0, "n_mujeres": 1735.0, "n_edad_60_mas": 1019.0, "n_asistencia_basica": 244.0, "n_asistencia_media": 126.0, "n_asistencia_superior": 153.0, "n_transporte_auto": 126.0, "n_transporte_publico": 412.0, "n_transporte_camina": 127.0, "n_transporte_bicicleta": 3.0 }, "geometry": { "type": "Polygon", "coordinates": [ [ [ -73.154929114999959, -37.088594099999966 ], [ -73.153418185999953, -37.089159653999957 ], [ -73.154081400999985, -37.089195371999949 ], [ -73.154182452999976, -37.089473557999952 ], [ -73.156234136999956, -37.089082659999974 ], [ -73.156527704999974, -37.08915481799994 ], [ -73.15556143799995, -37.090698983999971 ], [ -73.157968653999944, -37.091759346999936 ], [ -73.159027758999969, -37.093438636999963 ], [ -73.158999920999975, -37.09424033099998 ], [ -73.158468609999943, -37.094839666999974 ], [ -73.15865099399997, -37.094910625999944 ], [ -73.159057316999963, -37.09436827899998 ], [ -73.159178790999988, -37.093747138999959 ], [ -73.159044677999987, -37.093131126999936 ], [ -73.158426717999987, -37.092217685999969 ], [ -73.15822289099998, -37.091550564999977 ], [ -73.158620412999937, -37.089873317999945 ], [ -73.158693263999965, -37.086925278999956 ], [ -73.158274207999966, -37.084876067999971 ], [ -73.157621759999984, -37.083466496999961 ], [ -73.156848773999968, -37.082704878999948 ], [ -73.155796309999971, -37.082117447999963 ], [ -73.151745020999954, -37.081206299999963 ], [ -73.150547984999946, -37.080704526999966 ], [ -73.149103934999971, -37.07976537899998 ], [ -73.148568240999964, -37.079966743999933 ], [ -73.151896133999969, -37.081773435999935 ], [ -73.153001918999962, -37.082764034999968 ], [ -73.153339297999935, -37.085346916999981 ], [ -73.155211465999969, -37.08793566199995 ], [ -73.154929114999959, -37.088594099999966 ] ] ] } },
{ "type": "Feature", "properties": { "CUT": 8106, "COMUNA": "LOTA", "AREA_C": "URBANO", "DISTRITO": "LOTA ALTO", "LOCALIDAD": "LOTA", "n_per": 4332.0, "n_hombres": 2023.0, "n_mujeres": 2309.0, "n_edad_60_mas": 1001.0, "n_asistencia_basica": 437.0, "n_asistencia_media": 196.0, "n_asistencia_superior": 215.0, "n_transporte_auto": 283.0, "n_transporte_publico": 643.0, "n_transporte_camina": 405.0, "n_transporte_bicicleta": 5.0 }, "geometry": { "type": "Polygon", "coordinates": [ [ [ -73.165278097999987, -37.082606117999944 ], [ -73.161645935999957, -37.084091763999936 ], [ -73.161423323999941, -37.083466638999937 ], [ -73.16078622699996, -37.082728213999928 ], [ -73.161285413999963, -37.083512563999932 ], [ -73.161790098999973, -37.085189825999976 ], [ -73.16068981799998, -37.08520948599994 ], [ -73.160027463999938, -37.085392310999964 ], [ -73.159843787999989, -37.085169151999935 ], [ -73.158543658999974, -37.085897126999953 ], [ -73.158706233999965, -37.087134213999946 ], [ -73.158628417999978, -37.08973706699993 ], [ -73.158227216999933, -37.091606340999931 ], [ -73.158426717999987, -37.092217685999969 ], [ -73.159094098999958, -37.093265892999966 ], [ -73.159653102999982, -37.093894470999942 ], [ -73.160465015999989, -37.094453621999946 ], [ -73.160396896999941, -37.095335342999931 ], [ -73.159428871999978, -37.096443560999944 ], [ -73.159979840999938, -37.097411586999954 ], [ -73.160123402999943, -37.097545265999941 ], [ -73.160744130999944, -37.096973378999962 ], [ -73.161903880999944, -37.09660736099994 ], [ -73.163443060999953, -37.095555662999971 ], [ -73.163664949999941, -37.095669932999954 ], [ -73.164048537999975, -37.095264124999972 ], [ -73.165677263999953, -37.094259964999935 ], [ -73.167244761999939, -37.093732106999937 ], [ -73.168744858999958, -37.093712816999982 ], [ -73.170051831999956, -37.094146972999965 ], [ -73.171085817999938, -37.095092703999967 ], [ -73.171717761999957, -37.095486928999946 ], [ -73.172060142999953, -37.09542640199993 ], [ -73.172151337999935, -37.095733810999945 ], [ -73.17257204799995, -37.095832426999948 ], [ -73.172575922999954, -37.095500160999961 ], [ -73.172950512999989, -37.09538122999993 ], [ -73.172519058999967, -37.095299032999947 ], [ -73.172872635999965, -37.095094836999976 ], [ -73.172588545999986, -37.094818758999963 ], [ -73.172134462999963, -37.094811758999981 ], [ -73.172286117999988, -37.094430878999958 ], [ -73.172131253999964, -37.094189471999982 ], [ -73.172640429999944, -37.093774441999983 ], [ -73.172633559999952, -37.09343400399996 ], [ -73.172405986999934, -37.09370995699993 ], [ -73.172149961999935, -37.093234029999962 ], [ -73.17237487899996, -37.091730972999983 ], [ -73.173614080999982, -37.090711942999974 ], [ -73.173937464999938, -37.090965334999964 ], [ -73.173781206999934, -37.09109250399996 ], [ -73.174213283999961, -37.091165113999978 ], [ -73.173555753999949, -37.089970234999953 ], [ -73.173953087999962, -37.089601864999963 ], [ -73.174293991999946, -37.089661966999984 ], [ -73.174579101999939, -37.089193787999932 ], [ -73.174832221999964, -37.089180807999981 ], [ -73.174218451999934, -37.088639716999978 ], [ -73.173126196999988, -37.08828534099996 ], [ -73.171745764999969, -37.085238773999947 ], [ -73.171099884999933, -37.084456767999939 ], [ -73.170215905999953, -37.08288994399993 ], [ -73.169849805999945, -37.082914157999937 ], [ -73.16959547099998, -37.082636891999982 ], [ -73.16934090999996, -37.083197963999964 ], [ -73.167685378999977, -37.08359119499994 ], [ -73.165278097999987, -37.082606117999944 ] ] ] } },
{ "type": "Feature", "properties": { "CUT": 8106, "COMUNA": "LOTA", "AREA_C": "URBANO", "DISTRITO": "CEMENTERIO", "LOCALIDAD": "LOTA", "n_per": 3500.0, "n_hombres": 1763.0, "n_mujeres": 1737.0, "n_edad_60_mas": 728.0, "n_asistencia_basica": 367.0, "n_asistencia_media": 153.0, "n_asistencia_superior": 159.0, "n_transporte_auto": 204.0, "n_transporte_publico": 508.0, "n_transporte_camina": 209.0, "n_transporte_bicicleta": 0.0 }, "geometry": { "type": "Polygon", "coordinates": [ [ [ -73.151665193999975, -37.082887407999976 ], [ -73.150592515999961, -37.083528915999977 ], [ -73.149226932999966, -37.083503313999984 ], [ -73.148818388999985, -37.084046188999935 ], [ -73.147991224999942, -37.083713323999973 ], [ -73.145658207999986, -37.084731341999941 ], [ -73.144407169999965, -37.085002684999949 ], [ -73.143160264999949, -37.085059917999956 ], [ -73.142377346999979, -37.084274455999946 ], [ -73.141485981999949, -37.084130465999976 ], [ -73.141277677999938, -37.084424300999956 ], [ -73.141410269999938, -37.085601793999956 ], [ -73.140739550999967, -37.085904103999951 ], [ -73.141617424999936, -37.08627689399998 ], [ -73.141715110999939, -37.086650042999963 ], [ -73.141495994999957, -37.087050956999974 ], [ -73.141730124999981, -37.087362132999942 ], [ -73.141351936999968, -37.087668447999931 ], [ -73.143918565999968, -37.088690449999945 ], [ -73.144172576999949, -37.089220316999956 ], [ -73.143956048999939, -37.089722087999974 ], [ -73.143300298999975, -37.090028227999937 ], [ -73.143557476999945, -37.090058094999961 ], [ -73.144296138999948, -37.089868347999982 ], [ -73.144585449999965, -37.089258345999951 ], [ -73.145146939999961, -37.088642842999946 ], [ -73.146723692999956, -37.08925800399993 ], [ -73.148276533999933, -37.08860264599997 ], [ -73.149211244999947, -37.088563164999982 ], [ -73.15111303499998, -37.089467064999951 ], [ -73.151739741999961, -37.08960301299993 ], [ -73.154850273999955, -37.088648552999985 ], [ -73.155145627999957, -37.088331193999977 ], [ -73.155191377999984, -37.087836208999931 ], [ -73.153339297999935, -37.085346916999981 ], [ -73.153172927999947, -37.084785538999938 ], [ -73.153111103999947, -37.08304512899997 ], [ -73.152340700999957, -37.083096215999944 ], [ -73.151665193999975, -37.082887407999976 ] ] ] } },
{ "type": "Feature", "properties": { "CUT": 8106, "COMUNA": "LOTA", "AREA_C": "URBANO", "DISTRITO": "BANNEN", "LOCALIDAD": "LOTA", "n_per": 2852.0, "n_hombres": 1369.0, "n_mujeres": 1483.0, "n_edad_60_mas": 831.0, "n_asistencia_basica": 220.0, "n_asistencia_media": 128.0, "n_asistencia_superior": 124.0, "n_transporte_auto": 107.0, "n_transporte_publico": 365.0, "n_transporte_camina": 169.0, "n_transporte_bicicleta": 0.0 }, "geometry": { "type": "Polygon", "coordinates": [ [ [ -73.147433440999976, -37.089499754999963 ], [ -73.149031631999947, -37.09326247499996 ], [ -73.149160605999953, -37.093073211999979 ], [ -73.151878398999941, -37.092173785999933 ], [ -73.153621649999934, -37.091705248999972 ], [ -73.155024769999955, -37.091546837999942 ], [ -73.156527704999974, -37.08915481799994 ], [ -73.156234136999956, -37.089082659999974 ], [ -73.154182452999976, -37.089473557999952 ], [ -73.154081400999985, -37.089195371999949 ], [ -73.153418185999953, -37.089159653999957 ], [ -73.151739741999961, -37.08960301299993 ], [ -73.150979396999958, -37.089410905999955 ], [ -73.149401326999964, -37.088611195999931 ], [ -73.148672106999982, -37.088527710999983 ], [ -73.147729281999943, -37.088900529999933 ], [ -73.147433440999976, -37.089499754999963 ] ] ] } },
{ "type": "Feature", "properties": { "CUT": 8106, "COMUNA": "LOTA", "AREA_C": "URBANO", "DISTRITO": "LOTA BAJO", "LOCALIDAD": "LOTA", "n_per": 2842.0, "n_hombres": 1399.0, "n_mujeres": 1443.0, "n_edad_60_mas": 912.0, "n_asistencia_basica": 224.0, "n_asistencia_media": 105.0, "n_asistencia_superior": 120.0, "n_transporte_auto": 157.0, "n_transporte_publico": 332.0, "n_transporte_camina": 349.0, "n_transporte_bicicleta": 1.0 }, "geometry": { "type": "Polygon", "coordinates": [ [ [ -73.153621649999934, -37.091705248999972 ], [ -73.149062886999957, -37.093160300999955 ], [ -73.149050820999946, -37.095157929999971 ], [ -73.149209690999953, -37.096142789999931 ], [ -73.15008738399996, -37.096138463999978 ], [ -73.151081428999987, -37.096547828999974 ], [ -73.151658418999943, -37.096508196999935 ], [ -73.152136889999952, -37.096695375999957 ], [ -73.152841226999954, -37.096451780999985 ], [ -73.153513568999983, -37.095794658999978 ], [ -73.155531873999962, -37.096588302999976 ], [ -73.155044381999971, -37.097378338999931 ], [ -73.156039714999963, -37.09777235699994 ], [ -73.155786985999953, -37.098421844999962 ], [ -73.155781004999938, -37.098991626999975 ], [ -73.155999849999944, -37.099100629999953 ], [ -73.156251707999957, -37.099953638999978 ], [ -73.156474918999947, -37.099854759999971 ], [ -73.157769300999973, -37.100340929999959 ], [ -73.158753073999947, -37.100415976999955 ], [ -73.158957643999941, -37.099498065999967 ], [ -73.160123402999943, -37.097545265999941 ], [ -73.159428871999978, -37.096443560999944 ], [ -73.160396896999941, -37.095335342999931 ], [ -73.160465015999989, -37.094453621999946 ], [ -73.159653102999982, -37.093894470999942 ], [ -73.159094098999958, -37.093265892999966 ], [ -73.159178790999988, -37.093747138999959 ], [ -73.159057316999963, -37.09436827899998 ], [ -73.15865099399997, -37.094910625999944 ], [ -73.158468609999943, -37.094839666999974 ], [ -73.158999920999975, -37.09424033099998 ], [ -73.159038774999942, -37.093506401999946 ], [ -73.157968653999944, -37.091759346999936 ], [ -73.15556143799995, -37.090698983999971 ], [ -73.155024769999955, -37.091546837999942 ], [ -73.153621649999934, -37.091705248999972 ] ] ] } },
{ "type": "Feature", "properties": { "CUT": 8106, "COMUNA": "LOTA", "AREA_C": "URBANO", "DISTRITO": "LOTA BAJO", "LOCALIDAD": "LOTA", "n_per": 2560.0, "n_hombres": 1264.0, "n_mujeres": 1296.0, "n_edad_60_mas": 637.0, "n_asistencia_basica": 206.0, "n_asistencia_media": 103.0, "n_asistencia_superior": 120.0, "n_transporte_auto": 129.0, "n_transporte_publico": 341.0, "n_transporte_camina": 222.0, "n_transporte_bicicleta": 1.0 }, "geometry": { "type": "Polygon", "coordinates": [ [ [ -73.152222101999939, -37.096681840999963 ], [ -73.151658418999943, -37.096508196999935 ], [ -73.151228565999986, -37.096587555999974 ], [ -73.15008738399996, -37.096138463999978 ], [ -73.14922173399998, -37.096158127999956 ], [ -73.149923269999988, -37.098578332999978 ], [ -73.149602649999963, -37.098807656999952 ], [ -73.14824234699995, -37.098690958999953 ], [ -73.147902302999967, -37.099378160999947 ], [ -73.149136738999971, -37.099941675999958 ], [ -73.149487398999952, -37.100457474999985 ], [ -73.149575823999953, -37.100983486999951 ], [ -73.149090734999959, -37.101832016999936 ], [ -73.148155355999961, -37.102220897999985 ], [ -73.148616734999962, -37.102281649999952 ], [ -73.149335874999963, -37.102715996999962 ], [ -73.150163143999976, -37.103765445999954 ], [ -73.150890640999933, -37.10431645999995 ], [ -73.151671667999949, -37.104184438999937 ], [ -73.15270987699995, -37.104466493999951 ], [ -73.154482720999965, -37.104412992999983 ], [ -73.154695058999948, -37.104299130999948 ], [ -73.15475674399994, -37.103727788999947 ], [ -73.154886438999938, -37.103657706999968 ], [ -73.155611412999974, -37.104038506999984 ], [ -73.15686390999997, -37.104242744999965 ], [ -73.157112674999951, -37.104453903999968 ], [ -73.157162897999967, -37.104761115999963 ], [ -73.156965032999949, -37.104974341999934 ], [ -73.156255419999979, -37.105206651999936 ], [ -73.156802280999955, -37.105828015999975 ], [ -73.157702828999959, -37.105697812999949 ], [ -73.158965934999969, -37.106010756999979 ], [ -73.159634880999988, -37.105835583999976 ], [ -73.160828395999943, -37.106106525999962 ], [ -73.161255522999966, -37.10591072099993 ], [ -73.163307657999951, -37.105644892999976 ], [ -73.163039924999964, -37.105314636999935 ], [ -73.162938159999953, -37.105413202999955 ], [ -73.163035750999939, -37.10562013699996 ], [ -73.162829750999947, -37.105388668999979 ], [ -73.162344855999947, -37.105435075999935 ], [ -73.161981275999949, -37.105224016999955 ], [ -73.161416539999948, -37.105377028999953 ], [ -73.161315980999973, -37.104895294999949 ], [ -73.161759349999954, -37.104457946999958 ], [ -73.161168774999965, -37.104168385999969 ], [ -73.160940557999936, -37.103838971999949 ], [ -73.161291973999937, -37.103779233999944 ], [ -73.161415894999948, -37.103494326999964 ], [ -73.160935453999969, -37.103078597999968 ], [ -73.160959527999978, -37.103389754999966 ], [ -73.160651770999948, -37.103143526999929 ], [ -73.160647959999949, -37.103433625999969 ], [ -73.160324825999965, -37.103539025999964 ], [ -73.159975705999955, -37.10352590399998 ], [ -73.15966403699997, -37.103289965999977 ], [ -73.159523208999985, -37.103015594999931 ], [ -73.159746632999941, -37.102725053999961 ], [ -73.159527645999958, -37.102658663999932 ], [ -73.159680735999984, -37.102569631999984 ], [ -73.159426490999977, -37.102427096999975 ], [ -73.159037749999982, -37.102492099999949 ], [ -73.158912593999958, -37.102281495999932 ], [ -73.158753073999947, -37.100415976999955 ], [ -73.157769300999973, -37.100340929999959 ], [ -73.156474918999947, -37.099854759999971 ], [ -73.156251707999957, -37.099953638999978 ], [ -73.155999849999944, -37.099100629999953 ], [ -73.155781004999938, -37.098991626999975 ], [ -73.155786985999953, -37.098421844999962 ], [ -73.156039714999963, -37.09777235699994 ], [ -73.155044381999971, -37.097378338999931 ], [ -73.155531873999962, -37.096588302999976 ], [ -73.153513568999983, -37.095794658999978 ], [ -73.152841226999954, -37.096451780999985 ], [ -73.152222101999939, -37.096681840999963 ] ] ] } },
{ "type": "Feature", "properties": { "CUT": 8106, "COMUNA": "LOTA", "AREA_C": "URBANO", "DISTRITO": "COLCURA", "LOCALIDAD": "LOTA", "n_per": 2094.0, "n_hombres": 999.0, "n_mujeres": 1095.0, "n_edad_60_mas": 398.0, "n_asistencia_basica": 209.0, "n_asistencia_media": 120.0, "n_asistencia_superior": 120.0, "n_transporte_auto": 137.0, "n_transporte_publico": 283.0, "n_transporte_camina": 133.0, "n_transporte_bicicleta": 4.0 }, "geometry": { "type": "Polygon", "coordinates": [ [ [ -73.143375377999973, -37.101089232999982 ], [ -73.138547571999936, -37.103231276999963 ], [ -73.138172288999954, -37.103602163999938 ], [ -73.138055342999962, -37.104122572999984 ], [ -73.138533860999985, -37.104886032999957 ], [ -73.141216830999952, -37.107396095999945 ], [ -73.140923397999984, -37.107742422999934 ], [ -73.140851599999962, -37.108163572999956 ], [ -73.141119454999966, -37.108942923999962 ], [ -73.141096007999977, -37.10991480499996 ], [ -73.142361986999958, -37.112805020999929 ], [ -73.14485584199997, -37.112248167999951 ], [ -73.14492654299994, -37.112644601999932 ], [ -73.145419112999946, -37.11328750399997 ], [ -73.148120282999969, -37.114329419999933 ], [ -73.148135423999975, -37.115702867999971 ], [ -73.147874986999966, -37.117939856999953 ], [ -73.148110947999953, -37.118663265999942 ], [ -73.148577580999984, -37.119033006999985 ], [ -73.150507625999978, -37.119658881999953 ], [ -73.152113117999988, -37.120553508999933 ], [ -73.15424711999998, -37.121093865999967 ], [ -73.154359645999989, -37.120710351999946 ], [ -73.154723329999968, -37.120344087999968 ], [ -73.155785801999968, -37.119890551999958 ], [ -73.156663081999966, -37.119747533999941 ], [ -73.156200030999969, -37.119301655999948 ], [ -73.156205608999983, -37.118805839999936 ], [ -73.155865610999967, -37.118728230999977 ], [ -73.155248399999948, -37.118909754999947 ], [ -73.154915766999977, -37.118528775999948 ], [ -73.154193550999935, -37.118385806999981 ], [ -73.152839730999972, -37.115476333999936 ], [ -73.152385387999971, -37.11292513799998 ], [ -73.152395665999961, -37.111715642999968 ], [ -73.152536417999954, -37.110758060999956 ], [ -73.15302849699998, -37.109582385999943 ], [ -73.153715901999988, -37.108547622999936 ], [ -73.154623133999962, -37.107905828999947 ], [ -73.155270870999971, -37.10799411499994 ], [ -73.156100356999957, -37.108521933999953 ], [ -73.156433603999972, -37.108448869999961 ], [ -73.157134148999944, -37.108697301999939 ], [ -73.157322127999976, -37.109147352999969 ], [ -73.157599227999981, -37.108799545999943 ], [ -73.158430748999933, -37.108641822999971 ], [ -73.159025456999984, -37.107910452999931 ], [ -73.159533770999985, -37.107586079999976 ], [ -73.159990022999978, -37.107793841999978 ], [ -73.160207233999984, -37.107525598999985 ], [ -73.160773493999955, -37.107405171999972 ], [ -73.160976037999944, -37.107743217999939 ], [ -73.161453523999967, -37.107985321999934 ], [ -73.161664125999948, -37.107854098999951 ], [ -73.161522837999939, -37.107569744999978 ], [ -73.162114758999962, -37.107191278999949 ], [ -73.162289795999982, -37.107318988999964 ], [ -73.162899379999942, -37.107299430999944 ], [ -73.163090547999957, -37.107154718999936 ], [ -73.163116006999985, -37.107054905999973 ], [ -73.16289186299997, -37.107201743999951 ], [ -73.162745984999958, -37.107107185999951 ], [ -73.162803733999965, -37.106897381999943 ], [ -73.162443523999968, -37.106543708999936 ], [ -73.162727233999988, -37.106261406999977 ], [ -73.162699403999966, -37.106086366999932 ], [ -73.162821598999983, -37.106203810999943 ], [ -73.16279773399998, -37.106050401999937 ], [ -73.163023244999977, -37.106005108999966 ], [ -73.162938973999985, -37.105777649999936 ], [ -73.161255522999966, -37.10591072099993 ], [ -73.160724500999947, -37.106107686999962 ], [ -73.159808414999986, -37.105844904999969 ], [ -73.15905135099996, -37.106014294999966 ], [ -73.157702828999959, -37.105697812999949 ], [ -73.156802280999955, -37.105828015999975 ], [ -73.156255419999979, -37.105206651999936 ], [ -73.157022959999949, -37.104934688999947 ], [ -73.157174486999963, -37.104689195999981 ], [ -73.157043962999978, -37.104358204999983 ], [ -73.155335802999957, -37.103948596999942 ], [ -73.154940569999951, -37.103658546999952 ], [ -73.15475674399994, -37.103727788999947 ], [ -73.154695058999948, -37.104299130999948 ], [ -73.154482720999965, -37.104412992999983 ], [ -73.15270987699995, -37.104466493999951 ], [ -73.151671667999949, -37.104184438999937 ], [ -73.150890640999933, -37.10431645999995 ], [ -73.150163143999976, -37.103765445999954 ], [ -73.149335874999963, -37.102715996999962 ], [ -73.148616734999962, -37.102281649999952 ], [ -73.147269555999969, -37.102187501999936 ], [ -73.144638843999985, -37.101042243999984 ], [ -73.143375377999973, -37.101089232999982 ] ] ] } },
{ "type": "Feature", "properties": { "CUT": 8106, "COMUNA": "LOTA", "AREA_C": "URBANO", "DISTRITO": "CEMENTERIO", "LOCALIDAD": "LOTA", "n_per": 4171.0, "n_hombres": 1965.0, "n_mujeres": 2206.0, "n_edad_60_mas": 675.0, "n_asistencia_basica": 486.0, "n_asistencia_media": 245.0, "n_asistencia_superior": 198.0, "n_transporte_auto": 240.0, "n_transporte_publico": 656.0, "n_transporte_camina": 220.0, "n_transporte_bicicleta": 0.0 }, "geometry": { "type": "Polygon", "coordinates": [ [ [ -73.144635557999948, -37.089188053999976 ], [ -73.144296138999948, -37.089868347999982 ], [ -73.143300298999975, -37.090028227999937 ], [ -73.144068417999961, -37.090196276999961 ], [ -73.144634025999949, -37.08985149199998 ], [ -73.144848884999988, -37.089884759999961 ], [ -73.144975788999943, -37.090066939999929 ], [ -73.144642332999979, -37.090620953999974 ], [ -73.145180756999935, -37.090520326999979 ], [ -73.145015692999948, -37.091367754999965 ], [ -73.143618937999975, -37.092109095999945 ], [ -73.143292160999977, -37.092677655999978 ], [ -73.142260402999966, -37.09338375699997 ], [ -73.142673234999961, -37.093717118999962 ], [ -73.142601655999954, -37.094138502999954 ], [ -73.142189316999975, -37.094765761999952 ], [ -73.141377661999968, -37.095050734999973 ], [ -73.140151457999934, -37.095190626999965 ], [ -73.140813001999959, -37.095486784999935 ], [ -73.14069066899998, -37.095610860999955 ], [ -73.140954326999974, -37.096736101999966 ], [ -73.140779475999977, -37.096970612999939 ], [ -73.144012853999982, -37.098685051999951 ], [ -73.144780688999958, -37.098938654999984 ], [ -73.148027488999958, -37.099425784999937 ], [ -73.147902302999967, -37.099378160999947 ], [ -73.147990375999939, -37.098988923999968 ], [ -73.14824234699995, -37.098690958999953 ], [ -73.149738493999962, -37.098773727999969 ], [ -73.149948174999963, -37.098479580999935 ], [ -73.149053348999985, -37.095199566999952 ], [ -73.149129024999979, -37.093590947999985 ], [ -73.14746015999998, -37.089788577999968 ], [ -73.147470907999946, -37.08934712599995 ], [ -73.147677474999966, -37.088960228999952 ], [ -73.146723692999956, -37.08925800399993 ], [ -73.145146939999961, -37.088642842999946 ], [ -73.144635557999948, -37.089188053999976 ] ] ] } },
{ "type": "Feature", "properties": { "CUT": 8109, "COMUNA": "SANTA JUANA", "AREA_C": "URBANO", "DISTRITO": "SANTA JUANA", "LOCALIDAD": "SANTA JUANA", "n_per": 3000.0, "n_hombres": 1399.0, "n_mujeres": 1601.0, "n_edad_60_mas": 804.0, "n_asistencia_basica": 243.0, "n_asistencia_media": 145.0, "n_asistencia_superior": 131.0, "n_transporte_auto": 297.0, "n_transporte_publico": 234.0, "n_transporte_camina": 177.0, "n_transporte_bicicleta": 66.0 }, "geometry": { "type": "Polygon", "coordinates": [ [ [ -72.954262000999961, -37.161096121999947 ], [ -72.953463044999978, -37.161469263999948 ], [ -72.950811932999954, -37.16144290099993 ], [ -72.949813088999974, -37.161701493999942 ], [ -72.949158500999943, -37.16213033899993 ], [ -72.948558987999945, -37.162275335999936 ], [ -72.947077189999959, -37.163414454999952 ], [ -72.947247001999983, -37.163414693999982 ], [ -72.946316114999945, -37.163969506999933 ], [ -72.946133341999939, -37.16429827199994 ], [ -72.946322747999943, -37.164340219999929 ], [ -72.945585189999974, -37.164862147999941 ], [ -72.945643331999975, -37.165081350999969 ], [ -72.945259630999942, -37.165448177999963 ], [ -72.944237915999963, -37.165741926999942 ], [ -72.943904326999984, -37.16641595699997 ], [ -72.943259277999971, -37.166780943999981 ], [ -72.941612023999937, -37.167250456999966 ], [ -72.940837432999956, -37.167736291999972 ], [ -72.94067830299997, -37.16813043999997 ], [ -72.94007337499994, -37.16858037399993 ], [ -72.939683400999968, -37.169217991999972 ], [ -72.939082397999982, -37.169763342999943 ], [ -72.938742865999984, -37.170521070999939 ], [ -72.938334386999941, -37.170927097999936 ], [ -72.937801248999961, -37.171282736999956 ], [ -72.936698554999964, -37.171535352999967 ], [ -72.936551845999986, -37.171699529999955 ], [ -72.935433010999986, -37.171859835999953 ], [ -72.934330614999965, -37.172574598999972 ], [ -72.933590534999951, -37.17270769299995 ], [ -72.933413173999952, -37.173095383999964 ], [ -72.932727590999946, -37.173369485999956 ], [ -72.932698549999941, -37.174772793999978 ], [ -72.932485870999983, -37.175266092999948 ], [ -72.932765852999978, -37.175380726999947 ], [ -72.933962225999949, -37.177387561999979 ], [ -72.93447957799998, -37.177713577999953 ], [ -72.934302437999975, -37.179008383999928 ], [ -72.934380830999942, -37.17938432699998 ], [ -72.934027481999976, -37.18002321299997 ], [ -72.935083961999965, -37.180819141999962 ], [ -72.935276698999985, -37.181222460999948 ], [ -72.936358163999955, -37.181300982999971 ], [ -72.937609254999984, -37.181801137999969 ], [ -72.938268592999975, -37.181445351999969 ], [ -72.940979360999961, -37.183783557999959 ], [ -72.940913500999955, -37.185897590999957 ], [ -72.941383841999937, -37.185741889999974 ], [ -72.942631423999956, -37.184151201999953 ], [ -72.942778132999933, -37.184502452999936 ], [ -72.942984707999983, -37.183322870999973 ], [ -72.944080114999963, -37.182176000999959 ], [ -72.949294069999951, -37.178963521999947 ], [ -72.948619633999954, -37.17851122899998 ], [ -72.947422592999942, -37.178057893999949 ], [ -72.946644309999954, -37.177322471999958 ], [ -72.947729605999939, -37.176583351999966 ], [ -72.943142605999981, -37.172111226999959 ], [ -72.956178376999958, -37.16409329499993 ], [ -72.954262000999961, -37.161096121999947 ] ] ] } },
{ "type": "Feature", "properties": { "CUT": 8109, "COMUNA": "SANTA JUANA", "AREA_C": "URBANO", "DISTRITO": "SANTA JUANA", "LOCALIDAD": "SANTA JUANA", "n_per": 3044.0, "n_hombres": 1397.0, "n_mujeres": 1647.0, "n_edad_60_mas": 525.0, "n_asistencia_basica": 389.0, "n_asistencia_media": 159.0, "n_asistencia_superior": 103.0, "n_transporte_auto": 352.0, "n_transporte_publico": 253.0, "n_transporte_camina": 184.0, "n_transporte_bicicleta": 107.0 }, "geometry": { "type": "Polygon", "coordinates": [ [ [ -72.949223824999933, -37.17892298199996 ], [ -72.953429578999987, -37.176421522999931 ], [ -72.953943009999989, -37.175977857999953 ], [ -72.95659819399998, -37.172349901999951 ], [ -72.956710896999937, -37.171785617999944 ], [ -72.956426185999987, -37.170559453999942 ], [ -72.948138380999978, -37.172465525999939 ], [ -72.945010555999943, -37.17391810099997 ], [ -72.947729605999939, -37.176583351999966 ], [ -72.946644309999954, -37.177322471999958 ], [ -72.947422592999942, -37.178057893999949 ], [ -72.948619633999954, -37.17851122899998 ], [ -72.949223824999933, -37.17892298199996 ] ] ] } },
{ "type": "Feature", "properties": { "CUT": 8109, "COMUNA": "SANTA JUANA", "AREA_C": "URBANO", "DISTRITO": "SANTA JUANA", "LOCALIDAD": "SANTA JUANA", "n_per": 3984.0, "n_hombres": 1822.0, "n_mujeres": 2162.0, "n_edad_60_mas": 479.0, "n_asistencia_basica": 581.0, "n_asistencia_media": 288.0, "n_asistencia_superior": 198.0, "n_transporte_auto": 350.0, "n_transporte_publico": 331.0, "n_transporte_camina": 177.0, "n_transporte_bicicleta": 70.0 }, "geometry": { "type": "Polygon", "coordinates": [ [ [ -72.956178376999958, -37.16409329499993 ], [ -72.943142605999981, -37.172111226999959 ], [ -72.945010555999943, -37.17391810099997 ], [ -72.948138380999978, -37.172465525999939 ], [ -72.956426185999987, -37.170559453999942 ], [ -72.956007792999969, -37.165313134999963 ], [ -72.956353581999963, -37.164367311999968 ], [ -72.956178376999958, -37.16409329499993 ] ] ] } },
{ "type": "Feature", "properties": { "CUT": 8202, "COMUNA": "ARAUCO", "AREA_C": "URBANO", "DISTRITO": "LARAQUETE", "LOCALIDAD": "LARAQUETE", "n_per": 4978.0, "n_hombres": 2397.0, "n_mujeres": 2581.0, "n_edad_60_mas": 985.0, "n_asistencia_basica": 512.0, "n_asistencia_media": 269.0, "n_asistencia_superior": 249.0, "n_transporte_auto": 415.0, "n_transporte_publico": 439.0, "n_transporte_camina": 225.0, "n_transporte_bicicleta": 36.0 }, "geometry": { "type": "Polygon", "coordinates": [ [ [ -73.177321636999977, -37.164796252999963 ], [ -73.177911041999948, -37.165942199999961 ], [ -73.177097175999961, -37.166195114999937 ], [ -73.176345730999969, -37.167211739999971 ], [ -73.175764998999966, -37.167668168999967 ], [ -73.174951706999934, -37.16808575899995 ], [ -73.173900839999988, -37.168177524999976 ], [ -73.174860816999967, -37.169643827999948 ], [ -73.176334351999969, -37.168926726999985 ], [ -73.178242770999987, -37.167479385999968 ], [ -73.178927434999935, -37.167411159999972 ], [ -73.180156129999943, -37.16945450299994 ], [ -73.181722200999957, -37.171142447999955 ], [ -73.182592420999981, -37.172419079999941 ], [ -73.184031818999983, -37.172003792999931 ], [ -73.184314184999948, -37.171779777999973 ], [ -73.185329406999983, -37.171800717999929 ], [ -73.184310214999982, -37.170107557999984 ], [ -73.182277518999967, -37.167847083999959 ], [ -73.183829646999982, -37.167038174999959 ], [ -73.184098158999973, -37.167131392999977 ], [ -73.183804151999936, -37.167797253999936 ], [ -73.183924805999936, -37.168182152999975 ], [ -73.184644856999967, -37.169139548999965 ], [ -73.186252911999986, -37.170347128999936 ], [ -73.187117985999976, -37.170436980999966 ], [ -73.187458447999973, -37.17063822199998 ], [ -73.188135413999987, -37.171324547999973 ], [ -73.188729237999951, -37.172279987999957 ], [ -73.188648705999981, -37.172704617999955 ], [ -73.188219002999972, -37.172894078999946 ], [ -73.187529969999957, -37.172871573999942 ], [ -73.186798193999948, -37.172625461999985 ], [ -73.187471143999971, -37.173774513999945 ], [ -73.185965833999944, -37.174332878999962 ], [ -73.186772925999946, -37.175746621999963 ], [ -73.186962105999953, -37.175840983999933 ], [ -73.186906721999947, -37.176020390999952 ], [ -73.187244883999938, -37.176065629999982 ], [ -73.187209438999957, -37.176394955999967 ], [ -73.187430796999934, -37.176478835999944 ], [ -73.187457016999986, -37.176629071999969 ], [ -73.18712878599996, -37.176811169999951 ], [ -73.187039802999948, -37.177049798999974 ], [ -73.187446533999946, -37.177321904999928 ], [ -73.188285647999976, -37.177391821999947 ], [ -73.188468044999979, -37.177703453999982 ], [ -73.188511164999966, -37.178300318999959 ], [ -73.188002124999969, -37.178694365999945 ], [ -73.189138187999959, -37.179549140999939 ], [ -73.185718741999949, -37.182573556999955 ], [ -73.185375699999952, -37.182931516999929 ], [ -73.185332729999971, -37.183205705999967 ], [ -73.185017690999985, -37.18329328599998 ], [ -73.18523479299995, -37.183561906999955 ], [ -73.184860464999986, -37.183791657999961 ], [ -73.184389804999967, -37.184777063999945 ], [ -73.186771675999978, -37.185746603999974 ], [ -73.188272607999977, -37.186921368999947 ], [ -73.190530247999959, -37.185049568999943 ], [ -73.190913895999984, -37.185099219999984 ], [ -73.195478169999944, -37.181059767999955 ], [ -73.191694685999948, -37.174721672999965 ], [ -73.196449805999976, -37.172384965999981 ], [ -73.192530381999973, -37.169019029999959 ], [ -73.189584018999938, -37.165855557999976 ], [ -73.189291539999942, -37.165251726999941 ], [ -73.188977111999975, -37.163768796999932 ], [ -73.188438062999978, -37.163499179999974 ], [ -73.188292597999975, -37.163253605999955 ], [ -73.188076653999985, -37.163277341999958 ], [ -73.189525532999937, -37.162790260999941 ], [ -73.190174067999976, -37.163043519999974 ], [ -73.190645773999961, -37.162920036999935 ], [ -73.190599235999969, -37.162657943999932 ], [ -73.189968650999958, -37.162362335999944 ], [ -73.188957277999975, -37.162237576999985 ], [ -73.187971589999961, -37.162665131999972 ], [ -73.187006959999962, -37.162722142999939 ], [ -73.186218616999952, -37.162352048999935 ], [ -73.18470025299996, -37.162170559999936 ], [ -73.184547098999985, -37.162106020999943 ], [ -73.184710380999945, -37.161642971999981 ], [ -73.183987055999978, -37.16153696899994 ], [ -73.183856183999978, -37.161722310999949 ], [ -73.18272174699996, -37.161111498999958 ], [ -73.182588889999977, -37.160003174999929 ], [ -73.181107130999976, -37.159918432999973 ], [ -73.180963196999983, -37.160188023999979 ], [ -73.180598557999986, -37.160203816999967 ], [ -73.180362541999955, -37.160981733999961 ], [ -73.180083930999956, -37.161236311999971 ], [ -73.180287419999956, -37.161632958999974 ], [ -73.180428267999957, -37.163407341999971 ], [ -73.181537621999951, -37.163775208999937 ], [ -73.182190527999978, -37.164592166999967 ], [ -73.181997542999966, -37.165046458999939 ], [ -73.180862093999963, -37.164200204999929 ], [ -73.178910253999959, -37.163749932999963 ], [ -73.177838485999985, -37.164284149999958 ], [ -73.177321636999977, -37.164796252999963 ] ] ] } },
{ "type": "Feature", "properties": { "CUT": 8202, "COMUNA": "ARAUCO", "AREA_C": "URBANO", "DISTRITO": "ARAUCO", "LOCALIDAD": "ARAUCO", "n_per": 2696.0, "n_hombres": 1264.0, "n_mujeres": 1432.0, "n_edad_60_mas": 728.0, "n_asistencia_basica": 224.0, "n_asistencia_media": 105.0, "n_asistencia_superior": 110.0, "n_transporte_auto": 287.0, "n_transporte_publico": 187.0, "n_transporte_camina": 198.0, "n_transporte_bicicleta": 66.0 }, "geometry": { "type": "Polygon", "coordinates": [ [ [ -73.321171211999967, -37.236981525999965 ], [ -73.320800160999966, -37.238721342999952 ], [ -73.316104949999954, -37.237768155999959 ], [ -73.31443866799998, -37.243993648999947 ], [ -73.321351127999947, -37.245171249999942 ], [ -73.329007238999964, -37.246097643999974 ], [ -73.335010291999936, -37.24646073699995 ], [ -73.335585791999961, -37.243869446999952 ], [ -73.327883759999963, -37.242958701999953 ], [ -73.328297401999976, -37.241121764999946 ], [ -73.325236872999938, -37.240656284999943 ], [ -73.325741145999984, -37.237790500999949 ], [ -73.321171211999967, -37.236981525999965 ] ] ] } },
{ "type": "Feature", "properties": { "CUT": 8202, "COMUNA": "ARAUCO", "AREA_C": "URBANO", "DISTRITO": "LOS ÑANCOS", "LOCALIDAD": "ARAUCO", "n_per": 3171.0, "n_hombres": 1486.0, "n_mujeres": 1685.0, "n_edad_60_mas": 297.0, "n_asistencia_basica": 428.0, "n_asistencia_media": 209.0, "n_asistencia_superior": 168.0, "n_transporte_auto": 522.0, "n_transporte_publico": 350.0, "n_transporte_camina": 102.0, "n_transporte_bicicleta": 66.0 }, "geometry": { "type": "Polygon", "coordinates": [ [ [ -73.335022932999948, -37.246385595999982 ], [ -73.329244668999934, -37.246163679999938 ], [ -73.332178656999986, -37.248829502999968 ], [ -73.332476931999963, -37.249351257999933 ], [ -73.332541684999967, -37.250431928999944 ], [ -73.335083848999943, -37.250526711999953 ], [ -73.335337104999951, -37.250719214999947 ], [ -73.335823194999989, -37.250493344999938 ], [ -73.336522710999986, -37.251081664999958 ], [ -73.337564291999968, -37.250636288999942 ], [ -73.347477603999948, -37.251139128999966 ], [ -73.347732424999947, -37.247088325999982 ], [ -73.34083684999996, -37.246734726999932 ], [ -73.341101874999936, -37.243850487999964 ], [ -73.335650740999938, -37.243598522999946 ], [ -73.335022932999948, -37.246385595999982 ] ] ] } },
{ "type": "Feature", "properties": { "CUT": 8202, "COMUNA": "ARAUCO", "AREA_C": "URBANO", "DISTRITO": "ARAUCO", "LOCALIDAD": "ARAUCO", "n_per": 4457.0, "n_hombres": 2135.0, "n_mujeres": 2322.0, "n_edad_60_mas": 708.0, "n_asistencia_basica": 599.0, "n_asistencia_media": 235.0, "n_asistencia_superior": 153.0, "n_transporte_auto": 763.0, "n_transporte_publico": 258.0, "n_transporte_camina": 215.0, "n_transporte_bicicleta": 48.0 }, "geometry": { "type": "Polygon", "coordinates": [ [ [ -73.309826895999947, -37.241803243999982 ], [ -73.309037312999976, -37.241747302999954 ], [ -73.308700155999986, -37.24131211699995 ], [ -73.307689689999961, -37.241006121999931 ], [ -73.307180856999935, -37.241141770999945 ], [ -73.306959378999977, -37.241412152999942 ], [ -73.306576750999966, -37.243546823999964 ], [ -73.304067938999935, -37.243783164999968 ], [ -73.298853833999942, -37.243213052999977 ], [ -73.298713698999961, -37.244209037999951 ], [ -73.298323062999941, -37.244367764999936 ], [ -73.295304758999976, -37.24464811699994 ], [ -73.295274358999961, -37.244460256999957 ], [ -73.294063111999947, -37.244692870999984 ], [ -73.293925055999978, -37.244909445999951 ], [ -73.29407983599998, -37.245076163999954 ], [ -73.293883746999938, -37.244999224999958 ], [ -73.292820052999957, -37.245416268999975 ], [ -73.29248034699998, -37.245138726999983 ], [ -73.292245518999948, -37.245193923999977 ], [ -73.291963617999954, -37.245586427999967 ], [ -73.290669653999942, -37.246315827999979 ], [ -73.282883485999946, -37.245501720999982 ], [ -73.282868674999975, -37.245310742999948 ], [ -73.281138179999971, -37.245398046999981 ], [ -73.281097384999953, -37.245026094999957 ], [ -73.279335969999977, -37.245055065999964 ], [ -73.27933167499998, -37.244565385999977 ], [ -73.276124419999974, -37.244026122999969 ], [ -73.276202470999976, -37.243691156999944 ], [ -73.274035353999977, -37.243246619999979 ], [ -73.273985465999942, -37.243464880999966 ], [ -73.271653193999953, -37.243352632999972 ], [ -73.271330788999933, -37.244788799999981 ], [ -73.275902713999983, -37.245879528999978 ], [ -73.275802449999958, -37.247061593999945 ], [ -73.277265906999958, -37.247327071999962 ], [ -73.277168432999986, -37.248242936999929 ], [ -73.278099401999953, -37.24830901699994 ], [ -73.279082508999977, -37.24889094699995 ], [ -73.280437142999972, -37.248319110999944 ], [ -73.28022772099996, -37.247942342999977 ], [ -73.280489633999935, -37.247736553999971 ], [ -73.282475103999957, -37.24799305099998 ], [ -73.283164885999952, -37.249863036999955 ], [ -73.283933237999975, -37.249733330999959 ], [ -73.284125232999941, -37.25038062699997 ], [ -73.284823666999955, -37.25038062699997 ], [ -73.284785823999982, -37.249830905999943 ], [ -73.287632716999951, -37.249997122999957 ], [ -73.287687833999939, -37.25062176299997 ], [ -73.28833745999998, -37.250594368999941 ], [ -73.288296762999948, -37.249795996999978 ], [ -73.289005482999983, -37.249923090999971 ], [ -73.289208640999959, -37.249643277999951 ], [ -73.288435720999985, -37.248774179999941 ], [ -73.288565481999967, -37.248107689999983 ], [ -73.293234093999956, -37.248483717999932 ], [ -73.293325229999937, -37.248186242999964 ], [ -73.293642957999964, -37.248224522999976 ], [ -73.295071005999944, -37.248954136999942 ], [ -73.296218433999968, -37.248555031999956 ], [ -73.29658053299994, -37.248104410999929 ], [ -73.298044399999981, -37.248021794999943 ], [ -73.297877048999965, -37.249186078999969 ], [ -73.297478858999966, -37.249757325999951 ], [ -73.298881213999948, -37.24990824799994 ], [ -73.299280318999934, -37.250419601999965 ], [ -73.299169113999938, -37.251056505999941 ], [ -73.302340238999989, -37.252353912999979 ], [ -73.305892913999969, -37.252632541999958 ], [ -73.306048105999935, -37.251199061999955 ], [ -73.308208539999953, -37.251371677999941 ], [ -73.308805058999951, -37.248850355999934 ], [ -73.313127036999958, -37.249414355999932 ], [ -73.313353611999958, -37.248544555999956 ], [ -73.314736203999985, -37.24872333299993 ], [ -73.315821094999933, -37.244217663999962 ], [ -73.31443866799998, -37.243993648999947 ], [ -73.315057538999952, -37.241443540999967 ], [ -73.312554998999985, -37.240473561999977 ], [ -73.311510178999981, -37.241397144999951 ], [ -73.309826895999947, -37.241803243999982 ] ] ] } },
{ "type": "Feature", "properties": { "CUT": 8202, "COMUNA": "ARAUCO", "AREA_C": "URBANO", "DISTRITO": "CARAMPANGUE", "LOCALIDAD": "CARAMPANGUE", "n_per": 3281.0, "n_hombres": 1613.0, "n_mujeres": 1668.0, "n_edad_60_mas": 754.0, "n_asistencia_basica": 321.0, "n_asistencia_media": 163.0, "n_asistencia_superior": 131.0, "n_transporte_auto": 303.0, "n_transporte_publico": 259.0, "n_transporte_camina": 78.0, "n_transporte_bicicleta": 21.0 }, "geometry": { "type": "Polygon", "coordinates": [ [ [ -73.230843951999987, -37.24919661499996 ], [ -73.230540411999982, -37.249250185999983 ], [ -73.230505865999987, -37.249535140999967 ], [ -73.23208968199998, -37.249647822999975 ], [ -73.23216668799995, -37.249895468999966 ], [ -73.232418342999949, -37.252756312999963 ], [ -73.231833782999956, -37.254275570999937 ], [ -73.221334132999971, -37.251265395999951 ], [ -73.220444348999933, -37.251349970999968 ], [ -73.219084696999971, -37.252041751999968 ], [ -73.218108649999976, -37.251009193999948 ], [ -73.216549104999956, -37.250705921999952 ], [ -73.214825935999954, -37.250669893999941 ], [ -73.212978359999966, -37.252170666999973 ], [ -73.213781497999946, -37.253067955999938 ], [ -73.214889446999962, -37.253561025999943 ], [ -73.215452032999963, -37.254172650999976 ], [ -73.216288475999988, -37.255680863999942 ], [ -73.217269639999984, -37.255192105999981 ], [ -73.21812168799994, -37.256838154999969 ], [ -73.218448920999947, -37.256745045999935 ], [ -73.219274207999945, -37.258509451999942 ], [ -73.218852602999959, -37.258678094999937 ], [ -73.21923553299996, -37.259774065999977 ], [ -73.218434137999964, -37.260160280999969 ], [ -73.219419444999971, -37.26079737799995 ], [ -73.219656701999952, -37.261367018999977 ], [ -73.21954502799997, -37.262305136999942 ], [ -73.218904004999956, -37.263139604999935 ], [ -73.219185489999973, -37.263836601999969 ], [ -73.220738954999945, -37.264554275999956 ], [ -73.221660023999959, -37.264491373999931 ], [ -73.222843845999989, -37.263780464999968 ], [ -73.22306944099995, -37.263288456999931 ], [ -73.223143538999977, -37.262380080999947 ], [ -73.223473234999972, -37.261912054999982 ], [ -73.225729177999938, -37.260564729999942 ], [ -73.226279344999966, -37.259724393999932 ], [ -73.227394377999985, -37.258856702999935 ], [ -73.228546720999987, -37.258826244999966 ], [ -73.229802406999966, -37.259547424999937 ], [ -73.230589160999955, -37.259789901999966 ], [ -73.231951189999961, -37.258481529999983 ], [ -73.23447307899994, -37.257615457999975 ], [ -73.235182141999985, -37.258194206999974 ], [ -73.236262984999939, -37.258201871999972 ], [ -73.236236562999977, -37.258783156999982 ], [ -73.237885550999977, -37.26279736999993 ], [ -73.240134151999939, -37.26232878999997 ], [ -73.241699024999946, -37.266146299999946 ], [ -73.246358081999972, -37.266426831999979 ], [ -73.246496810999986, -37.26688857399995 ], [ -73.246927824999943, -37.266907036999953 ], [ -73.247297772999957, -37.266367034999973 ], [ -73.247418446999973, -37.26288216699993 ], [ -73.249663215999988, -37.263025407999976 ], [ -73.249740516999964, -37.262488489999953 ], [ -73.248728650999965, -37.262432543999978 ], [ -73.249294791999944, -37.258633890999931 ], [ -73.249113321999971, -37.258030025999972 ], [ -73.248429303999956, -37.257527985999957 ], [ -73.245570801999975, -37.256837118999954 ], [ -73.245452271999966, -37.256551676999948 ], [ -73.245803821999971, -37.255897841999968 ], [ -73.247058033999963, -37.252141201999962 ], [ -73.247098678999976, -37.251504455999964 ], [ -73.24673275899994, -37.250539145999937 ], [ -73.246877643999937, -37.24981381799995 ], [ -73.24788861899998, -37.24819180399993 ], [ -73.248303408999959, -37.248073523999949 ], [ -73.247812141999987, -37.247338248999938 ], [ -73.245841254999959, -37.247642890999941 ], [ -73.244935154999951, -37.249058858999945 ], [ -73.242659815999957, -37.249451131999933 ], [ -73.243150404999938, -37.250413669999944 ], [ -73.242784944999983, -37.250479259999963 ], [ -73.243193074999965, -37.251759405999962 ], [ -73.242163162999987, -37.254923308999935 ], [ -73.24154714499997, -37.256008280999936 ], [ -73.240246098999933, -37.255914382999947 ], [ -73.238966278999953, -37.256066304999933 ], [ -73.236819107999963, -37.250653629999931 ], [ -73.238633620999963, -37.250050289999933 ], [ -73.237724844999946, -37.24837452099996 ], [ -73.236617942999942, -37.247355067999933 ], [ -73.233615311999984, -37.246374707999962 ], [ -73.232970542999965, -37.246536807999973 ], [ -73.23315557799998, -37.247027843999945 ], [ -73.23195087299996, -37.247387456999945 ], [ -73.232157842999982, -37.248215336999976 ], [ -73.23101567599997, -37.248230667999962 ], [ -73.230843951999987, -37.24919661499996 ] ] ] } },
{ "type": "Feature", "properties": { "CUT": 8202, "COMUNA": "ARAUCO", "AREA_C": "URBANO", "DISTRITO": "ARAUCO", "LOCALIDAD": "ARAUCO", "n_per": 3052.0, "n_hombres": 1434.0, "n_mujeres": 1618.0, "n_edad_60_mas": 586.0, "n_asistencia_basica": 313.0, "n_asistencia_media": 180.0, "n_asistencia_superior": 136.0, "n_transporte_auto": 360.0, "n_transporte_publico": 168.0, "n_transporte_camina": 297.0, "n_transporte_bicicleta": 68.0 }, "geometry": { "type": "Polygon", "coordinates": [ [ [ -73.315821094999933, -37.244217663999962 ], [ -73.315008657999954, -37.247609662999935 ], [ -73.320649751999952, -37.248454038999967 ], [ -73.320612468999968, -37.248915045999979 ], [ -73.321408153999982, -37.251835229999983 ], [ -73.321382455999981, -37.252603319999935 ], [ -73.321918018999952, -37.253524294999977 ], [ -73.323830416999954, -37.255400071999929 ], [ -73.326974391999954, -37.256587993999972 ], [ -73.327833910999971, -37.257057517999954 ], [ -73.327909923999982, -37.257125507999945 ], [ -73.327413001999957, -37.257481802999962 ], [ -73.327917224999965, -37.257867104999946 ], [ -73.328401041999939, -37.259204527999941 ], [ -73.330996371999959, -37.260775486999933 ], [ -73.331490543999962, -37.260919101999946 ], [ -73.331712944999936, -37.259571165999944 ], [ -73.329051306999986, -37.256778913999938 ], [ -73.328188460999968, -37.256113642999935 ], [ -73.326785764999954, -37.255515190999972 ], [ -73.330148508999969, -37.253782362999971 ], [ -73.330492387999982, -37.251448769999968 ], [ -73.326699596999958, -37.251098936999938 ], [ -73.325668973999939, -37.250409826999942 ], [ -73.324420462999967, -37.249895183999968 ], [ -73.325119924999967, -37.246701919999964 ], [ -73.327916369999969, -37.24705672999994 ], [ -73.330647107999937, -37.249548078999965 ], [ -73.330757750999965, -37.250345754999955 ], [ -73.332541684999967, -37.250431928999944 ], [ -73.332476931999963, -37.249351257999933 ], [ -73.332178656999986, -37.248829502999968 ], [ -73.329256688999976, -37.246124051999971 ], [ -73.321351127999947, -37.245171249999942 ], [ -73.315821094999933, -37.244217663999962 ] ] ] } },
{ "type": "Feature", "properties": { "CUT": 8202, "COMUNA": "ARAUCO", "AREA_C": "URBANO", "DISTRITO": "ARAUCO", "LOCALIDAD": "ARAUCO", "n_per": 4239.0, "n_hombres": 2059.0, "n_mujeres": 2180.0, "n_edad_60_mas": 990.0, "n_asistencia_basica": 391.0, "n_asistencia_media": 216.0, "n_asistencia_superior": 158.0, "n_transporte_auto": 488.0, "n_transporte_publico": 205.0, "n_transporte_camina": 363.0, "n_transporte_bicicleta": 81.0 }, "geometry": { "type": "Polygon", "coordinates": [ [ [ -73.315008657999954, -37.247609662999935 ], [ -73.314736203999985, -37.24872333299993 ], [ -73.313353611999958, -37.248544555999956 ], [ -73.313127036999958, -37.249414355999932 ], [ -73.308805058999951, -37.248850355999934 ], [ -73.308267745999956, -37.251125099999967 ], [ -73.312631401999965, -37.251547067999979 ], [ -73.314213306999989, -37.252635751999946 ], [ -73.313665256999968, -37.25493759799997 ], [ -73.313933996999936, -37.255155369999954 ], [ -73.314033181999946, -37.255573671999969 ], [ -73.315588052999942, -37.255766523999966 ], [ -73.315659285999971, -37.256832417999931 ], [ -73.316105098999969, -37.257212185999947 ], [ -73.317236353999988, -37.257177989999946 ], [ -73.31796652099996, -37.259338327999956 ], [ -73.318842711999935, -37.259082991999946 ], [ -73.319198164999989, -37.257499042999939 ], [ -73.318792667999958, -37.256473712999934 ], [ -73.320813293999947, -37.255821553999965 ], [ -73.323212601999955, -37.258863171999963 ], [ -73.323727073999976, -37.259355816999971 ], [ -73.32439588699998, -37.259360493999964 ], [ -73.324754392999978, -37.259953995999979 ], [ -73.325346879999984, -37.260108816999946 ], [ -73.325795873999937, -37.259996567999963 ], [ -73.326518419999957, -37.259486036999931 ], [ -73.328421237999976, -37.260592107999969 ], [ -73.328726802999938, -37.260941324999976 ], [ -73.331243836999988, -37.261691986999949 ], [ -73.331490543999962, -37.260919101999946 ], [ -73.330996371999959, -37.260775486999933 ], [ -73.328378683999972, -37.259179966999966 ], [ -73.327917224999965, -37.257867104999946 ], [ -73.327413001999957, -37.257481802999962 ], [ -73.327909923999982, -37.257125507999945 ], [ -73.327833910999971, -37.257057517999954 ], [ -73.326974391999954, -37.256587993999972 ], [ -73.323830416999954, -37.255400071999929 ], [ -73.321819324999979, -37.253407101999983 ], [ -73.321382455999981, -37.252603319999935 ], [ -73.321408153999982, -37.251835229999983 ], [ -73.320612468999968, -37.248915045999979 ], [ -73.320649751999952, -37.248454038999967 ], [ -73.315008657999954, -37.247609662999935 ] ] ] } },
{ "type": "Feature", "properties": { "CUT": 8202, "COMUNA": "ARAUCO", "AREA_C": "URBANO", "DISTRITO": "RAMADILLAS", "LOCALIDAD": "RAMADILLAS", "n_per": 1209.0, "n_hombres": 630.0, "n_mujeres": 579.0, "n_edad_60_mas": 287.0, "n_asistencia_basica": 110.0, "n_asistencia_media": 61.0, "n_asistencia_superior": 51.0, "n_transporte_auto": 130.0, "n_transporte_publico": 90.0, "n_transporte_camina": 52.0, "n_transporte_bicicleta": 4.0 }, "geometry": { "type": "Polygon", "coordinates": [ [ [ -73.263046772999985, -37.303780745999973 ], [ -73.262349480999944, -37.302800170999944 ], [ -73.260538254999972, -37.303563394999969 ], [ -73.26110409599994, -37.304446301999974 ], [ -73.260537029999966, -37.304568027999949 ], [ -73.260788453999965, -37.305448012999932 ], [ -73.256408342999976, -37.306409817999963 ], [ -73.255979429999968, -37.306019896999942 ], [ -73.255296456999986, -37.306262692999951 ], [ -73.254715436999959, -37.304577189999975 ], [ -73.253220739999961, -37.305022348999955 ], [ -73.254018422999934, -37.307218216999956 ], [ -73.253292661999978, -37.307898603999945 ], [ -73.252800865999973, -37.309320853999964 ], [ -73.251701750999985, -37.309791593999933 ], [ -73.251126758999987, -37.30965578699994 ], [ -73.251611341999933, -37.310363218999953 ], [ -73.252669786999945, -37.310939248999944 ], [ -73.253846242999941, -37.312118897999937 ], [ -73.254691978999972, -37.312728493999941 ], [ -73.255431793999946, -37.313055904999942 ], [ -73.256741628999976, -37.313267627999949 ], [ -73.257040114999938, -37.31285222899993 ], [ -73.258072446999961, -37.312867432999951 ], [ -73.258486433999963, -37.312566474999983 ], [ -73.259045291999939, -37.312520513999971 ], [ -73.259437360999982, -37.312189125999964 ], [ -73.260019582999973, -37.312059214999977 ], [ -73.261061189999964, -37.309935964999966 ], [ -73.261607938999987, -37.30933472199996 ], [ -73.264131946999953, -37.307719214999963 ], [ -73.265714451999941, -37.307058027999972 ], [ -73.266097183999989, -37.306771516999959 ], [ -73.266559444999984, -37.305751695999959 ], [ -73.267059675999974, -37.305460583999945 ], [ -73.265484038999944, -37.304055441999935 ], [ -73.265906164999933, -37.303244959999972 ], [ -73.264585416999978, -37.302820865999934 ], [ -73.265002848999984, -37.30218892399995 ], [ -73.264468751999971, -37.301935724999964 ], [ -73.264518696999971, -37.30088268999998 ], [ -73.26274488599995, -37.301461619999941 ], [ -73.263490154999943, -37.303114431999973 ], [ -73.263046772999985, -37.303780745999973 ] ] ] } },
{ "type": "Feature", "properties": { "CUT": 8102, "COMUNA": "CORONEL", "AREA_C": "URBANO", "DISTRITO": "ESCUADRÓN", "LOCALIDAD": "CORONEL", "n_per": 2883.0, "n_hombres": 1296.0, "n_mujeres": 1587.0, "n_edad_60_mas": 315.0, "n_asistencia_basica": 383.0, "n_asistencia_media": 211.0, "n_asistencia_superior": 172.0, "n_transporte_auto": 199.0, "n_transporte_publico": 472.0, "n_transporte_camina": 83.0, "n_transporte_bicicleta": 43.0 }, "geometry": { "type": "Polygon", "coordinates": [ [ [ -73.146111549999944, -36.983066141999984 ], [ -73.145827733999965, -36.98531939999998 ], [ -73.149231728999951, -36.984498831999929 ], [ -73.151038111999981, -36.983964968999942 ], [ -73.15338133399996, -36.982954101999951 ], [ -73.152528645999951, -36.98184952899993 ], [ -73.150185190999935, -36.97950414099995 ], [ -73.149739911999973, -36.978850005999959 ], [ -73.148036616999946, -36.97999499499997 ], [ -73.146638838999934, -36.981703185999947 ], [ -73.146111549999944, -36.983066141999984 ] ] ] } },
{ "type": "Feature", "properties": { "CUT": 8102, "COMUNA": "CORONEL", "AREA_C": "URBANO", "DISTRITO": "BUEN RETIRO", "LOCALIDAD": "CORONEL", "n_per": 3021.0, "n_hombres": 1435.0, "n_mujeres": 1586.0, "n_edad_60_mas": 874.0, "n_asistencia_basica": 228.0, "n_asistencia_media": 119.0, "n_asistencia_superior": 171.0, "n_transporte_auto": 240.0, "n_transporte_publico": 545.0, "n_transporte_camina": 90.0, "n_transporte_bicicleta": 31.0 }, "geometry": { "type": "Polygon", "coordinates": [ [ [ -73.174979833999942, -36.975883013999976 ], [ -73.171132808999971, -36.976518144999943 ], [ -73.172046561999935, -36.978517608999937 ], [ -73.17188411099994, -36.978812375999951 ], [ -73.171417755999983, -36.97901884099997 ], [ -73.162492415999964, -36.979314638999938 ], [ -73.162732223999967, -36.98391586799994 ], [ -73.16997244099997, -36.983743018999974 ], [ -73.171287868999968, -36.985353040999939 ], [ -73.172123149999948, -36.986022469999966 ], [ -73.172480047999954, -36.986851198999943 ], [ -73.173138030999951, -36.987733312999978 ], [ -73.173942275999934, -36.988611444999947 ], [ -73.174299679999933, -36.988749748999965 ], [ -73.177897386999973, -36.988861236999981 ], [ -73.182928711999978, -36.987483375999943 ], [ -73.181764854999983, -36.985802690999947 ], [ -73.18072419799995, -36.983917919999953 ], [ -73.176506868999979, -36.975791978999951 ], [ -73.174979833999942, -36.975883013999976 ] ] ] } },
{ "type": "Feature", "properties": { "CUT": 8102, "COMUNA": "CORONEL", "AREA_C": "URBANO", "DISTRITO": "ESCUADRÓN", "LOCALIDAD": "CORONEL", "n_per": 2910.0, "n_hombres": 1376.0, "n_mujeres": 1534.0, "n_edad_60_mas": 642.0, "n_asistencia_basica": 256.0, "n_asistencia_media": 151.0, "n_asistencia_superior": 231.0, "n_transporte_auto": 246.0, "n_transporte_publico": 563.0, "n_transporte_camina": 91.0, "n_transporte_bicicleta": 28.0 }, "geometry": { "type": "Polygon", "coordinates": [ [ [ -73.154552145999958, -36.976533755999981 ], [ -73.149739911999973, -36.978850005999959 ], [ -73.150185190999935, -36.97950414099995 ], [ -73.152528645999951, -36.98184952899993 ], [ -73.15338133399996, -36.982954101999951 ], [ -73.153992651999943, -36.982609569999966 ], [ -73.152126392999946, -36.980344174999971 ], [ -73.157844575999945, -36.980218544999957 ], [ -73.157766624999965, -36.97811592599993 ], [ -73.156880437999973, -36.978133168999932 ], [ -73.156734032999964, -36.975542054999949 ], [ -73.156494137999971, -36.975190137999959 ], [ -73.154552145999958, -36.976533755999981 ] ] ] } },
{ "type": "Feature", "properties": { "CUT": 8102, "COMUNA": "CORONEL", "AREA_C": "URBANO", "DISTRITO": "ESCUADRÓN", "LOCALIDAD": "CORONEL", "n_per": 2811.0, "n_hombres": 1306.0, "n_mujeres": 1505.0, "n_edad_60_mas": 1003.0, "n_asistencia_basica": 183.0, "n_asistencia_media": 107.0, "n_asistencia_superior": 157.0, "n_transporte_auto": 213.0, "n_transporte_publico": 415.0, "n_transporte_camina": 80.0, "n_transporte_bicicleta": 22.0 }, "geometry": { "type": "Polygon", "coordinates": [ [ [ -73.162010350999935, -36.978620585999977 ], [ -73.15778977399998, -36.978711939999982 ], [ -73.158008780999978, -36.984467848999941 ], [ -73.162751659999969, -36.984378593999963 ], [ -73.162492415999964, -36.979314638999938 ], [ -73.162114719999977, -36.979216673999929 ], [ -73.162010350999935, -36.978620585999977 ] ] ] } },
{ "type": "Feature", "properties": { "CUT": 8102, "COMUNA": "CORONEL", "AREA_C": "URBANO", "DISTRITO": "ESCUADRÓN", "LOCALIDAD": "CORONEL", "n_per": 5331.0, "n_hombres": 2572.0, "n_mujeres": 2759.0, "n_edad_60_mas": 617.0, "n_asistencia_basica": 708.0, "n_asistencia_media": 369.0, "n_asistencia_superior": 324.0, "n_transporte_auto": 506.0, "n_transporte_publico": 882.0, "n_transporte_camina": 175.0, "n_transporte_bicicleta": 69.0 }, "geometry": { "type": "Polygon", "coordinates": [ [ [ -73.152795453999943, -36.987511197999936 ], [ -73.152334879999955, -36.987471598999946 ], [ -73.148254835999978, -36.988220370999954 ], [ -73.145488195999974, -36.988129051999977 ], [ -73.14531911399996, -36.98920444099997 ], [ -73.144878227999982, -36.990234455999939 ], [ -73.143174595999938, -36.992530509999938 ], [ -73.143688026999939, -36.99258193999998 ], [ -73.145791478999968, -36.994550746999948 ], [ -73.145825748999982, -36.995001834999982 ], [ -73.145138040999939, -36.995101269999964 ], [ -73.151598946999968, -36.994894009999939 ], [ -73.154888608999954, -36.994223772999931 ], [ -73.154176653999968, -36.993848650999951 ], [ -73.153363223999975, -36.991349869999965 ], [ -73.15564418799994, -36.988674354999944 ], [ -73.156475617999945, -36.989125485999978 ], [ -73.157224559999975, -36.988255511999967 ], [ -73.15636636399995, -36.987781367999958 ], [ -73.155909044999987, -36.986702563999984 ], [ -73.152795453999943, -36.987511197999936 ] ] ] } },
{ "type": "Feature", "properties": { "CUT": 8102, "COMUNA": "CORONEL", "AREA_C": "URBANO", "DISTRITO": "ESCUADRÓN", "LOCALIDAD": "CORONEL", "n_per": 2095.0, "n_hombres": 1008.0, "n_mujeres": 1087.0, "n_edad_60_mas": 709.0, "n_asistencia_basica": 150.0, "n_asistencia_media": 84.0, "n_asistencia_superior": 100.0, "n_transporte_auto": 109.0, "n_transporte_publico": 294.0, "n_transporte_camina": 51.0, "n_transporte_bicicleta": 18.0 }, "geometry": { "type": "Polygon", "coordinates": [ [ [ -73.157844575999945, -36.980218544999957 ], [ -73.152126392999946, -36.980344174999971 ], [ -73.155596059999937, -36.984599295999942 ], [ -73.158008780999978, -36.984467848999941 ], [ -73.157844575999945, -36.980218544999957 ] ] ] } },
{ "type": "Feature", "properties": { "CUT": 8102, "COMUNA": "CORONEL", "AREA_C": "URBANO", "DISTRITO": "ESCUADRÓN", "LOCALIDAD": "CORONEL", "n_per": 2924.0, "n_hombres": 1345.0, "n_mujeres": 1579.0, "n_edad_60_mas": 997.0, "n_asistencia_basica": 187.0, "n_asistencia_media": 124.0, "n_asistencia_superior": 152.0, "n_transporte_auto": 189.0, "n_transporte_publico": 431.0, "n_transporte_camina": 92.0, "n_transporte_bicicleta": 25.0 }, "geometry": { "type": "Polygon", "coordinates": [ [ [ -73.155596059999937, -36.984599295999942 ], [ -73.153992651999943, -36.982609569999966 ], [ -73.15338133399996, -36.982954101999951 ], [ -73.153488197999934, -36.983310065999945 ], [ -73.154037751999965, -36.983908782999947 ], [ -73.154094223999948, -36.984565755999938 ], [ -73.155096307999941, -36.985151105999932 ], [ -73.155409220999957, -36.985732537999979 ], [ -73.158097698999939, -36.988675963999981 ], [ -73.158363446999942, -36.989088184999957 ], [ -73.158415409999975, -36.989564273999974 ], [ -73.158822538999971, -36.989706981999973 ], [ -73.159581794999951, -36.990632742999935 ], [ -73.159745846999954, -36.991063979999979 ], [ -73.160322877999988, -36.991431263999971 ], [ -73.162872994999987, -36.993934822999961 ], [ -73.163029273999939, -36.991322178999951 ], [ -73.162751659999969, -36.984378593999963 ], [ -73.155596059999937, -36.984599295999942 ] ] ] } },
{ "type": "Feature", "properties": { "CUT": 8102, "COMUNA": "CORONEL", "AREA_C": "URBANO", "DISTRITO": "BUEN RETIRO", "LOCALIDAD": "CORONEL", "n_per": 4097.0, "n_hombres": 1948.0, "n_mujeres": 2149.0, "n_edad_60_mas": 1068.0, "n_asistencia_basica": 388.0, "n_asistencia_media": 186.0, "n_asistencia_superior": 206.0, "n_transporte_auto": 321.0, "n_transporte_publico": 540.0, "n_transporte_camina": 83.0, "n_transporte_bicicleta": 36.0 }, "geometry": { "type": "Polygon", "coordinates": [ [ [ -73.162732223999967, -36.98391586799994 ], [ -73.163029273999939, -36.991322178999951 ], [ -73.162953475999984, -36.992751299999952 ], [ -73.177897386999973, -36.988861236999981 ], [ -73.174929762999966, -36.98879495999995 ], [ -73.173942275999934, -36.988611444999947 ], [ -73.172569084999964, -36.986989457999982 ], [ -73.172123149999948, -36.986022469999966 ], [ -73.171287868999968, -36.985353040999939 ], [ -73.16997244099997, -36.983743018999974 ], [ -73.162732223999967, -36.98391586799994 ] ] ] } },
{ "type": "Feature", "properties": { "CUT": 8102, "COMUNA": "CORONEL", "AREA_C": "URBANO", "DISTRITO": "ESCUADRÓN", "LOCALIDAD": "CORONEL", "n_per": 2419.0, "n_hombres": 1121.0, "n_mujeres": 1298.0, "n_edad_60_mas": 400.0, "n_asistencia_basica": 197.0, "n_asistencia_media": 138.0, "n_asistencia_superior": 187.0, "n_transporte_auto": 210.0, "n_transporte_publico": 436.0, "n_transporte_camina": 88.0, "n_transporte_bicicleta": 32.0 }, "geometry": { "type": "Polygon", "coordinates": [ [ [ -73.157224559999975, -36.988255511999967 ], [ -73.156475617999945, -36.989125485999978 ], [ -73.15564418799994, -36.988674354999944 ], [ -73.153363223999975, -36.991349869999965 ], [ -73.154124009999975, -36.99350330599998 ], [ -73.157045749999952, -36.990392396999937 ], [ -73.15801907499997, -36.991419070999939 ], [ -73.15804813799997, -36.991917766999961 ], [ -73.159616267999979, -36.993561858999954 ], [ -73.161122912999986, -36.993752695999945 ], [ -73.161910616999933, -36.993464829999937 ], [ -73.162867340999981, -36.994013971999948 ], [ -73.160322877999988, -36.991431263999971 ], [ -73.159745846999954, -36.991063979999979 ], [ -73.159581794999951, -36.990632742999935 ], [ -73.158822538999971, -36.989706981999973 ], [ -73.158415409999975, -36.989564273999974 ], [ -73.158363446999942, -36.989088184999957 ], [ -73.158097698999939, -36.988675963999981 ], [ -73.156194772999982, -36.986495993999938 ], [ -73.155909044999987, -36.986702563999984 ], [ -73.15636636399995, -36.987781367999958 ], [ -73.157224559999975, -36.988255511999967 ] ] ] } },
{ "type": "Feature", "properties": { "CUT": 8102, "COMUNA": "CORONEL", "AREA_C": "URBANO", "DISTRITO": "BUEN RETIRO", "LOCALIDAD": "CORONEL", "n_per": 4375.0, "n_hombres": 2119.0, "n_mujeres": 2256.0, "n_edad_60_mas": 1115.0, "n_asistencia_basica": 356.0, "n_asistencia_media": 190.0, "n_asistencia_superior": 218.0, "n_transporte_auto": 366.0, "n_transporte_publico": 625.0, "n_transporte_camina": 124.0, "n_transporte_bicicleta": 40.0 }, "geometry": { "type": "Polygon", "coordinates": [ [ [ -73.182928711999978, -36.987483375999943 ], [ -73.162953475999984, -36.992751299999952 ], [ -73.162655652999945, -36.996885292999934 ], [ -73.162225877999958, -36.998888694999948 ], [ -73.165572653999959, -36.999251511999944 ], [ -73.165635368999972, -36.998940431999984 ], [ -73.165844685999957, -36.998918021999941 ], [ -73.169040480999968, -36.999307755999951 ], [ -73.169462267999961, -36.999207203999958 ], [ -73.169541969999955, -36.998490706999974 ], [ -73.169936333999942, -36.998734419999948 ], [ -73.170256687999938, -36.998073593999948 ], [ -73.170724544999985, -36.998203986999954 ], [ -73.172911933999956, -36.997965442999941 ], [ -73.177059908999979, -36.996112418999985 ], [ -73.178053371999965, -36.99584350899994 ], [ -73.181685411999979, -36.993994740999938 ], [ -73.182572775999972, -36.993208 ], [ -73.186676052999985, -36.991868518999979 ], [ -73.186146224999959, -36.991975921999938 ], [ -73.185671585999955, -36.991712962999941 ], [ -73.182928711999978, -36.987483375999943 ] ] ] } },
{ "type": "Feature", "properties": { "CUT": 8102, "COMUNA": "CORONEL", "AREA_C": "URBANO", "DISTRITO": "ESCUADRÓN", "LOCALIDAD": "CORONEL", "n_per": 1630.0, "n_hombres": 790.0, "n_mujeres": 840.0, "n_edad_60_mas": 374.0, "n_asistencia_basica": 126.0, "n_asistencia_media": 82.0, "n_asistencia_superior": 93.0, "n_transporte_auto": 134.0, "n_transporte_publico": 327.0, "n_transporte_camina": 49.0, "n_transporte_bicicleta": 17.0 }, "geometry": { "type": "Polygon", "coordinates": [ [ [ -73.157045749999952, -36.990392396999937 ], [ -73.154124009999975, -36.99350330599998 ], [ -73.154143651999959, -36.993730161999963 ], [ -73.154888608999954, -36.994223772999931 ], [ -73.158406275999937, -36.993450948999964 ], [ -73.159616267999979, -36.993561858999954 ], [ -73.15804813799997, -36.991917766999961 ], [ -73.15801907499997, -36.991419070999939 ], [ -73.157045749999952, -36.990392396999937 ] ] ] } },
{ "type": "Feature", "properties": { "CUT": 8102, "COMUNA": "CORONEL", "AREA_C": "URBANO", "DISTRITO": "BUEN RETIRO", "LOCALIDAD": "CORONEL", "n_per": 2538.0, "n_hombres": 1194.0, "n_mujeres": 1344.0, "n_edad_60_mas": 746.0, "n_asistencia_basica": 198.0, "n_asistencia_media": 100.0, "n_asistencia_superior": 105.0, "n_transporte_auto": 183.0, "n_transporte_publico": 335.0, "n_transporte_camina": 77.0, "n_transporte_bicicleta": 25.0 }, "geometry": { "type": "Polygon", "coordinates": [ [ [ -73.173164321999934, -36.997848364999982 ], [ -73.170724544999985, -36.998203986999954 ], [ -73.170256687999938, -36.998073593999948 ], [ -73.169936333999942, -36.998734419999948 ], [ -73.169541969999955, -36.998490706999974 ], [ -73.169462267999961, -36.999207203999958 ], [ -73.169040480999968, -36.999307755999951 ], [ -73.165844685999957, -36.998918021999941 ], [ -73.165635368999972, -36.998940431999984 ], [ -73.165572653999959, -36.999251511999944 ], [ -73.162225877999958, -36.998888694999948 ], [ -73.160069420999946, -37.003466026999945 ], [ -73.162363955999979, -37.00367093899996 ], [ -73.165409744999977, -37.004665143999944 ], [ -73.166440929999965, -37.004810747999954 ], [ -73.167380492999939, -37.004248290999953 ], [ -73.167617405999977, -37.003944985999965 ], [ -73.16782191599998, -37.002373725999973 ], [ -73.16983443099997, -37.002014225999972 ], [ -73.170156203999966, -37.001774808999983 ], [ -73.170545853999954, -37.001106138999944 ], [ -73.171660687999974, -37.000821926999947 ], [ -73.172022332999973, -37.000340963999975 ], [ -73.172538110999938, -37.000468078999972 ], [ -73.172699777999981, -37.000156217999972 ], [ -73.172918797999955, -37.000199528999929 ], [ -73.17281950399996, -37.000455663999958 ], [ -73.172947062999981, -37.000662793999936 ], [ -73.173256069999979, -37.000671094999973 ], [ -73.173845426999947, -37.000341336999952 ], [ -73.174595588999978, -37.000574792999942 ], [ -73.174980905999973, -37.000246721999929 ], [ -73.175328336999939, -37.000428243999977 ], [ -73.175700470999971, -37.000395857999933 ], [ -73.175779984999963, -37.000141237999969 ], [ -73.175393957999972, -36.999967711999943 ], [ -73.175457230999939, -36.999787027999957 ], [ -73.176132145999986, -36.999916814999949 ], [ -73.17735010499996, -36.999628652999945 ], [ -73.178154693999943, -36.999648432999948 ], [ -73.178672990999985, -37.00000681399996 ], [ -73.179301754999983, -36.999572634999936 ], [ -73.179736964999961, -36.999576090999938 ], [ -73.179666434999945, -36.999300595999955 ], [ -73.18014749799994, -36.999199755999939 ], [ -73.181130234999955, -36.999867887999983 ], [ -73.181276937999939, -37.000371776999941 ], [ -73.181496479999964, -37.000377985999933 ], [ -73.181754465999973, -37.000045697999951 ], [ -73.182074987999954, -37.000076374999935 ], [ -73.182115661999944, -37.00028053799997 ], [ -73.181877931999963, -37.000526846999946 ], [ -73.181950219999976, -37.000728932999948 ], [ -73.182406088999983, -37.000607083999967 ], [ -73.182599700999958, -36.999896317999969 ], [ -73.183097251999982, -36.999879914999951 ], [ -73.183484907999969, -36.999631269999952 ], [ -73.183820524999987, -36.999732611999946 ], [ -73.183994474999963, -37.000278402999982 ], [ -73.18426924299996, -37.000341870999932 ], [ -73.184545363999973, -36.999610773999962 ], [ -73.185130861999937, -36.999199677999968 ], [ -73.185982464999938, -36.99802310299998 ], [ -73.185844077999946, -36.997232451999935 ], [ -73.185991374999958, -36.996340083999939 ], [ -73.186461664999968, -36.996057403999941 ], [ -73.186594077999985, -36.995634726999981 ], [ -73.186573811999949, -36.994790560999945 ], [ -73.186331616999951, -36.994042391999983 ], [ -73.18637248899995, -36.993386683999972 ], [ -73.186459620999983, -36.993200492999961 ], [ -73.186783680999952, -36.993114198999933 ], [ -73.186844299999962, -36.99249507299993 ], [ -73.187035857999945, -36.992252524999969 ], [ -73.186676052999985, -36.991868518999979 ], [ -73.183067027999982, -36.992991160999964 ], [ -73.182430101999955, -36.993284278999965 ], [ -73.181685411999979, -36.993994740999938 ], [ -73.178053371999965, -36.99584350899994 ], [ -73.177059908999979, -36.996112418999985 ], [ -73.173164321999934, -36.997848364999982 ] ] ] } },
{ "type": "Feature", "properties": { "CUT": 8102, "COMUNA": "CORONEL", "AREA_C": "URBANO", "DISTRITO": "ESCUADRÓN", "LOCALIDAD": "CORONEL", "n_per": 2619.0, "n_hombres": 1233.0, "n_mujeres": 1386.0, "n_edad_60_mas": 187.0, "n_asistencia_basica": 369.0, "n_asistencia_media": 210.0, "n_asistencia_superior": 158.0, "n_transporte_auto": 189.0, "n_transporte_publico": 525.0, "n_transporte_camina": 80.0, "n_transporte_bicicleta": 24.0 }, "geometry": { "type": "Polygon", "coordinates": [ [ [ -73.154624220999949, -36.999811854999962 ], [ -73.149399824999989, -37.000570085999982 ], [ -73.149535362999984, -37.002877422999973 ], [ -73.152162678999957, -37.003354756999954 ], [ -73.153526615999965, -37.003726039999947 ], [ -73.153922593999937, -37.003980868999975 ], [ -73.154015139999956, -37.003581983999936 ], [ -73.154228079999939, -37.003691499999945 ], [ -73.154415479999955, -37.003262948999975 ], [ -73.155109390999939, -37.001246654999932 ], [ -73.154624220999949, -36.999811854999962 ] ] ] } },
{ "type": "Feature", "properties": { "CUT": 8102, "COMUNA": "CORONEL", "AREA_C": "URBANO", "DISTRITO": "SCHWAGER", "LOCALIDAD": "CORONEL", "n_per": 1380.0, "n_hombres": 660.0, "n_mujeres": 720.0, "n_edad_60_mas": 418.0, "n_asistencia_basica": 104.0, "n_asistencia_media": 47.0, "n_asistencia_superior": 62.0, "n_transporte_auto": 179.0, "n_transporte_publico": 180.0, "n_transporte_camina": 32.0, "n_transporte_bicicleta": 9.0 }, "geometry": { "type": "Polygon", "coordinates": [ [ [ -73.185994715999982, -36.997933171999932 ], [ -73.185130861999937, -36.999199677999968 ], [ -73.184545363999973, -36.999610773999962 ], [ -73.18433123799997, -37.000301591999971 ], [ -73.183994474999963, -37.000278402999982 ], [ -73.183820524999987, -36.999732611999946 ], [ -73.183484907999969, -36.999631269999952 ], [ -73.183097251999982, -36.999879914999951 ], [ -73.182599700999958, -36.999896317999969 ], [ -73.182475796999938, -37.000512815999969 ], [ -73.182178410999938, -37.000724698999932 ], [ -73.181881041999986, -37.000666033999948 ], [ -73.182115661999944, -37.00028053799997 ], [ -73.182074987999954, -37.000076374999935 ], [ -73.181754465999973, -37.000045697999951 ], [ -73.181496479999964, -37.000377985999933 ], [ -73.181276937999939, -37.000371776999941 ], [ -73.181130234999955, -36.999867887999983 ], [ -73.18014749799994, -36.999199755999939 ], [ -73.179666434999945, -36.999300595999955 ], [ -73.179736964999961, -36.999576090999938 ], [ -73.179301754999983, -36.999572634999936 ], [ -73.178672990999985, -37.00000681399996 ], [ -73.178180260999966, -36.999653977999969 ], [ -73.17735010499996, -36.999628652999945 ], [ -73.176132145999986, -36.999916814999949 ], [ -73.175457230999939, -36.999787027999957 ], [ -73.175393957999972, -36.999967711999943 ], [ -73.175779984999963, -37.000141237999969 ], [ -73.175700470999971, -37.000395857999933 ], [ -73.175328336999939, -37.000428243999977 ], [ -73.174980905999973, -37.000246721999929 ], [ -73.174595588999978, -37.000574792999942 ], [ -73.173845426999947, -37.000341336999952 ], [ -73.173256069999979, -37.000671094999973 ], [ -73.172947062999981, -37.000662793999936 ], [ -73.172844502999965, -37.000149427999929 ], [ -73.172632804999978, -37.000202853999951 ], [ -73.172510537999983, -37.000479249999955 ], [ -73.172022332999973, -37.000340963999975 ], [ -73.171660687999974, -37.000821926999947 ], [ -73.170545853999954, -37.001106138999944 ], [ -73.170156203999966, -37.001774808999983 ], [ -73.16983443099997, -37.002014225999972 ], [ -73.16782191599998, -37.002373725999973 ], [ -73.167617405999977, -37.003944985999965 ], [ -73.167380492999939, -37.004248290999953 ], [ -73.166440929999965, -37.004810747999954 ], [ -73.165935467999986, -37.004803380999931 ], [ -73.162428998999985, -37.003688546999967 ], [ -73.161497663999967, -37.003559389999964 ], [ -73.160195392999981, -37.007142782999949 ], [ -73.162718590999987, -37.006544667999947 ], [ -73.164353616999961, -37.006704956999954 ], [ -73.170822711999961, -37.009070423999958 ], [ -73.173621418999971, -37.010564303999956 ], [ -73.174878401999933, -37.01097355099995 ], [ -73.175763746999962, -37.011069438999982 ], [ -73.177837839999938, -37.010940368999968 ], [ -73.179203766999933, -37.010244816999943 ], [ -73.180290758999945, -37.009964071999946 ], [ -73.182923536999965, -37.010276733999945 ], [ -73.183775858999979, -37.008919765999963 ], [ -73.184356054999967, -37.008426008999947 ], [ -73.185561993999954, -37.007973963999973 ], [ -73.186697351999953, -37.00803807799997 ], [ -73.186575800999947, -37.00763294199993 ], [ -73.187068203999956, -37.006845597999984 ], [ -73.186815382999953, -37.006137457999955 ], [ -73.186845776999974, -37.005471635999982 ], [ -73.187705244999961, -37.004876924999962 ], [ -73.187513477999971, -37.002825453999947 ], [ -73.188027136999949, -37.002061807999951 ], [ -73.188513118999936, -37.002156897999953 ], [ -73.188539685999956, -37.001958585999944 ], [ -73.189282211999966, -37.001683531999959 ], [ -73.189112435999959, -37.001160769999956 ], [ -73.188791082999956, -37.000884089999943 ], [ -73.188638376999961, -37.000256382999964 ], [ -73.188809646999971, -36.99948750599998 ], [ -73.188481699999954, -36.998567814999944 ], [ -73.18856681699998, -36.998358707999955 ], [ -73.188873720999936, -36.998322479999956 ], [ -73.188854564999986, -36.99790137399998 ], [ -73.188357645999986, -36.997654158999978 ], [ -73.188173525999957, -36.997275829999978 ], [ -73.187507857999947, -36.995542958999977 ], [ -73.187467753999954, -36.994316433999984 ], [ -73.186761334999971, -36.993687571999942 ], [ -73.186783680999952, -36.993114198999933 ], [ -73.186459620999983, -36.993200492999961 ], [ -73.18637248899995, -36.993386683999972 ], [ -73.186584, -36.995739585999956 ], [ -73.186356788999944, -36.996175137999955 ], [ -73.185991374999958, -36.996340083999939 ], [ -73.185844077999946, -36.997232451999935 ], [ -73.185994715999982, -36.997933171999932 ] ] ] } },
{ "type": "Feature", "properties": { "CUT": 8102, "COMUNA": "CORONEL", "AREA_C": "URBANO", "DISTRITO": "ESCUADRÓN", "LOCALIDAD": "CORONEL", "n_per": 2417.0, "n_hombres": 1162.0, "n_mujeres": 1255.0, "n_edad_60_mas": 724.0, "n_asistencia_basica": 196.0, "n_asistencia_media": 88.0, "n_asistencia_superior": 105.0, "n_transporte_auto": 118.0, "n_transporte_publico": 293.0, "n_transporte_camina": 99.0, "n_transporte_bicicleta": 39.0 }, "geometry": { "type": "Polygon", "coordinates": [ [ [ -73.158474798999976, -36.993444851999982 ], [ -73.154888608999954, -36.994223772999931 ], [ -73.156566948999966, -36.999388632999967 ], [ -73.157630940999979, -36.999224238999943 ], [ -73.161922583999967, -36.999724816999958 ], [ -73.162655652999945, -36.996885292999934 ], [ -73.162867340999981, -36.994013971999948 ], [ -73.161910616999933, -36.993464829999937 ], [ -73.161122912999986, -36.993752695999945 ], [ -73.158474798999976, -36.993444851999982 ] ] ] } },
{ "type": "Feature", "properties": { "CUT": 8102, "COMUNA": "CORONEL", "AREA_C": "URBANO", "DISTRITO": "ESCUADRÓN", "LOCALIDAD": "CORONEL", "n_per": 3364.0, "n_hombres": 1603.0, "n_mujeres": 1761.0, "n_edad_60_mas": 628.0, "n_asistencia_basica": 363.0, "n_asistencia_media": 211.0, "n_asistencia_superior": 182.0, "n_transporte_auto": 246.0, "n_transporte_publico": 513.0, "n_transporte_camina": 135.0, "n_transporte_bicicleta": 48.0 }, "geometry": { "type": "Polygon", "coordinates": [ [ [ -73.153541251999968, -36.996519261999936 ], [ -73.155109390999939, -37.001246654999932 ], [ -73.154415479999955, -37.003262948999975 ], [ -73.154228079999939, -37.003691499999945 ], [ -73.154015139999956, -37.003581983999936 ], [ -73.153922593999937, -37.003980868999975 ], [ -73.155562561999943, -37.004574956999932 ], [ -73.156373038999959, -37.004553320999946 ], [ -73.159127870999953, -37.003308754999978 ], [ -73.160069420999946, -37.003466026999945 ], [ -73.160842786999979, -37.001600736999933 ], [ -73.161922583999967, -36.999724816999958 ], [ -73.157630940999979, -36.999224238999943 ], [ -73.156566948999966, -36.999388632999967 ], [ -73.155483330999971, -36.996126494999942 ], [ -73.153541251999968, -36.996519261999936 ] ] ] } },
{ "type": "Feature", "properties": { "CUT": 8102, "COMUNA": "CORONEL", "AREA_C": "URBANO", "DISTRITO": "EL CALABOZO", "LOCALIDAD": "CORONEL", "n_per": 73.0, "n_hombres": 33.0, "n_mujeres": 40.0, "n_edad_60_mas": 22.0, "n_asistencia_basica": 6.0, "n_asistencia_media": 5.0, "n_asistencia_superior": 3.0, "n_transporte_auto": 8.0, "n_transporte_publico": 8.0, "n_transporte_camina": 0.0, "n_transporte_bicicleta": 0.0 }, "geometry": { "type": "Polygon", "coordinates": [ [ [ -73.138743163999948, -36.998492986999963 ], [ -73.130995542999983, -37.008768461999978 ], [ -73.130475771999954, -37.009687668999959 ], [ -73.130242652999982, -37.010728497999935 ], [ -73.130302810999979, -37.011744747999956 ], [ -73.13143146799996, -37.014884596999934 ], [ -73.132347300999982, -37.013829903999977 ], [ -73.132330947999947, -37.013004498999976 ], [ -73.131827253999973, -37.011625107999976 ], [ -73.131998731999943, -37.01095943699994 ], [ -73.132584994999945, -37.010619564999956 ], [ -73.133772987999976, -37.010671803999969 ], [ -73.134187903999987, -37.01041061799998 ], [ -73.135583610999959, -37.010143589999984 ], [ -73.135875151999983, -37.009503431999974 ], [ -73.13530921499995, -37.008568956999966 ], [ -73.135348587999943, -37.00833670999998 ], [ -73.136776328999986, -37.008190052999964 ], [ -73.13748777099994, -37.007810893999931 ], [ -73.138112435999972, -37.006790907999971 ], [ -73.137901036999949, -37.00623844699993 ], [ -73.137473825999962, -37.00608555599996 ], [ -73.136710697999945, -37.005230345999962 ], [ -73.13682913599996, -37.004141408999942 ], [ -73.138542419999965, -37.003762428999948 ], [ -73.139190979999967, -37.00289804199997 ], [ -73.139068104999978, -37.002391093999961 ], [ -73.139141300999938, -37.001618719999954 ], [ -73.139519207999967, -37.001158902999975 ], [ -73.140524060999951, -37.000506197999982 ], [ -73.140856299999939, -37.000027821999936 ], [ -73.141930020999951, -36.999441965999949 ], [ -73.143706250999969, -36.999244388999955 ], [ -73.142525795999973, -36.999006766999969 ], [ -73.139934148999941, -36.999092247999954 ], [ -73.138743163999948, -36.998492986999963 ] ] ] } },
{ "type": "Feature", "properties": { "CUT": 8102, "COMUNA": "CORONEL", "AREA_C": "URBANO", "DISTRITO": "VILLA MORA", "LOCALIDAD": "CORONEL", "n_per": 3957.0, "n_hombres": 1904.0, "n_mujeres": 2053.0, "n_edad_60_mas": 779.0, "n_asistencia_basica": 385.0, "n_asistencia_media": 202.0, "n_asistencia_superior": 230.0, "n_transporte_auto": 194.0, "n_transporte_publico": 510.0, "n_transporte_camina": 64.0, "n_transporte_bicicleta": 29.0 }, "geometry": { "type": "Polygon", "coordinates": [ [ [ -73.144679992999954, -36.999593226999934 ], [ -73.144093578999957, -37.003946355999972 ], [ -73.145381188999977, -37.005723824999961 ], [ -73.148533931999964, -37.008220024999957 ], [ -73.153213324999967, -37.010444858999961 ], [ -73.15375998199994, -37.009572255999956 ], [ -73.153283061999957, -37.009339516999944 ], [ -73.152172887999939, -37.008279107999954 ], [ -73.153922593999937, -37.003980868999975 ], [ -73.153526615999965, -37.003726039999947 ], [ -73.152162678999957, -37.003354756999954 ], [ -73.149940739999977, -37.003034861999936 ], [ -73.148399610999945, -37.002443249999942 ], [ -73.14669842099994, -37.001315037999973 ], [ -73.146330884999941, -37.000768536999942 ], [ -73.14520854999995, -37.000169883999945 ], [ -73.144679992999954, -36.999593226999934 ] ] ] } },
{ "type": "Feature", "properties": { "CUT": 8102, "COMUNA": "CORONEL", "AREA_C": "URBANO", "DISTRITO": "VILLA MORA", "LOCALIDAD": "CORONEL", "n_per": 2522.0, "n_hombres": 1220.0, "n_mujeres": 1302.0, "n_edad_60_mas": 679.0, "n_asistencia_basica": 203.0, "n_asistencia_media": 86.0, "n_asistencia_superior": 103.0, "n_transporte_auto": 121.0, "n_transporte_publico": 325.0, "n_transporte_camina": 68.0, "n_transporte_bicicleta": 26.0 }, "geometry": { "type": "Polygon", "coordinates": [ [ [ -73.148835625999936, -37.013649944999941 ], [ -73.147484677999955, -37.015828762999945 ], [ -73.147613792999948, -37.016206372999932 ], [ -73.149094921999961, -37.016751742999929 ], [ -73.149075724999989, -37.017301490999955 ], [ -73.149428160999946, -37.017337036999947 ], [ -73.149947550999968, -37.01709399899994 ], [ -73.150967006999963, -37.017858511999975 ], [ -73.152091875999986, -37.018254333999948 ], [ -73.152704703999973, -37.016792792999979 ], [ -73.152908304999983, -37.015444754999976 ], [ -73.15333987799994, -37.015814515999978 ], [ -73.154730662999953, -37.015841896999973 ], [ -73.154738832999954, -37.015580006999983 ], [ -73.153680104999978, -37.015541387999974 ], [ -73.153676453999935, -37.01482197699994 ], [ -73.157465384999966, -37.015007644999969 ], [ -73.158438181999941, -37.01225605999997 ], [ -73.15645518499997, -37.011821668999971 ], [ -73.151688560999958, -37.009782303999941 ], [ -73.151053591999982, -37.01080731899998 ], [ -73.151139433999958, -37.010985170999959 ], [ -73.150762586999974, -37.011626749999948 ], [ -73.15105321599998, -37.011795430999939 ], [ -73.150684301999945, -37.012349867999944 ], [ -73.148835625999936, -37.013649944999941 ] ] ] } },
{ "type": "Feature", "properties": { "CUT": 8102, "COMUNA": "CORONEL", "AREA_C": "URBANO", "DISTRITO": "VILLA MORA", "LOCALIDAD": "CORONEL", "n_per": 2150.0, "n_hombres": 1050.0, "n_mujeres": 1100.0, "n_edad_60_mas": 594.0, "n_asistencia_basica": 184.0, "n_asistencia_media": 98.0, "n_asistencia_superior": 86.0, "n_transporte_auto": 124.0, "n_transporte_publico": 297.0, "n_transporte_camina": 65.0, "n_transporte_bicicleta": 16.0 }, "geometry": { "type": "Polygon", "coordinates": [ [ [ -73.15929704399997, -37.003281898999944 ], [ -73.156342388999974, -37.004561671999966 ], [ -73.155522884999982, -37.00456935099993 ], [ -73.153922593999937, -37.003980868999975 ], [ -73.152172887999939, -37.008279107999954 ], [ -73.153283061999957, -37.009339516999944 ], [ -73.15375998199994, -37.009572255999956 ], [ -73.153213324999967, -37.010444858999961 ], [ -73.15645518499997, -37.011821668999971 ], [ -73.158438181999941, -37.01225605999997 ], [ -73.161497663999967, -37.003559389999964 ], [ -73.160271293999983, -37.003506049999942 ], [ -73.15929704399997, -37.003281898999944 ] ] ] } },
{ "type": "Feature", "properties": { "CUT": 8102, "COMUNA": "CORONEL", "AREA_C": "URBANO", "DISTRITO": "SCHWAGER", "LOCALIDAD": "CORONEL", "n_per": 4354.0, "n_hombres": 2087.0, "n_mujeres": 2267.0, "n_edad_60_mas": 819.0, "n_asistencia_basica": 482.0, "n_asistencia_media": 243.0, "n_asistencia_superior": 189.0, "n_transporte_auto": 215.0, "n_transporte_publico": 620.0, "n_transporte_camina": 155.0, "n_transporte_bicicleta": 56.0 }, "geometry": { "type": "Polygon", "coordinates": [ [ [ -73.162718590999987, -37.006544667999947 ], [ -73.160195392999981, -37.007142782999949 ], [ -73.158822262999934, -37.011129998999934 ], [ -73.16255548099997, -37.012873665999962 ], [ -73.163955978999979, -37.014827199999957 ], [ -73.165491886999973, -37.016419180999947 ], [ -73.166571122999983, -37.018008265999981 ], [ -73.168106830999989, -37.018687640999929 ], [ -73.168812858999956, -37.018191667999929 ], [ -73.168790742999988, -37.017812154999945 ], [ -73.168521587999976, -37.017443875999959 ], [ -73.169872460999954, -37.016605480999942 ], [ -73.170349435999981, -37.015975819999937 ], [ -73.170715069999972, -37.016253611999957 ], [ -73.17072682099996, -37.016879784999958 ], [ -73.171017784999947, -37.017209786999956 ], [ -73.17144964199997, -37.017245059999937 ], [ -73.172188358999961, -37.016761015999975 ], [ -73.173212086999968, -37.016855479999947 ], [ -73.173705850999966, -37.01672715199993 ], [ -73.175246636999987, -37.015532859999951 ], [ -73.176126593999982, -37.015109983999935 ], [ -73.176615735999974, -37.015078685999981 ], [ -73.176818731999958, -37.01467811599997 ], [ -73.176792277999937, -37.014407029999973 ], [ -73.176142552999977, -37.013862275999941 ], [ -73.176432963999957, -37.011623446999977 ], [ -73.176246849999984, -37.011202525999977 ], [ -73.174133508999944, -37.010786811999935 ], [ -73.170822711999961, -37.009070423999958 ], [ -73.164353616999961, -37.006704956999954 ], [ -73.162718590999987, -37.006544667999947 ] ] ] } },
{ "type": "Feature", "properties": { "CUT": 8102, "COMUNA": "CORONEL", "AREA_C": "URBANO", "DISTRITO": "SCHWAGER", "LOCALIDAD": "CORONEL", "n_per": 1546.0, "n_hombres": 751.0, "n_mujeres": 795.0, "n_edad_60_mas": 468.0, "n_asistencia_basica": 147.0, "n_asistencia_media": 74.0, "n_asistencia_superior": 78.0, "n_transporte_auto": 102.0, "n_transporte_publico": 186.0, "n_transporte_camina": 74.0, "n_transporte_bicicleta": 11.0 }, "geometry": { "type": "Polygon", "coordinates": [ [ [ -73.179483587999982, -37.010145457999954 ], [ -73.177938079999933, -37.010919377999983 ], [ -73.175763746999962, -37.011069438999982 ], [ -73.176352417999965, -37.011260921999963 ], [ -73.176437236999959, -37.011444657999959 ], [ -73.176142552999977, -37.013862275999941 ], [ -73.17683965699996, -37.014491386999964 ], [ -73.176615735999974, -37.015078685999981 ], [ -73.176126593999982, -37.015109983999935 ], [ -73.175246636999987, -37.015532859999951 ], [ -73.173705850999966, -37.01672715199993 ], [ -73.173212086999968, -37.016855479999947 ], [ -73.172188358999961, -37.016761015999975 ], [ -73.17144964199997, -37.017245059999937 ], [ -73.171017784999947, -37.017209786999956 ], [ -73.17072682099996, -37.016879784999958 ], [ -73.170715069999972, -37.016253611999957 ], [ -73.170349435999981, -37.015975819999937 ], [ -73.169872460999954, -37.016605480999942 ], [ -73.168521587999976, -37.017443875999959 ], [ -73.168790742999988, -37.017812154999945 ], [ -73.168812858999956, -37.018191667999929 ], [ -73.168106830999989, -37.018687640999929 ], [ -73.166571122999983, -37.018008265999981 ], [ -73.166723185999956, -37.018646615999955 ], [ -73.166044037999939, -37.019061054999952 ], [ -73.166364730999987, -37.019651118999946 ], [ -73.165004132999968, -37.020288834999974 ], [ -73.164780407999956, -37.020691804999956 ], [ -73.164368065999952, -37.022639507999941 ], [ -73.171004147999952, -37.023498964999931 ], [ -73.173437587999956, -37.024485140999957 ], [ -73.174538183999971, -37.024143268999978 ], [ -73.175081290999969, -37.024613873999954 ], [ -73.175372366999966, -37.025318296999956 ], [ -73.17599245699995, -37.025827732999971 ], [ -73.176289857999961, -37.026694319999933 ], [ -73.176303442999938, -37.027218109999978 ], [ -73.176844433999975, -37.026956517999963 ], [ -73.177598621999948, -37.02882980399994 ], [ -73.178227461999938, -37.028247558999965 ], [ -73.178790650999986, -37.028168537999932 ], [ -73.178987709999944, -37.028463792999958 ], [ -73.179127836999953, -37.02839580899996 ], [ -73.179107411999951, -37.027419447999932 ], [ -73.179730630999984, -37.026046763999943 ], [ -73.180351323999957, -37.025390001999938 ], [ -73.180964341999982, -37.025054571999931 ], [ -73.181213579999962, -37.024690183999951 ], [ -73.181699415999958, -37.024796988999981 ], [ -73.181811919999973, -37.02466428799994 ], [ -73.181193489999941, -37.024309975999984 ], [ -73.18105542099994, -37.023986405999949 ], [ -73.181083246999947, -37.022513992999961 ], [ -73.180570531999933, -37.01925652999995 ], [ -73.180696927999975, -37.016707297999972 ], [ -73.181084383999973, -37.014518586999941 ], [ -73.182132655999965, -37.01212375199998 ], [ -73.182488840999952, -37.010632986999951 ], [ -73.182923536999965, -37.010276733999945 ], [ -73.182031206999966, -37.010234090999973 ], [ -73.181114269999966, -37.00998120099996 ], [ -73.179483587999982, -37.010145457999954 ] ] ] } },
{ "type": "Feature", "properties": { "CUT": 8102, "COMUNA": "CORONEL", "AREA_C": "URBANO", "DISTRITO": "SCHWAGER", "LOCALIDAD": "CORONEL", "n_per": 5531.0, "n_hombres": 2725.0, "n_mujeres": 2806.0, "n_edad_60_mas": 852.0, "n_asistencia_basica": 653.0, "n_asistencia_media": 307.0, "n_asistencia_superior": 219.0, "n_transporte_auto": 340.0, "n_transporte_publico": 853.0, "n_transporte_camina": 291.0, "n_transporte_bicicleta": 56.0 }, "geometry": { "type": "Polygon", "coordinates": [ [ [ -73.155160700999943, -37.020223134999981 ], [ -73.156748408999988, -37.020767861999957 ], [ -73.158076992999952, -37.020801386999949 ], [ -73.161579832999962, -37.020555945999945 ], [ -73.162085357999956, -37.021026742999936 ], [ -73.16258738199997, -37.020935324999982 ], [ -73.162489322999988, -37.021353872999953 ], [ -73.164046334999966, -37.02153537099997 ], [ -73.16412784299996, -37.02111453699996 ], [ -73.164680206999947, -37.021148121999943 ], [ -73.165076073999955, -37.02021838099995 ], [ -73.166364730999987, -37.019651118999946 ], [ -73.166044037999939, -37.019061054999952 ], [ -73.166467301999944, -37.01890233499995 ], [ -73.166749835999951, -37.018565600999978 ], [ -73.166571122999983, -37.018008265999981 ], [ -73.165830391999975, -37.016855545999931 ], [ -73.163839261999954, -37.014685699999973 ], [ -73.16255548099997, -37.012873665999962 ], [ -73.158822262999934, -37.011129998999934 ], [ -73.156940574999965, -37.016549646999977 ], [ -73.155160700999943, -37.020223134999981 ] ] ] } },
{ "type": "Feature", "properties": { "CUT": 8102, "COMUNA": "CORONEL", "AREA_C": "URBANO", "DISTRITO": "VILLA MORA", "LOCALIDAD": "CORONEL", "n_per": 3822.0, "n_hombres": 1831.0, "n_mujeres": 1991.0, "n_edad_60_mas": 850.0, "n_asistencia_basica": 356.0, "n_asistencia_media": 202.0, "n_asistencia_superior": 175.0, "n_transporte_auto": 174.0, "n_transporte_publico": 584.0, "n_transporte_camina": 176.0, "n_transporte_bicicleta": 13.0 }, "geometry": { "type": "Polygon", "coordinates": [ [ [ -73.132187131999956, -37.016758333999974 ], [ -73.135035657999936, -37.02110528399993 ], [ -73.135318925999968, -37.021881944999961 ], [ -73.135233994999965, -37.026630829999931 ], [ -73.135531552999964, -37.026668312999959 ], [ -73.137534664999976, -37.025989921999951 ], [ -73.138865940999949, -37.026038240999981 ], [ -73.139502593999964, -37.025864974999934 ], [ -73.140758643999959, -37.02584909899997 ], [ -73.142356950999954, -37.025062223999953 ], [ -73.142880720999983, -37.025691680999955 ], [ -73.143010957999934, -37.026181632999965 ], [ -73.144682313999965, -37.025323888999935 ], [ -73.146902759999989, -37.024604395999972 ], [ -73.148566252999956, -37.024378157999934 ], [ -73.148949843999958, -37.024136140999929 ], [ -73.149512784999956, -37.024308008999981 ], [ -73.149872482999967, -37.024241220999954 ], [ -73.150278886999956, -37.024489661999951 ], [ -73.149347864999982, -37.025514703999931 ], [ -73.149882264999974, -37.025743468999963 ], [ -73.151317394999978, -37.024476983999932 ], [ -73.154166190999945, -37.022384496999962 ], [ -73.156817801999978, -37.01683001899994 ], [ -73.157465384999966, -37.015007644999969 ], [ -73.153676453999935, -37.01482197699994 ], [ -73.153680104999978, -37.015541387999974 ], [ -73.154738832999954, -37.015580006999983 ], [ -73.154730662999953, -37.015841896999973 ], [ -73.15333987799994, -37.015814515999978 ], [ -73.152908304999983, -37.015444754999976 ], [ -73.152704703999973, -37.016792792999979 ], [ -73.152091875999986, -37.018254333999948 ], [ -73.15276907599997, -37.01842355399998 ], [ -73.15257147899996, -37.019122853999932 ], [ -73.151814369999954, -37.02061815999997 ], [ -73.150817611999969, -37.021544517999985 ], [ -73.150553120999973, -37.021441704999972 ], [ -73.149832097999933, -37.022041546999958 ], [ -73.149231586999974, -37.021512645999962 ], [ -73.148413400999971, -37.021403296999949 ], [ -73.147958520999964, -37.021590223999965 ], [ -73.147452277999946, -37.021531607999975 ], [ -73.146412261999956, -37.02201488999998 ], [ -73.145442122999953, -37.022075654999981 ], [ -73.144482315999937, -37.021370402999935 ], [ -73.143700785999954, -37.021210053999937 ], [ -73.143491128999983, -37.020907552999972 ], [ -73.14339847399998, -37.020297083999935 ], [ -73.142612562999943, -37.018894564999982 ], [ -73.139069958999983, -37.018503586999941 ], [ -73.138580816999934, -37.018144106999955 ], [ -73.136085967999975, -37.017192095999974 ], [ -73.134288628999968, -37.016139424999949 ], [ -73.133610415999954, -37.015143016999957 ], [ -73.132979154999987, -37.01267414299997 ], [ -73.132567392999988, -37.01206883499998 ], [ -73.132446699999946, -37.010665471999971 ], [ -73.131975317999945, -37.010992862999956 ], [ -73.131827253999973, -37.011625107999976 ], [ -73.132330947999947, -37.013004498999976 ], [ -73.132341667999981, -37.013857026999972 ], [ -73.13143146799996, -37.014884596999934 ], [ -73.132187131999956, -37.016758333999974 ] ] ] } },
{ "type": "Feature", "properties": { "CUT": 8102, "COMUNA": "CORONEL", "AREA_C": "URBANO", "DISTRITO": "SCHWAGER", "LOCALIDAD": "CORONEL", "n_per": 1738.0, "n_hombres": 879.0, "n_mujeres": 859.0, "n_edad_60_mas": 406.0, "n_asistencia_basica": 160.0, "n_asistencia_media": 86.0, "n_asistencia_superior": 78.0, "n_transporte_auto": 67.0, "n_transporte_publico": 136.0, "n_transporte_camina": 187.0, "n_transporte_bicicleta": 8.0 }, "geometry": { "type": "Polygon", "coordinates": [ [ [ -73.155160700999943, -37.020223134999981 ], [ -73.154038700999934, -37.022548972999971 ], [ -73.15431502499996, -37.02252464999998 ], [ -73.155616818999988, -37.024655739999957 ], [ -73.15646593699995, -37.024560959999974 ], [ -73.157990392999977, -37.024821345999953 ], [ -73.160498580999956, -37.026153379999982 ], [ -73.161880762999942, -37.026572235999936 ], [ -73.163145418999989, -37.026726250999957 ], [ -73.164668260999974, -37.026147828999967 ], [ -73.165397141999961, -37.026150335999944 ], [ -73.166822139999965, -37.025698953999949 ], [ -73.169479124999953, -37.025243191999948 ], [ -73.171080784999958, -37.025326341999971 ], [ -73.173245921999978, -37.025926627999979 ], [ -73.175006159999953, -37.027303821999965 ], [ -73.175670680999986, -37.02755951599994 ], [ -73.17606279599994, -37.027927910999949 ], [ -73.176311012999975, -37.028522030999966 ], [ -73.176846198999954, -37.028699750999976 ], [ -73.177290476999985, -37.029326104999939 ], [ -73.177487366999969, -37.029323285999965 ], [ -73.177444037999976, -37.029001166999933 ], [ -73.177598621999948, -37.02882980399994 ], [ -73.176844433999975, -37.026956517999963 ], [ -73.176303442999938, -37.027218109999978 ], [ -73.176289857999961, -37.026694319999933 ], [ -73.17599245699995, -37.025827732999971 ], [ -73.175372366999966, -37.025318296999956 ], [ -73.175081290999969, -37.024613873999954 ], [ -73.174538183999971, -37.024143268999978 ], [ -73.173437587999956, -37.024485140999957 ], [ -73.171004147999952, -37.023498964999931 ], [ -73.164368065999952, -37.022639507999941 ], [ -73.164680206999947, -37.021148121999943 ], [ -73.16412784299996, -37.02111453699996 ], [ -73.164046334999966, -37.02153537099997 ], [ -73.162489322999988, -37.021353872999953 ], [ -73.16258738199997, -37.020935324999982 ], [ -73.162085357999956, -37.021026742999936 ], [ -73.161579832999962, -37.020555945999945 ], [ -73.158903688999942, -37.020785364999938 ], [ -73.156748408999988, -37.020767861999957 ], [ -73.155160700999943, -37.020223134999981 ] ] ] } },
{ "type": "Feature", "properties": { "CUT": 8102, "COMUNA": "CORONEL", "AREA_C": "URBANO", "DISTRITO": "MUNICIPALIDAD", "LOCALIDAD": "CORONEL", "n_per": 151.0, "n_hombres": 60.0, "n_mujeres": 91.0, "n_edad_60_mas": 83.0, "n_asistencia_basica": 4.0, "n_asistencia_media": 3.0, "n_asistencia_superior": 4.0, "n_transporte_auto": 4.0, "n_transporte_publico": 16.0, "n_transporte_camina": 5.0, "n_transporte_bicicleta": 0.0 }, "geometry": { "type": "Polygon", "coordinates": [ [ [ -73.151317394999978, -37.024476983999932 ], [ -73.149882264999974, -37.025743468999963 ], [ -73.149347864999982, -37.025514703999931 ], [ -73.150278886999956, -37.024489661999951 ], [ -73.149872482999967, -37.024241220999954 ], [ -73.14879413999995, -37.024179014999959 ], [ -73.14746693799998, -37.025596479999933 ], [ -73.147092448999956, -37.025446947999967 ], [ -73.146735480999951, -37.025544785999955 ], [ -73.14397103999994, -37.02858516799995 ], [ -73.146050755999966, -37.028870047999931 ], [ -73.145919526999933, -37.029137258999981 ], [ -73.146978356999966, -37.029436555999951 ], [ -73.146049497999968, -37.031505944999935 ], [ -73.145467508999957, -37.033421311999973 ], [ -73.144432379999955, -37.041882997999949 ], [ -73.145384768999975, -37.041920817999937 ], [ -73.145580931999973, -37.041733581999949 ], [ -73.145832956999982, -37.039165917999981 ], [ -73.146983386999977, -37.035028412999964 ], [ -73.147836860999973, -37.032606500999975 ], [ -73.154559992999964, -37.03471174799995 ], [ -73.154744400999959, -37.034390520999978 ], [ -73.150550600999964, -37.033141303999969 ], [ -73.150273134999964, -37.033247187999962 ], [ -73.147855322999987, -37.032520868999939 ], [ -73.149127221999947, -37.029902592999974 ], [ -73.150588006999953, -37.028026757999953 ], [ -73.151545822999935, -37.028667310999936 ], [ -73.151745645999938, -37.028970425999944 ], [ -73.155018593999955, -37.031076248999966 ], [ -73.155225607999967, -37.030897788999937 ], [ -73.151859859999945, -37.028556399999957 ], [ -73.151597385999935, -37.02861674899998 ], [ -73.150653422999937, -37.027981527999941 ], [ -73.152006421999943, -37.026604386999963 ], [ -73.153801414999975, -37.025326073999963 ], [ -73.155616818999988, -37.024655739999957 ], [ -73.155016505999981, -37.02351878199994 ], [ -73.154257841999936, -37.022478692999982 ], [ -73.151317394999978, -37.024476983999932 ] ] ] } },
{ "type": "Feature", "properties": { "CUT": 8102, "COMUNA": "CORONEL", "AREA_C": "URBANO", "DISTRITO": "CORCOVADO", "LOCALIDAD": "CORONEL", "n_per": 2980.0, "n_hombres": 1457.0, "n_mujeres": 1523.0, "n_edad_60_mas": 716.0, "n_asistencia_basica": 267.0, "n_asistencia_media": 138.0, "n_asistencia_superior": 132.0, "n_transporte_auto": 184.0, "n_transporte_publico": 428.0, "n_transporte_camina": 108.0, "n_transporte_bicicleta": 4.0 }, "geometry": { "type": "Polygon", "coordinates": [ [ [ -73.131159346999937, -37.021516308999935 ], [ -73.126460103999989, -37.025275971999974 ], [ -73.124864313999979, -37.024235631999943 ], [ -73.122326681999937, -37.02642330499998 ], [ -73.123357177999935, -37.02710116999998 ], [ -73.123029131999942, -37.027482333999956 ], [ -73.123637591999966, -37.027944455999943 ], [ -73.124011721999977, -37.027512782999963 ], [ -73.12650361599998, -37.029155794999951 ], [ -73.125482985999952, -37.03010863399993 ], [ -73.126073721999944, -37.031449714999951 ], [ -73.126377131999959, -37.031782348999968 ], [ -73.126326258999939, -37.032794990999946 ], [ -73.126504383999986, -37.033056279999983 ], [ -73.129104153999947, -37.030232210999941 ], [ -73.13199227399997, -37.028909202999955 ], [ -73.132580281999935, -37.027974136999944 ], [ -73.134277955999949, -37.026575470999944 ], [ -73.13486088999997, -37.026555800999972 ], [ -73.134810896999966, -37.027759322999941 ], [ -73.13496659599997, -37.027846838999949 ], [ -73.14397103999994, -37.02858516799995 ], [ -73.146735480999951, -37.025544785999955 ], [ -73.147092448999956, -37.025446947999967 ], [ -73.14746693799998, -37.025596479999933 ], [ -73.148566252999956, -37.024378157999934 ], [ -73.147766851999961, -37.024398208999969 ], [ -73.146178137999982, -37.024809535999964 ], [ -73.144253764999974, -37.025490196999954 ], [ -73.143010957999934, -37.026181632999965 ], [ -73.142880720999983, -37.025691680999955 ], [ -73.142356950999954, -37.025062223999953 ], [ -73.140758643999959, -37.02584909899997 ], [ -73.139502593999964, -37.025864974999934 ], [ -73.138865940999949, -37.026038240999981 ], [ -73.137534664999976, -37.025989921999951 ], [ -73.135293098999966, -37.026651044999937 ], [ -73.135382229999948, -37.022357704999934 ], [ -73.134989547999965, -37.021033883999962 ], [ -73.131159346999937, -37.021516308999935 ] ] ] } },
{ "type": "Feature", "properties": { "CUT": 8102, "COMUNA": "CORONEL", "AREA_C": "URBANO", "DISTRITO": "CORCOVADO", "LOCALIDAD": "CORONEL", "n_per": 2040.0, "n_hombres": 959.0, "n_mujeres": 1081.0, "n_edad_60_mas": 535.0, "n_asistencia_basica": 160.0, "n_asistencia_media": 105.0, "n_asistencia_superior": 112.0, "n_transporte_auto": 139.0, "n_transporte_publico": 264.0, "n_transporte_camina": 74.0, "n_transporte_bicicleta": 4.0 }, "geometry": { "type": "Polygon", "coordinates": [ [ [ -73.126599735999946, -37.039545475999944 ], [ -73.127071672999989, -37.040110703999972 ], [ -73.129292912999972, -37.039820664999979 ], [ -73.13307475199997, -37.039719537999929 ], [ -73.134162851999974, -37.039937787999975 ], [ -73.135189457999957, -37.039828055999976 ], [ -73.135380109999971, -37.040003578999972 ], [ -73.136296680999976, -37.040102460999947 ], [ -73.136430794999967, -37.04009485499995 ], [ -73.136460954999961, -37.039554324999983 ], [ -73.137131765999982, -37.039493320999952 ], [ -73.138158018999945, -37.028080693999982 ], [ -73.134910528999967, -37.027832439999941 ], [ -73.13486088999997, -37.026555800999972 ], [ -73.134277955999949, -37.026575470999944 ], [ -73.132580281999935, -37.027974136999944 ], [ -73.13199227399997, -37.028909202999955 ], [ -73.129104153999947, -37.030232210999941 ], [ -73.127047083999969, -37.032518169999946 ], [ -73.125396657999943, -37.033932677999985 ], [ -73.125380541999959, -37.03555838099993 ], [ -73.126088794999987, -37.035837069999957 ], [ -73.126250522999953, -37.038742837999962 ], [ -73.126599735999946, -37.039545475999944 ] ] ] } },
{ "type": "Feature", "properties": { "CUT": 8102, "COMUNA": "CORONEL", "AREA_C": "URBANO", "DISTRITO": "CORCOVADO", "LOCALIDAD": "CORONEL", "n_per": 2149.0, "n_hombres": 1041.0, "n_mujeres": 1108.0, "n_edad_60_mas": 664.0, "n_asistencia_basica": 156.0, "n_asistencia_media": 73.0, "n_asistencia_superior": 106.0, "n_transporte_auto": 129.0, "n_transporte_publico": 286.0, "n_transporte_camina": 85.0, "n_transporte_bicicleta": 7.0 }, "geometry": { "type": "Polygon", "coordinates": [ [ [ -73.138158018999945, -37.028080693999982 ], [ -73.137081914999953, -37.039524731999961 ], [ -73.136460954999961, -37.039554324999983 ], [ -73.136430794999967, -37.04009485499995 ], [ -73.139119834999974, -37.039376570999934 ], [ -73.139914183999963, -37.039324251999972 ], [ -73.140804495999987, -37.03731849899998 ], [ -73.142566870999985, -37.034227697999938 ], [ -73.140436491999935, -37.03398281799997 ], [ -73.141763097999956, -37.02837038399997 ], [ -73.138158018999945, -37.028080693999982 ] ] ] } },
{ "type": "Feature", "properties": { "CUT": 8102, "COMUNA": "CORONEL", "AREA_C": "URBANO", "DISTRITO": "MUNICIPALIDAD", "LOCALIDAD": "CORONEL", "n_per": 2208.0, "n_hombres": 1046.0, "n_mujeres": 1162.0, "n_edad_60_mas": 755.0, "n_asistencia_basica": 160.0, "n_asistencia_media": 99.0, "n_asistencia_superior": 105.0, "n_transporte_auto": 137.0, "n_transporte_publico": 291.0, "n_transporte_camina": 101.0, "n_transporte_bicicleta": 5.0 }, "geometry": { "type": "Polygon", "coordinates": [ [ [ -73.144356048999953, -37.041879295999934 ], [ -73.145467508999957, -37.033421311999973 ], [ -73.146049497999968, -37.031505944999935 ], [ -73.146976809999956, -37.029417090999971 ], [ -73.145919526999933, -37.029137258999981 ], [ -73.146050755999966, -37.028870047999931 ], [ -73.141763097999956, -37.02837038399997 ], [ -73.140436491999935, -37.03398281799997 ], [ -73.142566870999985, -37.034227697999938 ], [ -73.140804495999987, -37.03731849899998 ], [ -73.139914183999963, -37.039324251999972 ], [ -73.142580858999963, -37.039829293999958 ], [ -73.142923891999942, -37.040463884999951 ], [ -73.144356048999953, -37.041879295999934 ] ] ] } },
{ "type": "Feature", "properties": { "CUT": 8102, "COMUNA": "CORONEL", "AREA_C": "URBANO", "DISTRITO": "ESCUADRÓN", "LOCALIDAD": "CORONEL", "n_per": 2553.0, "n_hombres": 1170.0, "n_mujeres": 1383.0, "n_edad_60_mas": 370.0, "n_asistencia_basica": 276.0, "n_asistencia_media": 175.0, "n_asistencia_superior": 181.0, "n_transporte_auto": 285.0, "n_transporte_publico": 395.0, "n_transporte_camina": 55.0, "n_transporte_bicicleta": 12.0 }, "geometry": { "type": "Polygon", "coordinates": [ [ [ -73.156736184999943, -36.975583724999979 ], [ -73.156880437999973, -36.978133168999932 ], [ -73.157766624999965, -36.97811592599993 ], [ -73.15778977399998, -36.978711939999982 ], [ -73.162010350999935, -36.978620585999977 ], [ -73.162114719999977, -36.979216673999929 ], [ -73.162432913999965, -36.979326665999963 ], [ -73.171183184999961, -36.979079516999946 ], [ -73.17188411099994, -36.978812375999951 ], [ -73.172046561999935, -36.978517608999937 ], [ -73.171132808999971, -36.976518144999943 ], [ -73.174982764999982, -36.975964254999951 ], [ -73.175116980999974, -36.975780233999956 ], [ -73.175351777999936, -36.975901445999966 ], [ -73.17649608399995, -36.975778445999936 ], [ -73.172531741999933, -36.967777743999932 ], [ -73.170937699999968, -36.963926409999942 ], [ -73.169869512999981, -36.961845322999977 ], [ -73.165500587999986, -36.951178614999947 ], [ -73.163745110999969, -36.945889825999984 ], [ -73.163034096999979, -36.944265700999949 ], [ -73.161476572999959, -36.939387603999933 ], [ -73.161417689999951, -36.938808070999983 ], [ -73.160750102999941, -36.937199216999943 ], [ -73.159841735999976, -36.93409915999996 ], [ -73.159298874999934, -36.931545394999944 ], [ -73.158925067999974, -36.930741801999943 ], [ -73.158597315999941, -36.928854901999955 ], [ -73.150595823999936, -36.930095268999935 ], [ -73.15967550299996, -36.968089831999976 ], [ -73.159712796999941, -36.96905684799998 ], [ -73.159332082999981, -36.971329232999949 ], [ -73.158938749999948, -36.972278763999952 ], [ -73.157904405999943, -36.973910947999968 ], [ -73.156494137999971, -36.975190137999959 ], [ -73.156736184999943, -36.975583724999979 ] ] ] } },
{ "type": "Feature", "properties": { "CUT": 8102, "COMUNA": "CORONEL", "AREA_C": "URBANO", "DISTRITO": "VILLA MORA", "LOCALIDAD": "CORONEL", "n_per": 3477.0, "n_hombres": 1632.0, "n_mujeres": 1845.0, "n_edad_60_mas": 604.0, "n_asistencia_basica": 406.0, "n_asistencia_media": 185.0, "n_asistencia_superior": 140.0, "n_transporte_auto": 187.0, "n_transporte_publico": 436.0, "n_transporte_camina": 75.0, "n_transporte_bicicleta": 25.0 }, "geometry": { "type": "Polygon", "coordinates": [ [ [ -73.14403023899996, -36.99919657199996 ], [ -73.141930020999951, -36.999441965999949 ], [ -73.140856299999939, -37.000027821999936 ], [ -73.140524060999951, -37.000506197999982 ], [ -73.139519207999967, -37.001158902999975 ], [ -73.139141300999938, -37.001618719999954 ], [ -73.139068104999978, -37.002391093999961 ], [ -73.139190979999967, -37.00289804199997 ], [ -73.138542419999965, -37.003762428999948 ], [ -73.13682913599996, -37.004141408999942 ], [ -73.136710697999945, -37.005230345999962 ], [ -73.137473825999962, -37.00608555599996 ], [ -73.137901036999949, -37.00623844699993 ], [ -73.138112435999972, -37.006790907999971 ], [ -73.13748777099994, -37.007810893999931 ], [ -73.136776328999986, -37.008190052999964 ], [ -73.135348587999943, -37.00833670999998 ], [ -73.13530921499995, -37.008568956999966 ], [ -73.135875151999983, -37.009503431999974 ], [ -73.135583610999959, -37.010143589999984 ], [ -73.134187903999987, -37.01041061799998 ], [ -73.133807075999982, -37.010666344999947 ], [ -73.132446699999946, -37.010665471999971 ], [ -73.132567392999988, -37.01206883499998 ], [ -73.132979154999987, -37.01267414299997 ], [ -73.133649885999944, -37.015213140999947 ], [ -73.134288628999968, -37.016139424999949 ], [ -73.135345525999981, -37.016774641999973 ], [ -73.137621420999949, -37.01788208399995 ], [ -73.138580816999934, -37.018144106999955 ], [ -73.139069958999983, -37.018503586999941 ], [ -73.142612562999943, -37.018894564999982 ], [ -73.14339847399998, -37.020297083999935 ], [ -73.143491128999983, -37.020907552999972 ], [ -73.143700785999954, -37.021210053999937 ], [ -73.144482315999937, -37.021370402999935 ], [ -73.145351826999956, -37.02205498099994 ], [ -73.146412261999956, -37.02201488999998 ], [ -73.147452277999946, -37.021531607999975 ], [ -73.147958520999964, -37.021590223999965 ], [ -73.148413400999971, -37.021403296999949 ], [ -73.149231586999974, -37.021512645999962 ], [ -73.149832097999933, -37.022041546999958 ], [ -73.150553120999973, -37.021441704999972 ], [ -73.150817611999969, -37.021544517999985 ], [ -73.151706545999957, -37.020766851999952 ], [ -73.15257147899996, -37.019122853999932 ], [ -73.15276907599997, -37.01842355399998 ], [ -73.151311552999971, -37.018022218999931 ], [ -73.149947550999968, -37.01709399899994 ], [ -73.149428160999946, -37.017337036999947 ], [ -73.149075724999989, -37.017301490999955 ], [ -73.149094921999961, -37.016751742999929 ], [ -73.147613792999948, -37.016206372999932 ], [ -73.147484677999955, -37.015828762999945 ], [ -73.148835625999936, -37.013649944999941 ], [ -73.150684301999945, -37.012349867999944 ], [ -73.15105321599998, -37.011795430999939 ], [ -73.150762586999974, -37.011626749999948 ], [ -73.151139433999958, -37.010985170999959 ], [ -73.151053591999982, -37.01080731899998 ], [ -73.151688560999958, -37.009782303999941 ], [ -73.148533931999964, -37.008220024999957 ], [ -73.14582521899996, -37.006122816999948 ], [ -73.144749600999944, -37.004979406999951 ], [ -73.144093578999957, -37.003946355999972 ], [ -73.144606667999938, -37.000952710999968 ], [ -73.144679992999954, -36.999593226999934 ], [ -73.14403023899996, -36.99919657199996 ] ] ] } },
{ "type": "Feature", "properties": { "CUT": 8102, "COMUNA": "CORONEL", "AREA_C": "URBANO", "DISTRITO": "ESCUADRÓN", "LOCALIDAD": "CORONEL", "n_per": 6280.0, "n_hombres": 3029.0, "n_mujeres": 3251.0, "n_edad_60_mas": 586.0, "n_asistencia_basica": 980.0, "n_asistencia_media": 433.0, "n_asistencia_superior": 401.0, "n_transporte_auto": 881.0, "n_transporte_publico": 911.0, "n_transporte_camina": 52.0, "n_transporte_bicicleta": 20.0 }, "geometry": { "type": "Polygon", "coordinates": [ [ [ -73.145139831999984, -36.949559215999955 ], [ -73.14575270399996, -36.94971660899995 ], [ -73.14766958499996, -36.950708951999957 ], [ -73.148091114999943, -36.950719441999979 ], [ -73.147483473999955, -36.954619845999957 ], [ -73.147074841999938, -36.955012143999966 ], [ -73.145971789999976, -36.957519138999942 ], [ -73.146244876999958, -36.957559608999929 ], [ -73.146292567999978, -36.957709252999962 ], [ -73.14554316899995, -36.959878770999978 ], [ -73.145436794999966, -36.961334421999936 ], [ -73.145535671999937, -36.963930617999949 ], [ -73.145841536999967, -36.965350128999944 ], [ -73.14614116599995, -36.965080880999949 ], [ -73.152331427999968, -36.964119406999941 ], [ -73.152819831999977, -36.954780182999968 ], [ -73.156604099999981, -36.954945239999972 ], [ -73.151221586999952, -36.932750639999938 ], [ -73.146230179999975, -36.933598247999953 ], [ -73.145273565999958, -36.94531290499998 ], [ -73.145139831999984, -36.949559215999955 ] ] ] } },
{ "type": "Feature", "properties": { "CUT": 8102, "COMUNA": "CORONEL", "AREA_C": "URBANO", "DISTRITO": "ESCUADRÓN", "LOCALIDAD": "CORONEL", "n_per": 13925.0, "n_hombres": 6798.0, "n_mujeres": 7127.0, "n_edad_60_mas": 783.0, "n_asistencia_basica": 2389.0, "n_asistencia_media": 794.0, "n_asistencia_superior": 506.0, "n_transporte_auto": 2252.0, "n_transporte_publico": 1950.0, "n_transporte_camina": 183.0, "n_transporte_bicicleta": 76.0 }, "geometry": { "type": "Polygon", "coordinates": [ [ [ -73.14513885599996, -36.949590482999952 ], [ -73.144934598999953, -36.956076036999946 ], [ -73.143545819999986, -36.956296245999965 ], [ -73.142542698999989, -36.957006862999947 ], [ -73.142066274999934, -36.957634796999969 ], [ -73.140864877999945, -36.959935345999952 ], [ -73.134857420999936, -36.960430823999957 ], [ -73.134154313999943, -36.960695131999955 ], [ -73.133217624999986, -36.961500784999942 ], [ -73.132846932999939, -36.962649451999937 ], [ -73.132950093999966, -36.963471713999979 ], [ -73.133728021999957, -36.964322822999975 ], [ -73.135951604999946, -36.964892823999946 ], [ -73.135464513999977, -36.966901891999953 ], [ -73.135697815999947, -36.969069170999944 ], [ -73.131183233999934, -36.969938869999964 ], [ -73.133610001999955, -36.985654980999982 ], [ -73.132954206999955, -36.986179210999978 ], [ -73.133468806999986, -36.991482699999949 ], [ -73.133634792999942, -36.992006703999948 ], [ -73.134768986999973, -36.993567427999949 ], [ -73.135153514999956, -36.994661694999934 ], [ -73.135564535999947, -36.995197768999958 ], [ -73.136332603999961, -36.995717542999955 ], [ -73.136462126999959, -36.996071364999978 ], [ -73.137104000999955, -36.996496372999957 ], [ -73.137698437999973, -36.997278539999968 ], [ -73.138011202999962, -36.998031159999982 ], [ -73.138457285999948, -36.998185059999969 ], [ -73.13869327499998, -36.998455500999967 ], [ -73.14504629399994, -36.989910825999971 ], [ -73.145403342999941, -36.988893401999974 ], [ -73.146111549999944, -36.983066141999984 ], [ -73.146520816999953, -36.981925903999979 ], [ -73.147118640999963, -36.981008754999948 ], [ -73.147844063999969, -36.980172176999929 ], [ -73.148970547999966, -36.979275600999983 ], [ -73.154552145999958, -36.976533755999981 ], [ -73.155643917999953, -36.975874003999934 ], [ -73.157285745999957, -36.974553402999959 ], [ -73.157904405999943, -36.973910947999968 ], [ -73.158938749999948, -36.972278763999952 ], [ -73.159581925999987, -36.97025847599997 ], [ -73.159712796999941, -36.96905684799998 ], [ -73.159564608999972, -36.967478548999964 ], [ -73.156604099999981, -36.954945239999972 ], [ -73.152819831999977, -36.954780182999968 ], [ -73.152331427999968, -36.964119406999941 ], [ -73.14614116599995, -36.965080880999949 ], [ -73.145841536999967, -36.965350128999944 ], [ -73.145535671999937, -36.963930617999949 ], [ -73.145436794999966, -36.961334421999936 ], [ -73.14554316899995, -36.959878770999978 ], [ -73.146292567999978, -36.957709252999962 ], [ -73.146244876999958, -36.957559608999929 ], [ -73.145971789999976, -36.957519138999942 ], [ -73.147074841999938, -36.955012143999966 ], [ -73.147483473999955, -36.954619845999957 ], [ -73.148091114999943, -36.950719441999979 ], [ -73.14766958499996, -36.950708951999957 ], [ -73.14575270399996, -36.94971660899995 ], [ -73.14513885599996, -36.949590482999952 ] ] ] } },
{ "type": "Feature", "properties": { "CUT": 8102, "COMUNA": "CORONEL", "AREA_C": "URBANO", "DISTRITO": "ESCUADRÓN", "LOCALIDAD": "CORONEL", "n_per": 2548.0, "n_hombres": 1193.0, "n_mujeres": 1355.0, "n_edad_60_mas": 202.0, "n_asistencia_basica": 362.0, "n_asistencia_media": 180.0, "n_asistencia_superior": 140.0, "n_transporte_auto": 201.0, "n_transporte_publico": 406.0, "n_transporte_camina": 86.0, "n_transporte_bicicleta": 20.0 }, "geometry": { "type": "Polygon", "coordinates": [ [ [ -73.145827733999965, -36.98531939999998 ], [ -73.145488195999974, -36.988129051999977 ], [ -73.148254835999978, -36.988220370999954 ], [ -73.152334879999955, -36.987471598999946 ], [ -73.152665016999947, -36.987548423999954 ], [ -73.155909044999987, -36.986702563999984 ], [ -73.156194772999982, -36.986495993999938 ], [ -73.155409220999957, -36.985732537999979 ], [ -73.155018070999972, -36.985068050999985 ], [ -73.154094223999948, -36.984565755999938 ], [ -73.154037751999965, -36.983908782999947 ], [ -73.153488197999934, -36.983310065999945 ], [ -73.15338133399996, -36.982954101999951 ], [ -73.151038111999981, -36.983964968999942 ], [ -73.145827733999965, -36.98531939999998 ] ] ] } },
{ "type": "Feature", "properties": { "CUT": 8102, "COMUNA": "CORONEL", "AREA_C": "URBANO", "DISTRITO": "ESCUADRÓN", "LOCALIDAD": "CORONEL", "n_per": 8452.0, "n_hombres": 4063.0, "n_mujeres": 4389.0, "n_edad_60_mas": 744.0, "n_asistencia_basica": 1378.0, "n_asistencia_media": 463.0, "n_asistencia_superior": 361.0, "n_transporte_auto": 822.0, "n_transporte_publico": 1256.0, "n_transporte_camina": 160.0, "n_transporte_bicicleta": 74.0 }, "geometry": { "type": "Polygon", "coordinates": [ [ [ -73.143174595999938, -36.992530509999938 ], [ -73.13869327499998, -36.998455500999967 ], [ -73.139934148999941, -36.999092247999954 ], [ -73.142525795999973, -36.999006766999969 ], [ -73.144156753999937, -36.999212077999971 ], [ -73.144998231999978, -36.999824065999974 ], [ -73.14520854999995, -37.000169883999945 ], [ -73.146330884999941, -37.000768536999942 ], [ -73.14669842099994, -37.001315037999973 ], [ -73.147987086999933, -37.002223428999969 ], [ -73.149535362999984, -37.002877422999973 ], [ -73.149399824999989, -37.000570085999982 ], [ -73.152618045999986, -36.999969272999977 ], [ -73.154624220999949, -36.999811854999962 ], [ -73.153541251999968, -36.996519261999936 ], [ -73.155483330999971, -36.996126494999942 ], [ -73.154888608999954, -36.994223772999931 ], [ -73.151598946999968, -36.994894009999939 ], [ -73.145138040999939, -36.995101269999964 ], [ -73.145825748999982, -36.995001834999982 ], [ -73.145791478999968, -36.994550746999948 ], [ -73.143618191999963, -36.992565314999979 ], [ -73.143174595999938, -36.992530509999938 ] ] ] } },
{ "type": "Feature", "properties": { "CUT": 8108, "COMUNA": "SAN PEDRO DE LA PAZ", "AREA_C": "URBANO", "DISTRITO": "BOCA SUR", "LOCALIDAD": "GRAN CONCEPCIÓN", "n_per": 4432.0, "n_hombres": 2153.0, "n_mujeres": 2279.0, "n_edad_60_mas": 535.0, "n_asistencia_basica": 537.0, "n_asistencia_media": 252.0, "n_asistencia_superior": 193.0, "n_transporte_auto": 433.0, "n_transporte_publico": 870.0, "n_transporte_camina": 170.0, "n_transporte_bicicleta": 61.0 }, "geometry": { "type": "Polygon", "coordinates": [ [ [ -73.156363014999954, -36.823918436999975 ], [ -73.15656680799998, -36.823959326999955 ], [ -73.155821165999953, -36.824986958999943 ], [ -73.155096974999935, -36.824853969999936 ], [ -73.154025041999944, -36.82525574999994 ], [ -73.152654483999981, -36.825390508999931 ], [ -73.152152329999979, -36.825338119999969 ], [ -73.152151243999981, -36.824851083999931 ], [ -73.152021692999938, -36.82527091999998 ], [ -73.150238705999982, -36.825081993999959 ], [ -73.149935314999937, -36.825013823999939 ], [ -73.150002116999985, -36.824719908999953 ], [ -73.149817697999936, -36.824583281999935 ], [ -73.147679120999953, -36.824457368999958 ], [ -73.145041613999979, -36.823351321999951 ], [ -73.143701117999967, -36.823083727999972 ], [ -73.143069866999952, -36.823178602999974 ], [ -73.142396770999937, -36.822917425999947 ], [ -73.141775649999943, -36.822898408999947 ], [ -73.140339405999953, -36.823229745999981 ], [ -73.139826213999982, -36.823154115999955 ], [ -73.138257832999955, -36.823566708999977 ], [ -73.136683147999975, -36.824903049999932 ], [ -73.135499786999958, -36.824925053999948 ], [ -73.134636496999974, -36.82535766999996 ], [ -73.131949759999941, -36.827293901999951 ], [ -73.130117416999951, -36.82904522299998 ], [ -73.128607063999937, -36.829945318999933 ], [ -73.127922457999944, -36.831007122999949 ], [ -73.126429005999967, -36.831470309999929 ], [ -73.12555477899997, -36.83409742799995 ], [ -73.125650874999963, -36.835185046999982 ], [ -73.124762985999951, -36.83739282199997 ], [ -73.124988297999948, -36.837838028999954 ], [ -73.12485688299995, -36.838116465999974 ], [ -73.125627005999945, -36.838402421999945 ], [ -73.127179823999938, -36.839332739999975 ], [ -73.127781153999933, -36.839792878999958 ], [ -73.128782328999989, -36.840957842999956 ], [ -73.131442151999977, -36.838624683999967 ], [ -73.131555547999938, -36.838710177999928 ], [ -73.131817288999969, -36.838496026999962 ], [ -73.133394276999979, -36.838196214999982 ], [ -73.13538400799996, -36.838267473999963 ], [ -73.137117344999979, -36.837366282999938 ], [ -73.137720114999979, -36.836699729999964 ], [ -73.137950326999942, -36.834720404999985 ], [ -73.138796729999967, -36.832385688999977 ], [ -73.138916908999988, -36.830954449999979 ], [ -73.138704141999938, -36.82946842399997 ], [ -73.138863399999934, -36.828853504999984 ], [ -73.139319311999941, -36.828518134999968 ], [ -73.141623444999937, -36.82840095499995 ], [ -73.155131572999949, -36.828710531999945 ], [ -73.15637460399995, -36.826526046999959 ], [ -73.157519562999937, -36.824979981999945 ], [ -73.160027423999964, -36.822612254999967 ], [ -73.161975057999939, -36.819960908999974 ], [ -73.161934648999988, -36.819658336999964 ], [ -73.161307504999968, -36.819454849999943 ], [ -73.161078682999971, -36.819207949999964 ], [ -73.160888554999985, -36.818632655999977 ], [ -73.160928171999956, -36.817592225999931 ], [ -73.160598648999951, -36.817569598999967 ], [ -73.160008398999935, -36.817850236999959 ], [ -73.158531330999949, -36.820759624999937 ], [ -73.157080539999981, -36.82308414299996 ], [ -73.156363014999954, -36.823918436999975 ] ] ] } },
{ "type": "Feature", "properties": { "CUT": 8108, "COMUNA": "SAN PEDRO DE LA PAZ", "AREA_C": "URBANO", "DISTRITO": "BATRO", "LOCALIDAD": "GRAN CONCEPCIÓN", "n_per": 3336.0, "n_hombres": 1603.0, "n_mujeres": 1733.0, "n_edad_60_mas": 621.0, "n_asistencia_basica": 360.0, "n_asistencia_media": 178.0, "n_asistencia_superior": 186.0, "n_transporte_auto": 310.0, "n_transporte_publico": 737.0, "n_transporte_camina": 92.0, "n_transporte_bicicleta": 51.0 }, "geometry": { "type": "Polygon", "coordinates": [ [ [ -73.136113181999974, -36.822056441999962 ], [ -73.134011566999959, -36.822302429999979 ], [ -73.134438444999944, -36.823478012999942 ], [ -73.131835898999952, -36.824051818999976 ], [ -73.131277292999982, -36.824633411999969 ], [ -73.13098021899998, -36.82443044799993 ], [ -73.129216933999942, -36.825218415999984 ], [ -73.128821183999946, -36.824693919999959 ], [ -73.123438095999973, -36.826821826999947 ], [ -73.124601931999962, -36.828863686999966 ], [ -73.124179114999947, -36.829591599999958 ], [ -73.123688272999971, -36.832164933999934 ], [ -73.126115057999982, -36.832389225999975 ], [ -73.126429005999967, -36.831470309999929 ], [ -73.127922457999944, -36.831007122999949 ], [ -73.128607063999937, -36.829945318999933 ], [ -73.130117416999951, -36.82904522299998 ], [ -73.131949759999941, -36.827293901999951 ], [ -73.134778886999982, -36.825265263999938 ], [ -73.135499786999958, -36.824925053999948 ], [ -73.136683147999975, -36.824903049999932 ], [ -73.138441914999987, -36.823488471999951 ], [ -73.139826213999982, -36.823154115999955 ], [ -73.140560000999983, -36.823206156999959 ], [ -73.141200975999936, -36.822884052999939 ], [ -73.140187499999968, -36.822721359999946 ], [ -73.139037146999954, -36.822270714999945 ], [ -73.136113181999974, -36.822056441999962 ] ] ] } },
{ "type": "Feature", "properties": { "CUT": 8108, "COMUNA": "SAN PEDRO DE LA PAZ", "AREA_C": "URBANO", "DISTRITO": "BATRO", "LOCALIDAD": "GRAN CONCEPCIÓN", "n_per": 3948.0, "n_hombres": 1885.0, "n_mujeres": 2063.0, "n_edad_60_mas": 920.0, "n_asistencia_basica": 402.0, "n_asistencia_media": 190.0, "n_asistencia_superior": 160.0, "n_transporte_auto": 411.0, "n_transporte_publico": 825.0, "n_transporte_camina": 153.0, "n_transporte_bicicleta": 71.0 }, "geometry": { "type": "Polygon", "coordinates": [ [ [ -73.116029180999988, -36.827276970999947 ], [ -73.116851641999972, -36.828858320999984 ], [ -73.116824081999937, -36.829353615999935 ], [ -73.117856392999954, -36.829464606999977 ], [ -73.117872987999988, -36.829215418999979 ], [ -73.118479696999941, -36.829233219999935 ], [ -73.118579518999979, -36.82872344499998 ], [ -73.128821183999946, -36.824693919999959 ], [ -73.129216933999942, -36.825218415999984 ], [ -73.13098021899998, -36.82443044799993 ], [ -73.131277292999982, -36.824633411999969 ], [ -73.131835898999952, -36.824051818999976 ], [ -73.134438444999944, -36.823478012999942 ], [ -73.134011566999959, -36.822302429999979 ], [ -73.129092672999946, -36.823547763999954 ], [ -73.128475600999934, -36.823211063999963 ], [ -73.127965695999933, -36.823645931999977 ], [ -73.127126601999976, -36.823576591999938 ], [ -73.126406113999963, -36.823815382999953 ], [ -73.124737879999941, -36.823884218999979 ], [ -73.12212954499995, -36.824359147999985 ], [ -73.121299574999966, -36.824847495999961 ], [ -73.120089587999985, -36.824801523999952 ], [ -73.118829520999952, -36.825251330999947 ], [ -73.11873413099994, -36.825427953999963 ], [ -73.118215567999982, -36.825531995999938 ], [ -73.117885698999942, -36.825801297999931 ], [ -73.11653924999996, -36.825997150999967 ], [ -73.115795581999976, -36.826306252999984 ], [ -73.11538601899997, -36.826297319999981 ], [ -73.115309000999957, -36.826096003999965 ], [ -73.114961422999954, -36.826158816999964 ], [ -73.115078833999974, -36.825950820999935 ], [ -73.11462407199997, -36.826013969999963 ], [ -73.115350011999965, -36.827383377999979 ], [ -73.116029180999988, -36.827276970999947 ] ] ] } },
{ "type": "Feature", "properties": { "CUT": 8108, "COMUNA": "SAN PEDRO DE LA PAZ", "AREA_C": "URBANO", "DISTRITO": "SAN PEDRO", "LOCALIDAD": "GRAN CONCEPCIÓN", "n_per": 3389.0, "n_hombres": 1627.0, "n_mujeres": 1762.0, "n_edad_60_mas": 1012.0, "n_asistencia_basica": 281.0, "n_asistencia_media": 140.0, "n_asistencia_superior": 209.0, "n_transporte_auto": 731.0, "n_transporte_publico": 336.0, "n_transporte_camina": 56.0, "n_transporte_bicicleta": 13.0 }, "geometry": { "type": "Polygon", "coordinates": [ [ [ -73.111486262999961, -36.827377442999932 ], [ -73.111031277999984, -36.827487343999962 ], [ -73.110474316999955, -36.827300357999945 ], [ -73.109828063999942, -36.827349866999953 ], [ -73.110399492999989, -36.827195457999949 ], [ -73.111249302999965, -36.827323652999951 ], [ -73.111791479999965, -36.826753938999957 ], [ -73.112191851999967, -36.826580942999954 ], [ -73.110919345999946, -36.826114165999968 ], [ -73.109901752999974, -36.826082129999975 ], [ -73.109606388999964, -36.826489823999964 ], [ -73.108515270999987, -36.826916584999935 ], [ -73.107994400999985, -36.82686681499996 ], [ -73.10778309899996, -36.826510839999969 ], [ -73.107334420999962, -36.826611062999973 ], [ -73.107335496999951, -36.827060077999931 ], [ -73.106795012999953, -36.82694410299996 ], [ -73.106239659999972, -36.827246380999952 ], [ -73.104634994999969, -36.82707927499996 ], [ -73.102597755999966, -36.828019192999932 ], [ -73.102524914999947, -36.828264496999964 ], [ -73.102814442999943, -36.828586342999984 ], [ -73.102667415999974, -36.829008589999944 ], [ -73.101948926999967, -36.829400973999952 ], [ -73.101557194999941, -36.829406917999961 ], [ -73.099574746999963, -36.830728677999957 ], [ -73.098792002999971, -36.831033909999974 ], [ -73.100102401999948, -36.832386364999934 ], [ -73.101036951999959, -36.832632132999947 ], [ -73.114694119999967, -36.831879628999957 ], [ -73.114813614999946, -36.832093336999947 ], [ -73.116453817999968, -36.831993153999974 ], [ -73.116877083999952, -36.828935337999951 ], [ -73.116029180999988, -36.827276970999947 ], [ -73.115350011999965, -36.827383377999979 ], [ -73.11462407199997, -36.826013969999963 ], [ -73.114476341999989, -36.82625848899994 ], [ -73.113217163999934, -36.826422745999935 ], [ -73.112044963999949, -36.826876312999957 ], [ -73.111486262999961, -36.827377442999932 ] ] ] } },
{ "type": "Feature", "properties": { "CUT": 8108, "COMUNA": "SAN PEDRO DE LA PAZ", "AREA_C": "URBANO", "DISTRITO": "SAN PEDRO", "LOCALIDAD": "GRAN CONCEPCIÓN", "n_per": 2524.0, "n_hombres": 1213.0, "n_mujeres": 1311.0, "n_edad_60_mas": 586.0, "n_asistencia_basica": 166.0, "n_asistencia_media": 89.0, "n_asistencia_superior": 147.0, "n_transporte_auto": 634.0, "n_transporte_publico": 332.0, "n_transporte_camina": 93.0, "n_transporte_bicicleta": 31.0 }, "geometry": { "type": "Polygon", "coordinates": [ [ [ -73.090423463999969, -36.835614450999969 ], [ -73.089920804999963, -36.835660557999972 ], [ -73.089498866999975, -36.836092659999963 ], [ -73.08856173099997, -36.836045083999977 ], [ -73.088429278999968, -36.836274855999932 ], [ -73.087986475999969, -36.836461708999934 ], [ -73.087658253999962, -36.836215857999946 ], [ -73.087121139999965, -36.836345919999928 ], [ -73.086617238999963, -36.836928404999981 ], [ -73.08661940099995, -36.836733381999977 ], [ -73.086338988999955, -36.836733202999937 ], [ -73.085673505999978, -36.837145111999973 ], [ -73.086189001999969, -36.837233609999942 ], [ -73.086177292999935, -36.83748699399996 ], [ -73.086068732999934, -36.837407226999971 ], [ -73.085484191999967, -36.837654636999957 ], [ -73.084899339999936, -36.83807651099994 ], [ -73.083851762999984, -36.837591483999972 ], [ -73.083718455999986, -36.83790901499998 ], [ -73.08315055099996, -36.83797571599996 ], [ -73.082753610999987, -36.838322588999972 ], [ -73.084137308999971, -36.837872426999979 ], [ -73.084318920999976, -36.83821237199993 ], [ -73.083918586999971, -36.838587363999977 ], [ -73.082348225999965, -36.839277255999946 ], [ -73.080679396999983, -36.84032457099994 ], [ -73.079143331999944, -36.84065181099993 ], [ -73.078623654999944, -36.841235397999981 ], [ -73.078157679999947, -36.841384784999946 ], [ -73.075949467999976, -36.842877778999934 ], [ -73.082292975999962, -36.846005936999973 ], [ -73.082629224999948, -36.845395798999959 ], [ -73.082784886999946, -36.844663731999958 ], [ -73.083155767999983, -36.844322704999968 ], [ -73.083250604999989, -36.843977224999946 ], [ -73.083801736999987, -36.843603049999956 ], [ -73.084565262999945, -36.842750087999946 ], [ -73.085357391999935, -36.842267123999932 ], [ -73.086420417999989, -36.841094496999972 ], [ -73.087163792999945, -36.841273208999951 ], [ -73.086822653999945, -36.842250161999971 ], [ -73.087699181999938, -36.842458053999962 ], [ -73.087599156999943, -36.842731347999973 ], [ -73.087337889999958, -36.842668557999957 ], [ -73.087403500999983, -36.842426255999953 ], [ -73.087261547999958, -36.842807034999964 ], [ -73.087844699999948, -36.842947110999944 ], [ -73.088016160999985, -36.842535259999977 ], [ -73.088267507999944, -36.842602396999951 ], [ -73.088145149999946, -36.842843785999946 ], [ -73.08828761999996, -36.842611747999968 ], [ -73.088473931999943, -36.842700355999966 ], [ -73.088309208999988, -36.843058152999959 ], [ -73.088500217999979, -36.842714298999965 ], [ -73.088570750999963, -36.842789332999985 ], [ -73.088430561999985, -36.843206868999971 ], [ -73.088875429999973, -36.842379381999933 ], [ -73.089167558999975, -36.842400553999937 ], [ -73.091647712999986, -36.843341729999963 ], [ -73.092389200999946, -36.842272044999959 ], [ -73.091853956999955, -36.842040298999962 ], [ -73.092994576999956, -36.840388976999975 ], [ -73.092813504999981, -36.838736173999962 ], [ -73.100870639999982, -36.83853414899994 ], [ -73.101265096999953, -36.835501005999959 ], [ -73.101248477999945, -36.834585893999929 ], [ -73.100826392999977, -36.833290250999937 ], [ -73.098792002999971, -36.831033909999974 ], [ -73.096444685999984, -36.832117738999955 ], [ -73.09561976599997, -36.832701382999971 ], [ -73.093018034999943, -36.833588393999946 ], [ -73.092096098999946, -36.834166443999948 ], [ -73.09108680199995, -36.835178636999956 ], [ -73.090423463999969, -36.835614450999969 ] ] ] } },
{ "type": "Feature", "properties": { "CUT": 8108, "COMUNA": "SAN PEDRO DE LA PAZ", "AREA_C": "URBANO", "DISTRITO": "BATRO", "LOCALIDAD": "GRAN CONCEPCIÓN", "n_per": 2372.0, "n_hombres": 1142.0, "n_mujeres": 1230.0, "n_edad_60_mas": 665.0, "n_asistencia_basica": 187.0, "n_asistencia_media": 99.0, "n_asistencia_superior": 108.0, "n_transporte_auto": 267.0, "n_transporte_publico": 498.0, "n_transporte_camina": 93.0, "n_transporte_bicicleta": 28.0 }, "geometry": { "type": "Polygon", "coordinates": [ [ [ -73.123438095999973, -36.826821826999947 ], [ -73.118579518999979, -36.82872344499998 ], [ -73.118479696999941, -36.829233219999935 ], [ -73.117872987999988, -36.829215418999979 ], [ -73.117856392999954, -36.829464606999977 ], [ -73.116824081999937, -36.829353615999935 ], [ -73.116672513999958, -36.830419291999931 ], [ -73.119626149999988, -36.83068237599997 ], [ -73.120761162999941, -36.830298317999961 ], [ -73.120520384999963, -36.831854729999975 ], [ -73.123688051999977, -36.832166163999943 ], [ -73.124179114999947, -36.829591599999958 ], [ -73.124576615999956, -36.828953420999937 ], [ -73.124577171999988, -36.828701055999943 ], [ -73.123438095999973, -36.826821826999947 ] ] ] } },
{ "type": "Feature", "properties": { "CUT": 8108, "COMUNA": "SAN PEDRO DE LA PAZ", "AREA_C": "URBANO", "DISTRITO": "BOCA SUR", "LOCALIDAD": "GRAN CONCEPCIÓN", "n_per": 7676.0, "n_hombres": 3623.0, "n_mujeres": 4053.0, "n_edad_60_mas": 681.0, "n_asistencia_basica": 1153.0, "n_asistencia_media": 586.0, "n_asistencia_superior": 312.0, "n_transporte_auto": 796.0, "n_transporte_publico": 1491.0, "n_transporte_camina": 197.0, "n_transporte_bicicleta": 126.0 }, "geometry": { "type": "Polygon", "coordinates": [ [ [ -73.14030334499995, -36.828413893999937 ], [ -73.139319311999941, -36.828518134999968 ], [ -73.138840156999947, -36.828916233999962 ], [ -73.138703213999975, -36.829680222999968 ], [ -73.13892177799994, -36.831765726999947 ], [ -73.137886269999967, -36.83516555999995 ], [ -73.149166015999981, -36.835891562999961 ], [ -73.14905159999995, -36.83744007599995 ], [ -73.154122227999949, -36.837672163999969 ], [ -73.154169122999974, -36.830822741999953 ], [ -73.155131572999949, -36.828710531999945 ], [ -73.14030334499995, -36.828413893999937 ] ] ] } },
{ "type": "Feature", "properties": { "CUT": 8108, "COMUNA": "SAN PEDRO DE LA PAZ", "AREA_C": "URBANO", "DISTRITO": "BATRO", "LOCALIDAD": "GRAN CONCEPCIÓN", "n_per": 2423.0, "n_hombres": 1105.0, "n_mujeres": 1318.0, "n_edad_60_mas": 734.0, "n_asistencia_basica": 177.0, "n_asistencia_media": 103.0, "n_asistencia_superior": 164.0, "n_transporte_auto": 271.0, "n_transporte_publico": 438.0, "n_transporte_camina": 102.0, "n_transporte_bicicleta": 32.0 }, "geometry": { "type": "Polygon", "coordinates": [ [ [ -73.119835042999966, -36.830622586999937 ], [ -73.116672513999958, -36.830419291999931 ], [ -73.115721246999954, -36.837601333999942 ], [ -73.11840043899997, -36.837483942999938 ], [ -73.119985726999971, -36.835145143999966 ], [ -73.120761162999941, -36.830298317999961 ], [ -73.119835042999966, -36.830622586999937 ] ] ] } },
{ "type": "Feature", "properties": { "CUT": 8108, "COMUNA": "SAN PEDRO DE LA PAZ", "AREA_C": "URBANO", "DISTRITO": "BATRO", "LOCALIDAD": "GRAN CONCEPCIÓN", "n_per": 1939.0, "n_hombres": 903.0, "n_mujeres": 1036.0, "n_edad_60_mas": 571.0, "n_asistencia_basica": 184.0, "n_asistencia_media": 83.0, "n_asistencia_superior": 70.0, "n_transporte_auto": 156.0, "n_transporte_publico": 318.0, "n_transporte_camina": 49.0, "n_transporte_bicicleta": 26.0 }, "geometry": { "type": "Polygon", "coordinates": [ [ [ -73.120520384999963, -36.831854729999975 ], [ -73.120065907999958, -36.834961638999971 ], [ -73.11840043899997, -36.837483942999938 ], [ -73.121446129999981, -36.837412547999975 ], [ -73.123885333999965, -36.83780259699995 ], [ -73.12485688299995, -36.838116465999974 ], [ -73.124988297999948, -36.837838028999954 ], [ -73.124762985999951, -36.83739282199997 ], [ -73.125650874999963, -36.835185046999982 ], [ -73.12555477899997, -36.83409742799995 ], [ -73.126115057999982, -36.832389225999975 ], [ -73.120520384999963, -36.831854729999975 ] ] ] } },
{ "type": "Feature", "properties": { "CUT": 8108, "COMUNA": "SAN PEDRO DE LA PAZ", "AREA_C": "URBANO", "DISTRITO": "SAN PEDRO", "LOCALIDAD": "GRAN CONCEPCIÓN", "n_per": 6992.0, "n_hombres": 3263.0, "n_mujeres": 3729.0, "n_edad_60_mas": 1364.0, "n_asistencia_basica": 634.0, "n_asistencia_media": 293.0, "n_asistencia_superior": 472.0, "n_transporte_auto": 2113.0, "n_transporte_publico": 567.0, "n_transporte_camina": 132.0, "n_transporte_bicicleta": 38.0 }, "geometry": { "type": "Polygon", "coordinates": [ [ [ -73.114694119999967, -36.831879628999957 ], [ -73.101036951999959, -36.832632132999947 ], [ -73.100102401999948, -36.832386364999934 ], [ -73.100826392999977, -36.833290250999937 ], [ -73.101248477999945, -36.834585893999929 ], [ -73.101265096999953, -36.835501005999959 ], [ -73.100870639999982, -36.83853414899994 ], [ -73.115721246999954, -36.837601333999942 ], [ -73.116453817999968, -36.831993153999974 ], [ -73.114813614999946, -36.832093336999947 ], [ -73.114694119999967, -36.831879628999957 ] ] ] } },
{ "type": "Feature", "properties": { "CUT": 8108, "COMUNA": "SAN PEDRO DE LA PAZ", "AREA_C": "URBANO", "DISTRITO": "BOCA SUR", "LOCALIDAD": "GRAN CONCEPCIÓN", "n_per": 2736.0, "n_hombres": 1335.0, "n_mujeres": 1401.0, "n_edad_60_mas": 699.0, "n_asistencia_basica": 299.0, "n_asistencia_media": 109.0, "n_asistencia_superior": 87.0, "n_transporte_auto": 250.0, "n_transporte_publico": 558.0, "n_transporte_camina": 68.0, "n_transporte_bicicleta": 63.0 }, "geometry": { "type": "Polygon", "coordinates": [ [ [ -73.137886269999967, -36.83516555999995 ], [ -73.137720114999979, -36.836699729999964 ], [ -73.14905159999995, -36.83744007599995 ], [ -73.149166015999981, -36.835891562999961 ], [ -73.137886269999967, -36.83516555999995 ] ] ] } },
{ "type": "Feature", "properties": { "CUT": 8108, "COMUNA": "SAN PEDRO DE LA PAZ", "AREA_C": "URBANO", "DISTRITO": "BOCA SUR", "LOCALIDAD": "GRAN CONCEPCIÓN", "n_per": 2242.0, "n_hombres": 1076.0, "n_mujeres": 1166.0, "n_edad_60_mas": 596.0, "n_asistencia_basica": 223.0, "n_asistencia_media": 87.0, "n_asistencia_superior": 102.0, "n_transporte_auto": 181.0, "n_transporte_publico": 417.0, "n_transporte_camina": 75.0, "n_transporte_bicicleta": 32.0 }, "geometry": { "type": "Polygon", "coordinates": [ [ [ -73.135294114999965, -36.838275076999935 ], [ -73.134322907999945, -36.838242475999948 ], [ -73.134651750999979, -36.839428986999962 ], [ -73.136785900999939, -36.839094411999952 ], [ -73.138740033999966, -36.839409689999968 ], [ -73.144510110999988, -36.839906514999939 ], [ -73.144783667999945, -36.837170731999947 ], [ -73.137720114999979, -36.836699729999964 ], [ -73.137117344999979, -36.837366282999938 ], [ -73.135294114999965, -36.838275076999935 ] ] ] } },
{ "type": "Feature", "properties": { "CUT": 8108, "COMUNA": "SAN PEDRO DE LA PAZ", "AREA_C": "URBANO", "DISTRITO": "BOCA SUR", "LOCALIDAD": "GRAN CONCEPCIÓN", "n_per": 2370.0, "n_hombres": 1132.0, "n_mujeres": 1238.0, "n_edad_60_mas": 584.0, "n_asistencia_basica": 253.0, "n_asistencia_media": 114.0, "n_asistencia_superior": 82.0, "n_transporte_auto": 196.0, "n_transporte_publico": 515.0, "n_transporte_camina": 82.0, "n_transporte_bicicleta": 39.0 }, "geometry": { "type": "Polygon", "coordinates": [ [ [ -73.153850753999961, -36.840775902999951 ], [ -73.154122227999949, -36.837672163999969 ], [ -73.144783667999945, -36.837170731999947 ], [ -73.144510110999988, -36.839906514999939 ], [ -73.153850753999961, -36.840775902999951 ] ] ] } },
{ "type": "Feature", "properties": { "CUT": 8108, "COMUNA": "SAN PEDRO DE LA PAZ", "AREA_C": "URBANO", "DISTRITO": "LOS ACACIOS", "LOCALIDAD": "GRAN CONCEPCIÓN", "n_per": 2984.0, "n_hombres": 1371.0, "n_mujeres": 1613.0, "n_edad_60_mas": 582.0, "n_asistencia_basica": 281.0, "n_asistencia_media": 153.0, "n_asistencia_superior": 207.0, "n_transporte_auto": 822.0, "n_transporte_publico": 354.0, "n_transporte_camina": 51.0, "n_transporte_bicicleta": 15.0 }, "geometry": { "type": "Polygon", "coordinates": [ [ [ -73.11527652999996, -36.837649318999979 ], [ -73.114087788999939, -36.841816176999941 ], [ -73.112867220999988, -36.841886934999934 ], [ -73.112916824999957, -36.843090995999944 ], [ -73.112560575999964, -36.843184484999938 ], [ -73.113056013999937, -36.843615976999956 ], [ -73.113216812999951, -36.844231432999948 ], [ -73.113416872999949, -36.844333863999964 ], [ -73.11514, -36.844149284999958 ], [ -73.115295647999972, -36.843975993999948 ], [ -73.115498203999948, -36.844118911999942 ], [ -73.116105656999935, -36.844134487999952 ], [ -73.11649394799997, -36.844328483999959 ], [ -73.11756360399994, -36.845437702999959 ], [ -73.118012938999982, -36.845104026999934 ], [ -73.118881906999945, -36.843962076999958 ], [ -73.119550312999934, -36.842590418999976 ], [ -73.119760038999971, -36.840846539999973 ], [ -73.119571656999938, -36.840467062999949 ], [ -73.11979684399995, -36.839716582999984 ], [ -73.119724150999957, -36.837614325999937 ], [ -73.118332510999949, -36.837701722999952 ], [ -73.11840043899997, -36.837483942999938 ], [ -73.11527652999996, -36.837649318999979 ] ] ] } },
{ "type": "Feature", "properties": { "CUT": 8108, "COMUNA": "SAN PEDRO DE LA PAZ", "AREA_C": "URBANO", "DISTRITO": "BOCA SUR", "LOCALIDAD": "GRAN CONCEPCIÓN", "n_per": 2927.0, "n_hombres": 1402.0, "n_mujeres": 1525.0, "n_edad_60_mas": 488.0, "n_asistencia_basica": 325.0, "n_asistencia_media": 145.0, "n_asistencia_superior": 130.0, "n_transporte_auto": 277.0, "n_transporte_publico": 593.0, "n_transporte_camina": 133.0, "n_transporte_bicicleta": 45.0 }, "geometry": { "type": "Polygon", "coordinates": [ [ [ -73.131817288999969, -36.838496026999962 ], [ -73.131555547999938, -36.838710177999928 ], [ -73.131442151999977, -36.838624683999967 ], [ -73.128782328999989, -36.840957842999956 ], [ -73.129602013999943, -36.842381329999967 ], [ -73.130425428999956, -36.845517683999958 ], [ -73.133125243999984, -36.844000536999943 ], [ -73.134025646999987, -36.843780330999948 ], [ -73.135122595999974, -36.843720936999944 ], [ -73.139685490999966, -36.844152982999958 ], [ -73.140041, -36.84177452299997 ], [ -73.146297617999949, -36.842390542999965 ], [ -73.146664699999974, -36.840075333999948 ], [ -73.138740033999966, -36.839409689999968 ], [ -73.136785900999939, -36.839094411999952 ], [ -73.134651750999979, -36.839428986999962 ], [ -73.134322907999945, -36.838242475999948 ], [ -73.133394276999979, -36.838196214999982 ], [ -73.131817288999969, -36.838496026999962 ] ] ] } },
{ "type": "Feature", "properties": { "CUT": 8108, "COMUNA": "SAN PEDRO DE LA PAZ", "AREA_C": "URBANO", "DISTRITO": "LOS ACACIOS", "LOCALIDAD": "GRAN CONCEPCIÓN", "n_per": 2614.0, "n_hombres": 1185.0, "n_mujeres": 1429.0, "n_edad_60_mas": 955.0, "n_asistencia_basica": 154.0, "n_asistencia_media": 84.0, "n_asistencia_superior": 145.0, "n_transporte_auto": 448.0, "n_transporte_publico": 330.0, "n_transporte_camina": 62.0, "n_transporte_bicicleta": 18.0 }, "geometry": { "type": "Polygon", "coordinates": [ [ [ -73.115242722999938, -36.837652332999937 ], [ -73.103380705999939, -36.838283172999979 ], [ -73.101254796999967, -36.838519500999951 ], [ -73.101259216999949, -36.838634322999951 ], [ -73.102353108999978, -36.838578389999952 ], [ -73.102494751999984, -36.840393077999977 ], [ -73.103383975999975, -36.840397500999984 ], [ -73.105638925999983, -36.843141953999975 ], [ -73.105958507999958, -36.84322816699995 ], [ -73.107552514999952, -36.842989229999944 ], [ -73.110000726999942, -36.843391667999981 ], [ -73.111571754999943, -36.842979497999977 ], [ -73.112560575999964, -36.843184484999938 ], [ -73.112916824999957, -36.843090995999944 ], [ -73.112867220999988, -36.841886934999934 ], [ -73.114087788999939, -36.841816176999941 ], [ -73.115242722999938, -36.837652332999937 ] ] ] } },
{ "type": "Feature", "properties": { "CUT": 8108, "COMUNA": "SAN PEDRO DE LA PAZ", "AREA_C": "URBANO", "DISTRITO": "BOCA SUR", "LOCALIDAD": "GRAN CONCEPCIÓN", "n_per": 9730.0, "n_hombres": 4691.0, "n_mujeres": 5039.0, "n_edad_60_mas": 646.0, "n_asistencia_basica": 1413.0, "n_asistencia_media": 508.0, "n_asistencia_superior": 421.0, "n_transporte_auto": 1633.0, "n_transporte_publico": 1961.0, "n_transporte_camina": 219.0, "n_transporte_bicicleta": 92.0 }, "geometry": { "type": "Polygon", "coordinates": [ [ [ -73.150643901999956, -36.853035399999953 ], [ -73.142187469999953, -36.853777783999931 ], [ -73.135639425999955, -36.854531493999957 ], [ -73.133418432999974, -36.854915745999961 ], [ -73.132593233999955, -36.855250828999942 ], [ -73.133865150999952, -36.860529030999942 ], [ -73.134423218999984, -36.860470193999959 ], [ -73.134626950999973, -36.860279606999939 ], [ -73.134984196999937, -36.860406893999937 ], [ -73.13702540099996, -36.860186542999941 ], [ -73.139324390999946, -36.85991611399993 ], [ -73.139642446999972, -36.859722800999975 ], [ -73.14015991399998, -36.859834554999964 ], [ -73.145844267999962, -36.859161210999957 ], [ -73.146123933999945, -36.85899380799998 ], [ -73.146344586999987, -36.859101944999964 ], [ -73.148682041999962, -36.858883786999968 ], [ -73.148941322999974, -36.858730339999966 ], [ -73.152645293999967, -36.859321774999955 ], [ -73.152974240999981, -36.853053615999954 ], [ -73.150643901999956, -36.853035399999953 ] ] ] } },
{ "type": "Feature", "properties": { "CUT": 8108, "COMUNA": "SAN PEDRO DE LA PAZ", "AREA_C": "URBANO", "DISTRITO": "SAN PEDRO", "LOCALIDAD": "GRAN CONCEPCIÓN", "n_per": 2403.0, "n_hombres": 1114.0, "n_mujeres": 1289.0, "n_edad_60_mas": 681.0, "n_asistencia_basica": 152.0, "n_asistencia_media": 88.0, "n_asistencia_superior": 195.0, "n_transporte_auto": 606.0, "n_transporte_publico": 229.0, "n_transporte_camina": 81.0, "n_transporte_bicicleta": 13.0 }, "geometry": { "type": "Polygon", "coordinates": [ [ [ -73.101254796999967, -36.838519500999951 ], [ -73.092813504999981, -36.838736173999962 ], [ -73.092994576999956, -36.840388976999975 ], [ -73.091853956999955, -36.842040298999962 ], [ -73.092389200999946, -36.842272044999959 ], [ -73.091647712999986, -36.843341729999963 ], [ -73.094306653999979, -36.844452468999975 ], [ -73.094603642999971, -36.84370234599993 ], [ -73.096069868999962, -36.844151746999955 ], [ -73.098282534999953, -36.844175399999983 ], [ -73.101262768999959, -36.838726602999941 ], [ -73.101254796999967, -36.838519500999951 ] ] ] } },
{ "type": "Feature", "properties": { "CUT": 8108, "COMUNA": "SAN PEDRO DE LA PAZ", "AREA_C": "URBANO", "DISTRITO": "LOS ACACIOS", "LOCALIDAD": "GRAN CONCEPCIÓN", "n_per": 3011.0, "n_hombres": 1362.0, "n_mujeres": 1649.0, "n_edad_60_mas": 1062.0, "n_asistencia_basica": 188.0, "n_asistencia_media": 96.0, "n_asistencia_superior": 171.0, "n_transporte_auto": 594.0, "n_transporte_publico": 353.0, "n_transporte_camina": 75.0, "n_transporte_bicicleta": 25.0 }, "geometry": { "type": "Polygon", "coordinates": [ [ [ -73.101259216999949, -36.838634322999951 ], [ -73.096968377999985, -36.846613236999929 ], [ -73.097128720999933, -36.848175096999967 ], [ -73.098371103999966, -36.847992186999932 ], [ -73.098951656999986, -36.848154700999942 ], [ -73.100898900999937, -36.849767661999977 ], [ -73.101172819999988, -36.850623791999965 ], [ -73.100860411999975, -36.851691376999952 ], [ -73.100780801999974, -36.852613962999953 ], [ -73.100320021999948, -36.853444829999944 ], [ -73.101463667999951, -36.852949351999939 ], [ -73.102889979999986, -36.85173731499998 ], [ -73.104631260999952, -36.851053053999976 ], [ -73.105485898999973, -36.851188361999959 ], [ -73.106433151999966, -36.85188846799997 ], [ -73.107313952999959, -36.851276077999955 ], [ -73.108883039999967, -36.850579997999944 ], [ -73.110379278999972, -36.850279321999949 ], [ -73.11146083899996, -36.850251448999984 ], [ -73.112421608999966, -36.85063175099998 ], [ -73.113433859999986, -36.851513099999977 ], [ -73.114324407999959, -36.851243316999955 ], [ -73.115140455999949, -36.851238236999961 ], [ -73.113576624999951, -36.851123288999929 ], [ -73.112329083999953, -36.84954868899996 ], [ -73.112424631999943, -36.84851367999994 ], [ -73.11297478399996, -36.847832901999936 ], [ -73.112575055999969, -36.847299276999934 ], [ -73.113151351999988, -36.846181768999941 ], [ -73.113496350999981, -36.844920879999961 ], [ -73.113416858999983, -36.84433375499998 ], [ -73.113216812999951, -36.844231432999948 ], [ -73.113056013999937, -36.843615976999956 ], [ -73.11264704599995, -36.843230924999943 ], [ -73.111807972999941, -36.842978744999982 ], [ -73.109841464999988, -36.843398147999949 ], [ -73.107552514999952, -36.842989229999944 ], [ -73.105958507999958, -36.84322816699995 ], [ -73.105638925999983, -36.843141953999975 ], [ -73.103383975999975, -36.840397500999984 ], [ -73.102494751999984, -36.840393077999977 ], [ -73.102353108999978, -36.838578389999952 ], [ -73.101259216999949, -36.838634322999951 ] ] ] } },
{ "type": "Feature", "properties": { "CUT": 8108, "COMUNA": "SAN PEDRO DE LA PAZ", "AREA_C": "URBANO", "DISTRITO": "BOCA SUR", "LOCALIDAD": "GRAN CONCEPCIÓN", "n_per": 2733.0, "n_hombres": 1285.0, "n_mujeres": 1448.0, "n_edad_60_mas": 319.0, "n_asistencia_basica": 339.0, "n_asistencia_media": 150.0, "n_asistencia_superior": 120.0, "n_transporte_auto": 212.0, "n_transporte_publico": 573.0, "n_transporte_camina": 126.0, "n_transporte_bicicleta": 45.0 }, "geometry": { "type": "Polygon", "coordinates": [ [ [ -73.153063997999936, -36.847574903999941 ], [ -73.15334401399997, -36.843482694999977 ], [ -73.153850794999983, -36.840775906999966 ], [ -73.146664699999974, -36.840075333999948 ], [ -73.146111510999958, -36.843654012999934 ], [ -73.145514490999972, -36.844924590999938 ], [ -73.145361817999969, -36.846021833999941 ], [ -73.146748706999972, -36.846205709999936 ], [ -73.146673604999933, -36.847313177999979 ], [ -73.153063997999936, -36.847574903999941 ] ] ] } },
{ "type": "Feature", "properties": { "CUT": 8108, "COMUNA": "SAN PEDRO DE LA PAZ", "AREA_C": "URBANO", "DISTRITO": "SAN PEDRO", "LOCALIDAD": "GRAN CONCEPCIÓN", "n_per": 3958.0, "n_hombres": 1895.0, "n_mujeres": 2063.0, "n_edad_60_mas": 728.0, "n_asistencia_basica": 505.0, "n_asistencia_media": 197.0, "n_asistencia_superior": 241.0, "n_transporte_auto": 1378.0, "n_transporte_publico": 134.0, "n_transporte_camina": 32.0, "n_transporte_bicicleta": 7.0 }, "geometry": { "type": "Polygon", "coordinates": [ [ [ -73.08517455599997, -36.842403882999974 ], [ -73.084565262999945, -36.842750087999946 ], [ -73.083801736999987, -36.843603049999956 ], [ -73.083250604999989, -36.843977224999946 ], [ -73.083155767999983, -36.844322704999968 ], [ -73.082784886999946, -36.844663731999958 ], [ -73.082629224999948, -36.845395798999959 ], [ -73.082292975999962, -36.846005936999973 ], [ -73.075949467999976, -36.842877778999934 ], [ -73.074743247999947, -36.844479641999953 ], [ -73.074516701999983, -36.844520496999962 ], [ -73.073704557999974, -36.846713631999933 ], [ -73.073472433999939, -36.848085943999934 ], [ -73.073109138999939, -36.84845930299997 ], [ -73.073120323999945, -36.849347401999978 ], [ -73.072632040999963, -36.850317084999972 ], [ -73.072238725999966, -36.850615640999933 ], [ -73.072156761999963, -36.851784104999979 ], [ -73.072361415999978, -36.85277655799996 ], [ -73.072082272999978, -36.853162810999947 ], [ -73.071129669999948, -36.85706288199998 ], [ -73.070325907999973, -36.858718028999931 ], [ -73.069831814999986, -36.861112081999977 ], [ -73.069570837999947, -36.861426997999956 ], [ -73.069564123999953, -36.861885571999949 ], [ -73.068441011999937, -36.863323953999952 ], [ -73.067087483999956, -36.866295026999978 ], [ -73.066930712999977, -36.867011400999957 ], [ -73.065341795999984, -36.869649372999959 ], [ -73.06571331899994, -36.870472865999943 ], [ -73.065670565999937, -36.871535611999946 ], [ -73.064537557999984, -36.87320841199994 ], [ -73.063164789999973, -36.875784421999981 ], [ -73.062486885999988, -36.877492812999947 ], [ -73.062472515999957, -36.878061454999965 ], [ -73.061946003999935, -36.879331556999944 ], [ -73.061630906999937, -36.880900840999971 ], [ -73.063739433999956, -36.881255234999969 ], [ -73.066590533999943, -36.880850030999966 ], [ -73.066980705999981, -36.879128956999978 ], [ -73.066883150999956, -36.879006409999931 ], [ -73.065922387999933, -36.879353267999932 ], [ -73.065313101999948, -36.87933443999998 ], [ -73.065371635999952, -36.878098211999941 ], [ -73.065094762999934, -36.878012621999972 ], [ -73.064564950999966, -36.878304468999943 ], [ -73.06456856899996, -36.877455560999977 ], [ -73.064412070999936, -36.877305157999956 ], [ -73.066585258999964, -36.876495938999938 ], [ -73.067009022999969, -36.875896772999965 ], [ -73.067319749999967, -36.87589277099994 ], [ -73.067945238999982, -36.876362607999965 ], [ -73.068535064999935, -36.876558934999935 ], [ -73.068735213999958, -36.876929923999967 ], [ -73.068948270999954, -36.877005749999967 ], [ -73.069904435999945, -36.876459193999949 ], [ -73.070399221999935, -36.87644144799998 ], [ -73.070696536999947, -36.876176304999944 ], [ -73.071627029999945, -36.876058574999945 ], [ -73.072297056999957, -36.874572756999953 ], [ -73.073405572999945, -36.873059636999983 ], [ -73.071524199999942, -36.872429924999949 ], [ -73.070912370999963, -36.871979543999942 ], [ -73.070722975999956, -36.871614042999965 ], [ -73.069631753999943, -36.871443363999958 ], [ -73.070408031999989, -36.86984229199993 ], [ -73.07085378499994, -36.868183605999945 ], [ -73.075247634999982, -36.869563316999972 ], [ -73.076335204999964, -36.865300092999973 ], [ -73.075361858999941, -36.864362796999956 ], [ -73.074402627999973, -36.864853804999939 ], [ -73.074095685999964, -36.865203679999979 ], [ -73.073383547999981, -36.864290966999931 ], [ -73.073758873999964, -36.863017493999962 ], [ -73.07118763699998, -36.862090661999957 ], [ -73.071805936999965, -36.85934587099996 ], [ -73.073504043999947, -36.859729460999972 ], [ -73.077035768999963, -36.859231273999967 ], [ -73.080250504999981, -36.859260290999941 ], [ -73.080945349999979, -36.861245408999935 ], [ -73.081254283999954, -36.860497794999958 ], [ -73.080918973999985, -36.860113824999985 ], [ -73.080970870999977, -36.859776666999949 ], [ -73.081254181999952, -36.859240449999959 ], [ -73.081762914999956, -36.85885658899997 ], [ -73.082367371999965, -36.858681574999935 ], [ -73.082115368999951, -36.859592348999968 ], [ -73.082349334999947, -36.85988004099994 ], [ -73.083441259999972, -36.859555156999932 ], [ -73.084540874999959, -36.85897801599998 ], [ -73.085225481999942, -36.858962009999971 ], [ -73.085601684999972, -36.859224948999952 ], [ -73.086334831999977, -36.86046706299993 ], [ -73.086476510999944, -36.863443706999931 ], [ -73.086918142999934, -36.864176381999982 ], [ -73.088000505999958, -36.864487697999948 ], [ -73.088400737999962, -36.864352747999931 ], [ -73.089443606999964, -36.863045571999976 ], [ -73.089830544999984, -36.863557084999968 ], [ -73.090574861999983, -36.863694409999937 ], [ -73.090986396999938, -36.86400382599993 ], [ -73.091764589999968, -36.864008696999974 ], [ -73.095140658999981, -36.861930260999941 ], [ -73.094833789999939, -36.861421303999975 ], [ -73.094436759999951, -36.861120659999983 ], [ -73.09421600099995, -36.860435941999981 ], [ -73.093166298999961, -36.859862816999964 ], [ -73.092769669999939, -36.858975183999974 ], [ -73.091870642999936, -36.857843591999938 ], [ -73.091585908999946, -36.857240445999935 ], [ -73.092227948999948, -36.856423244999974 ], [ -73.092706139999962, -36.853780263999965 ], [ -73.093530717999954, -36.851584422999963 ], [ -73.093288946999962, -36.850363124999944 ], [ -73.092783321999946, -36.849253400999942 ], [ -73.092513666999935, -36.848038015999975 ], [ -73.093395293999947, -36.845222003999936 ], [ -73.094306653999979, -36.844452468999975 ], [ -73.091836288999957, -36.843340251999962 ], [ -73.089167558999975, -36.842400553999937 ], [ -73.088875429999973, -36.842379381999933 ], [ -73.088430561999985, -36.843206868999971 ], [ -73.088570750999963, -36.842789332999985 ], [ -73.088500217999979, -36.842714298999965 ], [ -73.088309208999988, -36.843058152999959 ], [ -73.088473931999943, -36.842700355999966 ], [ -73.08828761999996, -36.842611747999968 ], [ -73.088145149999946, -36.842843785999946 ], [ -73.088267507999944, -36.842602396999951 ], [ -73.088016160999985, -36.842535259999977 ], [ -73.087844699999948, -36.842947110999944 ], [ -73.087261547999958, -36.842807034999964 ], [ -73.087403500999983, -36.842426255999953 ], [ -73.087337889999958, -36.842668557999957 ], [ -73.087599156999943, -36.842731347999973 ], [ -73.087699181999938, -36.842458053999962 ], [ -73.086822653999945, -36.842250161999971 ], [ -73.087163792999945, -36.841273208999951 ], [ -73.086485796999966, -36.841086536999967 ], [ -73.08517455599997, -36.842403882999974 ] ] ] } },
{ "type": "Feature", "properties": { "CUT": 8108, "COMUNA": "SAN PEDRO DE LA PAZ", "AREA_C": "URBANO", "DISTRITO": "BOCA SUR", "LOCALIDAD": "GRAN CONCEPCIÓN", "n_per": 2717.0, "n_hombres": 1292.0, "n_mujeres": 1425.0, "n_edad_60_mas": 462.0, "n_asistencia_basica": 309.0, "n_asistencia_media": 125.0, "n_asistencia_superior": 107.0, "n_transporte_auto": 185.0, "n_transporte_publico": 563.0, "n_transporte_camina": 108.0, "n_transporte_bicicleta": 59.0 }, "geometry": { "type": "Polygon", "coordinates": [ [ [ -73.14536256699995, -36.846048885999949 ], [ -73.145514490999972, -36.844924590999938 ], [ -73.146111510999958, -36.843654012999934 ], [ -73.146297617999949, -36.842390542999965 ], [ -73.140041, -36.84177452299997 ], [ -73.139685490999966, -36.844152982999958 ], [ -73.142184852999947, -36.84450303999995 ], [ -73.141989454999987, -36.845770862999984 ], [ -73.14536256699995, -36.846048885999949 ] ] ] } },
{ "type": "Feature", "properties": { "CUT": 8108, "COMUNA": "SAN PEDRO DE LA PAZ", "AREA_C": "URBANO", "DISTRITO": "BOCA SUR", "LOCALIDAD": "GRAN CONCEPCIÓN", "n_per": 4002.0, "n_hombres": 1922.0, "n_mujeres": 2080.0, "n_edad_60_mas": 662.0, "n_asistencia_basica": 429.0, "n_asistencia_media": 230.0, "n_asistencia_superior": 200.0, "n_transporte_auto": 457.0, "n_transporte_publico": 769.0, "n_transporte_camina": 173.0, "n_transporte_bicicleta": 65.0 }, "geometry": { "type": "Polygon", "coordinates": [ [ [ -73.130750686999988, -36.845378299999936 ], [ -73.131268766999938, -36.84750457399997 ], [ -73.133241167999984, -36.847188561999928 ], [ -73.133747508999988, -36.84697568799993 ], [ -73.133757509999953, -36.847313844999974 ], [ -73.138611282999989, -36.847407995999959 ], [ -73.138608905999945, -36.847592731999953 ], [ -73.140038861999983, -36.847619627999961 ], [ -73.139925982999955, -36.84785220699996 ], [ -73.140008618999957, -36.848173472999974 ], [ -73.142169140999954, -36.853782003999981 ], [ -73.146060216999956, -36.853410134999933 ], [ -73.144364953999968, -36.847506990999932 ], [ -73.144444237999949, -36.845966949999934 ], [ -73.141989454999987, -36.845770862999984 ], [ -73.142184852999947, -36.84450303999995 ], [ -73.13587376199996, -36.843786800999965 ], [ -73.134025646999987, -36.843780330999948 ], [ -73.133125243999984, -36.844000536999943 ], [ -73.130750686999988, -36.845378299999936 ] ] ] } },
{ "type": "Feature", "properties": { "CUT": 8108, "COMUNA": "SAN PEDRO DE LA PAZ", "AREA_C": "URBANO", "DISTRITO": "SAN PEDRO", "LOCALIDAD": "GRAN CONCEPCIÓN", "n_per": 6743.0, "n_hombres": 3225.0, "n_mujeres": 3518.0, "n_edad_60_mas": 1011.0, "n_asistencia_basica": 739.0, "n_asistencia_media": 336.0, "n_asistencia_superior": 417.0, "n_transporte_auto": 2464.0, "n_transporte_publico": 270.0, "n_transporte_camina": 108.0, "n_transporte_bicicleta": 18.0 }, "geometry": { "type": "Polygon", "coordinates": [ [ [ -73.094603642999971, -36.84370234599993 ], [ -73.094402884999965, -36.844359372999975 ], [ -73.093395293999947, -36.845222003999936 ], [ -73.092513666999935, -36.848038015999975 ], [ -73.092783321999946, -36.849253400999942 ], [ -73.093288946999962, -36.850363124999944 ], [ -73.093530717999954, -36.851584422999963 ], [ -73.092706139999962, -36.853780263999965 ], [ -73.092227948999948, -36.856423244999974 ], [ -73.091585908999946, -36.857240445999935 ], [ -73.091870642999936, -36.857843591999938 ], [ -73.092769669999939, -36.858975183999974 ], [ -73.093166298999961, -36.859862816999964 ], [ -73.09421600099995, -36.860435941999981 ], [ -73.094504101999973, -36.861072044999958 ], [ -73.095478526999955, -36.860582428999976 ], [ -73.095879803999935, -36.860034545999952 ], [ -73.097083434999945, -36.859697804999939 ], [ -73.097262962999935, -36.859299590999967 ], [ -73.096995792999962, -36.858822117999978 ], [ -73.097736230999942, -36.858945987999959 ], [ -73.09788386699995, -36.859583591999979 ], [ -73.098242272999983, -36.859657676999973 ], [ -73.098862744999963, -36.859049787999936 ], [ -73.098904424999944, -36.858175322999955 ], [ -73.099357215999987, -36.857670620999954 ], [ -73.101334191999968, -36.857979642999965 ], [ -73.102079157999981, -36.857596193999939 ], [ -73.10220422499998, -36.857394484999929 ], [ -73.102060188999985, -36.856744880999941 ], [ -73.102126007999971, -36.855904304999967 ], [ -73.102823496999974, -36.855277375999947 ], [ -73.103343640999981, -36.854131817999985 ], [ -73.107400362999954, -36.853631705999931 ], [ -73.106433151999966, -36.85188846799997 ], [ -73.105815757999949, -36.851342338999984 ], [ -73.105088108999951, -36.851060339999947 ], [ -73.104275077999944, -36.851142011999968 ], [ -73.102889979999986, -36.85173731499998 ], [ -73.101463667999951, -36.852949351999939 ], [ -73.100320021999948, -36.853444829999944 ], [ -73.100780801999974, -36.852613962999953 ], [ -73.100860411999975, -36.851691376999952 ], [ -73.101172819999988, -36.850623791999965 ], [ -73.100898900999937, -36.849767661999977 ], [ -73.098951656999986, -36.848154700999942 ], [ -73.098371103999966, -36.847992186999932 ], [ -73.097128720999933, -36.848175096999967 ], [ -73.097077754999987, -36.848025562999965 ], [ -73.097002413999974, -36.846456049999972 ], [ -73.098282534999953, -36.844175399999983 ], [ -73.096069868999962, -36.844151746999955 ], [ -73.094603642999971, -36.84370234599993 ] ] ] } },
{ "type": "Feature", "properties": { "CUT": 8108, "COMUNA": "SAN PEDRO DE LA PAZ", "AREA_C": "URBANO", "DISTRITO": "BOCA SUR", "LOCALIDAD": "GRAN CONCEPCIÓN", "n_per": 3969.0, "n_hombres": 1923.0, "n_mujeres": 2046.0, "n_edad_60_mas": 461.0, "n_asistencia_basica": 514.0, "n_asistencia_media": 234.0, "n_asistencia_superior": 217.0, "n_transporte_auto": 385.0, "n_transporte_publico": 780.0, "n_transporte_camina": 149.0, "n_transporte_bicicleta": 70.0 }, "geometry": { "type": "Polygon", "coordinates": [ [ [ -73.144364953999968, -36.847506990999932 ], [ -73.146060216999956, -36.853410134999933 ], [ -73.150643901999956, -36.853035399999953 ], [ -73.152974240999981, -36.853053615999954 ], [ -73.153064023999946, -36.847574905999977 ], [ -73.146673604999933, -36.847313177999979 ], [ -73.146748706999972, -36.846205709999936 ], [ -73.144444237999949, -36.845966949999934 ], [ -73.144364953999968, -36.847506990999932 ] ] ] } },
{ "type": "Feature", "properties": { "CUT": 8108, "COMUNA": "SAN PEDRO DE LA PAZ", "AREA_C": "URBANO", "DISTRITO": "BOCA SUR", "LOCALIDAD": "GRAN CONCEPCIÓN", "n_per": 6446.0, "n_hombres": 3039.0, "n_mujeres": 3407.0, "n_edad_60_mas": 658.0, "n_asistencia_basica": 755.0, "n_asistencia_media": 408.0, "n_asistencia_superior": 388.0, "n_transporte_auto": 702.0, "n_transporte_publico": 1379.0, "n_transporte_camina": 262.0, "n_transporte_bicicleta": 111.0 }, "geometry": { "type": "Polygon", "coordinates": [ [ [ -73.134860647999972, -36.852850658999955 ], [ -73.135639425999955, -36.854531493999957 ], [ -73.142169140999954, -36.853782003999981 ], [ -73.140008618999957, -36.848173472999974 ], [ -73.139925982999955, -36.84785220699996 ], [ -73.140038861999983, -36.847619627999961 ], [ -73.138608905999945, -36.847592731999953 ], [ -73.138611282999989, -36.847407995999959 ], [ -73.133757509999953, -36.847313844999974 ], [ -73.133650466999939, -36.848718239999982 ], [ -73.133815905999938, -36.849495981999951 ], [ -73.134860647999972, -36.852850658999955 ] ] ] } },
{ "type": "Feature", "properties": { "CUT": 8108, "COMUNA": "SAN PEDRO DE LA PAZ", "AREA_C": "URBANO", "DISTRITO": "LOMAS COLORADAS", "LOCALIDAD": "GRAN CONCEPCIÓN", "n_per": 2470.0, "n_hombres": 1236.0, "n_mujeres": 1234.0, "n_edad_60_mas": 149.0, "n_asistencia_basica": 433.0, "n_asistencia_media": 211.0, "n_asistencia_superior": 185.0, "n_transporte_auto": 883.0, "n_transporte_publico": 47.0, "n_transporte_camina": 10.0, "n_transporte_bicicleta": 2.0 }, "geometry": { "type": "Polygon", "coordinates": [ [ [ -73.101334191999968, -36.857979642999965 ], [ -73.099357215999987, -36.857670620999954 ], [ -73.098904424999944, -36.858175322999955 ], [ -73.098862744999963, -36.859049787999936 ], [ -73.098242272999983, -36.859657676999973 ], [ -73.09788386699995, -36.859583591999979 ], [ -73.097736230999942, -36.858945987999959 ], [ -73.096995792999962, -36.858822117999978 ], [ -73.097262962999935, -36.859299590999967 ], [ -73.097083434999945, -36.859697804999939 ], [ -73.095879803999935, -36.860034545999952 ], [ -73.095478526999955, -36.860582428999976 ], [ -73.094436759999951, -36.861120659999983 ], [ -73.094833789999939, -36.861421303999975 ], [ -73.095140658999981, -36.861930260999941 ], [ -73.091764589999968, -36.864008696999974 ], [ -73.092098314999987, -36.864011811999944 ], [ -73.092259229999968, -36.864532655999938 ], [ -73.092969037999978, -36.865648170999975 ], [ -73.093375186999936, -36.866006204999962 ], [ -73.094882482999935, -36.866093475999946 ], [ -73.095680492999975, -36.866538903999981 ], [ -73.096342345999972, -36.866481910999937 ], [ -73.097054310999965, -36.866637526999966 ], [ -73.097317840999949, -36.866867078999974 ], [ -73.097586623999973, -36.866884901999981 ], [ -73.098520384999972, -36.866408628999977 ], [ -73.100076354999942, -36.866654343999983 ], [ -73.100910598999974, -36.866090834999966 ], [ -73.101069201999962, -36.865729795999982 ], [ -73.101816447999965, -36.865646252999966 ], [ -73.102684163999982, -36.86507228499994 ], [ -73.103239714999972, -36.865018809999981 ], [ -73.103442019999989, -36.864906254999937 ], [ -73.103497785999934, -36.864444007999964 ], [ -73.105758173999959, -36.863580511999942 ], [ -73.106303859999969, -36.863028100999941 ], [ -73.107185105999974, -36.862801667999975 ], [ -73.107824464999965, -36.862045893999948 ], [ -73.108217307999951, -36.861847299999965 ], [ -73.111986839999986, -36.860909650999929 ], [ -73.110679987999958, -36.859148735999952 ], [ -73.110108916999934, -36.857625880999933 ], [ -73.109633024999937, -36.857007221999936 ], [ -73.107824634999986, -36.855341598999985 ], [ -73.107400362999954, -36.853631705999931 ], [ -73.103343640999981, -36.854131817999985 ], [ -73.102823496999974, -36.855277375999947 ], [ -73.10210447999998, -36.855965608999952 ], [ -73.10215616499994, -36.857517012999949 ], [ -73.101334191999968, -36.857979642999965 ] ] ] } },
{ "type": "Feature", "properties": { "CUT": 8108, "COMUNA": "SAN PEDRO DE LA PAZ", "AREA_C": "URBANO", "DISTRITO": "LOMAS COLORADAS", "LOCALIDAD": "GRAN CONCEPCIÓN", "n_per": 8345.0, "n_hombres": 4067.0, "n_mujeres": 4278.0, "n_edad_60_mas": 811.0, "n_asistencia_basica": 1108.0, "n_asistencia_media": 524.0, "n_asistencia_superior": 535.0, "n_transporte_auto": 1608.0, "n_transporte_publico": 1273.0, "n_transporte_camina": 100.0, "n_transporte_bicicleta": 23.0 }, "geometry": { "type": "Polygon", "coordinates": [ [ [ -73.149052108999967, -36.881844131999969 ], [ -73.141962974999956, -36.882379685999979 ], [ -73.14039354099998, -36.883175619999975 ], [ -73.139388299999951, -36.883378687999937 ], [ -73.141618738999966, -36.891980707999949 ], [ -73.152707147999934, -36.89051775799993 ], [ -73.152544735999982, -36.889749102999929 ], [ -73.152199080999935, -36.883781441999929 ], [ -73.152290304999951, -36.88172323799995 ], [ -73.149618482999983, -36.881877694999957 ], [ -73.149296041999946, -36.881695602999969 ], [ -73.149052108999967, -36.881844131999969 ] ] ] } },
{ "type": "Feature", "properties": { "CUT": 8108, "COMUNA": "SAN PEDRO DE LA PAZ", "AREA_C": "URBANO", "DISTRITO": "LOMAS COLORADAS", "LOCALIDAD": "GRAN CONCEPCIÓN", "n_per": 3940.0, "n_hombres": 1893.0, "n_mujeres": 2047.0, "n_edad_60_mas": 271.0, "n_asistencia_basica": 530.0, "n_asistencia_media": 187.0, "n_asistencia_superior": 200.0, "n_transporte_auto": 793.0, "n_transporte_publico": 587.0, "n_transporte_camina": 50.0, "n_transporte_bicicleta": 17.0 }, "geometry": { "type": "Polygon", "coordinates": [ [ [ -73.129836621999971, -36.897854772999949 ], [ -73.130044151999982, -36.897885247999966 ], [ -73.130370177999964, -36.898981995999975 ], [ -73.132652617999952, -36.898962020999932 ], [ -73.134254071999976, -36.905730935999941 ], [ -73.134936692999986, -36.907303553999952 ], [ -73.144928731999983, -36.90575512199996 ], [ -73.141942257999972, -36.893288678999966 ], [ -73.129446647999941, -36.89524610899997 ], [ -73.129836621999971, -36.897854772999949 ] ] ] } },
{ "type": "Feature", "properties": { "CUT": 8108, "COMUNA": "SAN PEDRO DE LA PAZ", "AREA_C": "URBANO", "DISTRITO": "LOMAS COLORADAS", "LOCALIDAD": "GRAN CONCEPCIÓN", "n_per": 5534.0, "n_hombres": 2695.0, "n_mujeres": 2839.0, "n_edad_60_mas": 584.0, "n_asistencia_basica": 677.0, "n_asistencia_media": 331.0, "n_asistencia_superior": 347.0, "n_transporte_auto": 752.0, "n_transporte_publico": 1176.0, "n_transporte_camina": 62.0, "n_transporte_bicicleta": 30.0 }, "geometry": { "type": "Polygon", "coordinates": [ [ [ -73.141618738999966, -36.891980707999949 ], [ -73.144866458999957, -36.905483542999946 ], [ -73.145229085999972, -36.905430831999979 ], [ -73.144684491999953, -36.903182533999939 ], [ -73.153748631999974, -36.902045059999978 ], [ -73.153451466999968, -36.900957682999945 ], [ -73.152707147999934, -36.89051775799993 ], [ -73.141618738999966, -36.891980707999949 ] ] ] } },
{ "type": "Feature", "properties": { "CUT": 8108, "COMUNA": "SAN PEDRO DE LA PAZ", "AREA_C": "URBANO", "DISTRITO": "LOMAS COLORADAS", "LOCALIDAD": "GRAN CONCEPCIÓN", "n_per": 2214.0, "n_hombres": 1044.0, "n_mujeres": 1170.0, "n_edad_60_mas": 306.0, "n_asistencia_basica": 202.0, "n_asistencia_media": 155.0, "n_asistencia_superior": 184.0, "n_transporte_auto": 263.0, "n_transporte_publico": 500.0, "n_transporte_camina": 37.0, "n_transporte_bicicleta": 11.0 }, "geometry": { "type": "Polygon", "coordinates": [ [ [ -73.153748631999974, -36.902045059999978 ], [ -73.144684491999953, -36.903182533999939 ], [ -73.145229085999972, -36.905430831999979 ], [ -73.144866458999957, -36.905483542999946 ], [ -73.144928731999983, -36.90575512199996 ], [ -73.15404431199994, -36.90461277299994 ], [ -73.153748631999974, -36.902045059999978 ] ] ] } },
{ "type": "Feature", "properties": { "CUT": 8108, "COMUNA": "SAN PEDRO DE LA PAZ", "AREA_C": "URBANO", "DISTRITO": "LOMAS COLORADAS", "LOCALIDAD": "GRAN CONCEPCIÓN", "n_per": 6226.0, "n_hombres": 2941.0, "n_mujeres": 3285.0, "n_edad_60_mas": 625.0, "n_asistencia_basica": 876.0, "n_asistencia_media": 407.0, "n_asistencia_superior": 370.0, "n_transporte_auto": 886.0, "n_transporte_publico": 1056.0, "n_transporte_camina": 199.0, "n_transporte_bicicleta": 75.0 }, "geometry": { "type": "Polygon", "coordinates": [ [ [ -73.128811633999987, -36.891058592999968 ], [ -73.129446647999941, -36.89524610899997 ], [ -73.141942257999972, -36.893288678999966 ], [ -73.140593039999942, -36.887757181999973 ], [ -73.128318099999944, -36.889685781999958 ], [ -73.128811633999987, -36.891058592999968 ] ] ] } },
{ "type": "Feature", "properties": { "CUT": 8108, "COMUNA": "SAN PEDRO DE LA PAZ", "AREA_C": "URBANO", "DISTRITO": "LOS ACACIOS", "LOCALIDAD": "GRAN CONCEPCIÓN", "n_per": 3310.0, "n_hombres": 1596.0, "n_mujeres": 1714.0, "n_edad_60_mas": 301.0, "n_asistencia_basica": 518.0, "n_asistencia_media": 296.0, "n_asistencia_superior": 284.0, "n_transporte_auto": 997.0, "n_transporte_publico": 209.0, "n_transporte_camina": 23.0, "n_transporte_bicicleta": 15.0 }, "geometry": { "type": "Polygon", "coordinates": [ [ [ -73.120808132999969, -36.837393448999933 ], [ -73.118323575999966, -36.837571191999984 ], [ -73.118332510999949, -36.837701722999952 ], [ -73.119724150999957, -36.837614325999937 ], [ -73.11979684399995, -36.839716582999984 ], [ -73.119571656999938, -36.840467062999949 ], [ -73.119760309999947, -36.840668204999929 ], [ -73.119698239999934, -36.84177159799998 ], [ -73.119550312999934, -36.842590418999976 ], [ -73.119144183999936, -36.843494955999972 ], [ -73.117737337999984, -36.84537239499997 ], [ -73.117477632999964, -36.845430170999975 ], [ -73.11649394799997, -36.844328483999959 ], [ -73.116105656999935, -36.844134487999952 ], [ -73.115498203999948, -36.844118911999942 ], [ -73.115295647999972, -36.843975993999948 ], [ -73.11514, -36.844149284999958 ], [ -73.113416872999949, -36.844333863999964 ], [ -73.113496350999981, -36.844920879999961 ], [ -73.113235509999981, -36.845894679999958 ], [ -73.112575055999969, -36.847299276999934 ], [ -73.112911581999981, -36.84763811299996 ], [ -73.112957337999944, -36.847972330999937 ], [ -73.112471653999933, -36.848397254999952 ], [ -73.11229597199997, -36.849412963999953 ], [ -73.112742646999948, -36.850204212999984 ], [ -73.113576624999951, -36.851123288999929 ], [ -73.114906388999941, -36.851121857999942 ], [ -73.115350700999954, -36.851268610999966 ], [ -73.115953221999973, -36.851138459999959 ], [ -73.119922594999935, -36.848628033999944 ], [ -73.121644836999963, -36.846879650999938 ], [ -73.123242872999981, -36.84441722899993 ], [ -73.123981461999961, -36.841756447999956 ], [ -73.123867822999955, -36.841502280999975 ], [ -73.124002787999984, -36.840941079999936 ], [ -73.123412944999984, -36.839552732999948 ], [ -73.12399553299997, -36.839201398999933 ], [ -73.124235387999988, -36.838592279999943 ], [ -73.124718794999978, -36.83837006899995 ], [ -73.12485688299995, -36.838116465999974 ], [ -73.122829992999982, -36.837596652999935 ], [ -73.120808132999969, -36.837393448999933 ] ] ] } },
{ "type": "Feature", "properties": { "CUT": 8108, "COMUNA": "SAN PEDRO DE LA PAZ", "AREA_C": "URBANO", "DISTRITO": "LOMAS COLORADAS", "LOCALIDAD": "GRAN CONCEPCIÓN", "n_per": 2032.0, "n_hombres": 984.0, "n_mujeres": 1048.0, "n_edad_60_mas": 519.0, "n_asistencia_basica": 171.0, "n_asistencia_media": 81.0, "n_asistencia_superior": 126.0, "n_transporte_auto": 215.0, "n_transporte_publico": 263.0, "n_transporte_camina": 140.0, "n_transporte_bicicleta": 37.0 }, "geometry": { "type": "Polygon", "coordinates": [ [ [ -73.126674557999934, -36.884607479999943 ], [ -73.126345524999977, -36.884820260999959 ], [ -73.12609490799997, -36.884586906999971 ], [ -73.125758850999944, -36.884558358999982 ], [ -73.125544838999986, -36.885059299999966 ], [ -73.125068827999939, -36.885308666999947 ], [ -73.126024471999983, -36.886632002999932 ], [ -73.127592690999961, -36.886385606999966 ], [ -73.128318099999944, -36.889685781999958 ], [ -73.140431600999989, -36.88777997699998 ], [ -73.139388299999951, -36.883378687999937 ], [ -73.130038627999966, -36.884633442999984 ], [ -73.129958737999971, -36.884343760999968 ], [ -73.130114529999958, -36.883850484999982 ], [ -73.129924288999973, -36.883139949999929 ], [ -73.129341583999974, -36.882477313999971 ], [ -73.128970144999982, -36.882525543999975 ], [ -73.128976095999974, -36.883897905999959 ], [ -73.12700321799997, -36.884071867999978 ], [ -73.126674557999934, -36.884607479999943 ] ] ] } },
{ "type": "Feature", "properties": { "CUT": 8108, "COMUNA": "SAN PEDRO DE LA PAZ", "AREA_C": "URBANO", "DISTRITO": "LOMAS COLORADAS", "LOCALIDAD": "GRAN CONCEPCIÓN", "n_per": 5595.0, "n_hombres": 2735.0, "n_mujeres": 2860.0, "n_edad_60_mas": 779.0, "n_asistencia_basica": 677.0, "n_asistencia_media": 313.0, "n_asistencia_superior": 286.0, "n_transporte_auto": 956.0, "n_transporte_publico": 816.0, "n_transporte_camina": 174.0, "n_transporte_bicicleta": 65.0 }, "geometry": { "type": "Polygon", "coordinates": [ [ [ -73.107313952999959, -36.851276077999955 ], [ -73.106433151999966, -36.85188846799997 ], [ -73.107400362999954, -36.853631705999931 ], [ -73.107824634999986, -36.855341598999985 ], [ -73.109633024999937, -36.857007221999936 ], [ -73.110108916999934, -36.857625880999933 ], [ -73.110679987999958, -36.859148735999952 ], [ -73.111986839999986, -36.860909650999929 ], [ -73.118172285999947, -36.859321620999935 ], [ -73.119612978999953, -36.859119096999962 ], [ -73.119705955999962, -36.860371604999955 ], [ -73.127069662999986, -36.859906818999946 ], [ -73.126882301999956, -36.86402727799998 ], [ -73.132419296999956, -36.863485499999967 ], [ -73.133772477999969, -36.869842802999983 ], [ -73.127640736999979, -36.871061140999984 ], [ -73.123245553999936, -36.874228680999977 ], [ -73.123542592999968, -36.874800661999984 ], [ -73.123607282999956, -36.875458677999973 ], [ -73.126259563999952, -36.878078613999946 ], [ -73.126469503999942, -36.882850209999958 ], [ -73.125935856999945, -36.88344213299996 ], [ -73.126229096999964, -36.884068672999945 ], [ -73.126258439999958, -36.884764054999948 ], [ -73.126550950999956, -36.884765311999956 ], [ -73.12700321799997, -36.884071867999978 ], [ -73.128976095999974, -36.883897905999959 ], [ -73.128970144999982, -36.882525543999975 ], [ -73.129341583999974, -36.882477313999971 ], [ -73.129924288999973, -36.883139949999929 ], [ -73.130114529999958, -36.883850484999982 ], [ -73.129958737999971, -36.884343760999968 ], [ -73.130038627999966, -36.884633442999984 ], [ -73.139388299999951, -36.883378687999937 ], [ -73.132901986999968, -36.856599273999961 ], [ -73.125454488999935, -36.857120313999928 ], [ -73.123371195999937, -36.85742993599996 ], [ -73.122426204999954, -36.85731586199995 ], [ -73.119392729999959, -36.857664477999947 ], [ -73.119247436999956, -36.856156957999929 ], [ -73.118034287999933, -36.853429261999963 ], [ -73.11713840699997, -36.850503107999941 ], [ -73.115853428999969, -36.851177436999933 ], [ -73.114324407999959, -36.851243316999955 ], [ -73.113433859999986, -36.851513099999977 ], [ -73.112051470999972, -36.850405045999935 ], [ -73.11146083899996, -36.850251448999984 ], [ -73.110379278999972, -36.850279321999949 ], [ -73.108883039999967, -36.850579997999944 ], [ -73.107313952999959, -36.851276077999955 ] ] ] } },
{ "type": "Feature", "properties": { "CUT": 8108, "COMUNA": "SAN PEDRO DE LA PAZ", "AREA_C": "URBANO", "DISTRITO": "BOCA SUR", "LOCALIDAD": "GRAN CONCEPCIÓN", "n_per": 3636.0, "n_hombres": 1764.0, "n_mujeres": 1872.0, "n_edad_60_mas": 489.0, "n_asistencia_basica": 334.0, "n_asistencia_media": 151.0, "n_asistencia_superior": 202.0, "n_transporte_auto": 401.0, "n_transporte_publico": 972.0, "n_transporte_camina": 119.0, "n_transporte_bicicleta": 37.0 }, "geometry": { "type": "Polygon", "coordinates": [ [ [ -73.123242872999981, -36.84441722899993 ], [ -73.121644836999963, -36.846879650999938 ], [ -73.119922594999935, -36.848628033999944 ], [ -73.11713840699997, -36.850503107999941 ], [ -73.118034287999933, -36.853429261999963 ], [ -73.119247436999956, -36.856156957999929 ], [ -73.119392729999959, -36.857664477999947 ], [ -73.122426204999954, -36.85731586199995 ], [ -73.123371195999937, -36.85742993599996 ], [ -73.125454488999935, -36.857120313999928 ], [ -73.132901986999968, -36.856599273999961 ], [ -73.132593233999955, -36.855250828999942 ], [ -73.133418432999974, -36.854915745999961 ], [ -73.135639425999955, -36.854531493999957 ], [ -73.135378666999941, -36.853614014999948 ], [ -73.134860647999972, -36.852850658999955 ], [ -73.133815905999938, -36.849495981999951 ], [ -73.133650466999939, -36.848718239999982 ], [ -73.133747508999988, -36.84697568799993 ], [ -73.133241167999984, -36.847188561999928 ], [ -73.131268766999938, -36.84750457399997 ], [ -73.130750932999945, -36.845379254999955 ], [ -73.130425428999956, -36.845517683999958 ], [ -73.129797974999974, -36.842997318999949 ], [ -73.129357290999963, -36.841868225999974 ], [ -73.127781153999933, -36.839792878999958 ], [ -73.125627005999945, -36.838402421999945 ], [ -73.12485688299995, -36.838116465999974 ], [ -73.124718794999978, -36.83837006899995 ], [ -73.124235387999988, -36.838592279999943 ], [ -73.12399553299997, -36.839201398999933 ], [ -73.123437715999955, -36.83948552399994 ], [ -73.123417617999962, -36.839791658999957 ], [ -73.124002787999984, -36.840941079999936 ], [ -73.123867822999955, -36.841502280999975 ], [ -73.123981461999961, -36.841756447999956 ], [ -73.123242872999981, -36.84441722899993 ] ] ] } },
{ "type": "Feature", "properties": { "CUT": 8108, "COMUNA": "SAN PEDRO DE LA PAZ", "AREA_C": "URBANO", "DISTRITO": "LOMAS COLORADAS", "LOCALIDAD": "GRAN CONCEPCIÓN", "n_per": 6594.0, "n_hombres": 3290.0, "n_mujeres": 3304.0, "n_edad_60_mas": 392.0, "n_asistencia_basica": 901.0, "n_asistencia_media": 328.0, "n_asistencia_superior": 292.0, "n_transporte_auto": 1355.0, "n_transporte_publico": 1162.0, "n_transporte_camina": 104.0, "n_transporte_bicicleta": 44.0 }, "geometry": { "type": "Polygon", "coordinates": [ [ [ -73.146389020999948, -36.859096681999972 ], [ -73.146123933999945, -36.85899380799998 ], [ -73.145844267999962, -36.859161210999957 ], [ -73.14015991399998, -36.859834554999964 ], [ -73.139642446999972, -36.859722800999975 ], [ -73.139324390999946, -36.85991611399993 ], [ -73.134984196999937, -36.860406893999937 ], [ -73.134626950999973, -36.860279606999939 ], [ -73.134423218999984, -36.860470193999959 ], [ -73.133865150999952, -36.860529030999942 ], [ -73.139388299999951, -36.883378687999937 ], [ -73.14039354099998, -36.883175619999975 ], [ -73.141261524999948, -36.882625440999959 ], [ -73.142167986999937, -36.882351326999981 ], [ -73.148818174999974, -36.881898543999966 ], [ -73.149296041999946, -36.881695602999969 ], [ -73.149618482999983, -36.881877694999957 ], [ -73.152290304999951, -36.88172323799995 ], [ -73.152076662999946, -36.873964063999949 ], [ -73.152220043999989, -36.869410070999947 ], [ -73.152129015999947, -36.868182845999968 ], [ -73.152456921999942, -36.864204062999931 ], [ -73.15239091899997, -36.861093442999959 ], [ -73.152645293999967, -36.859321774999955 ], [ -73.149239576999946, -36.858875424999951 ], [ -73.148980559999984, -36.858730184999956 ], [ -73.148682041999962, -36.858883786999968 ], [ -73.146389020999948, -36.859096681999972 ] ] ] } },
{ "type": "Feature", "properties": { "CUT": 8101, "COMUNA": "CONCEPCIÓN", "AREA_C": "URBANO", "DISTRITO": "LA TOMA", "LOCALIDAD": "GRAN CONCEPCIÓN", "n_per": 3614.0, "n_hombres": 1705.0, "n_mujeres": 1909.0, "n_edad_60_mas": 401.0, "n_asistencia_basica": 420.0, "n_asistencia_media": 189.0, "n_asistencia_superior": 295.0, "n_transporte_auto": 972.0, "n_transporte_publico": 307.0, "n_transporte_camina": 23.0, "n_transporte_bicicleta": 7.0 }, "geometry": { "type": "Polygon", "coordinates": [ [ [ -73.041513786999985, -36.780195187999936 ], [ -73.041736502999981, -36.780964982999933 ], [ -73.04181618299998, -36.78069589699993 ], [ -73.042118632999973, -36.780534131999957 ], [ -73.046130543999936, -36.780568571999936 ], [ -73.049056031999953, -36.780273783999974 ], [ -73.048915872999942, -36.777098214999967 ], [ -73.045635953999977, -36.776286810999977 ], [ -73.04444472299997, -36.775615109999933 ], [ -73.040415669999959, -36.778491616999929 ], [ -73.040746564999949, -36.779632740999944 ], [ -73.041513786999985, -36.780195187999936 ] ] ] } },
{ "type": "Feature", "properties": { "CUT": 8101, "COMUNA": "CONCEPCIÓN", "AREA_C": "URBANO", "DISTRITO": "LA TOMA", "LOCALIDAD": "GRAN CONCEPCIÓN", "n_per": 3407.0, "n_hombres": 1598.0, "n_mujeres": 1809.0, "n_edad_60_mas": 700.0, "n_asistencia_basica": 323.0, "n_asistencia_media": 146.0, "n_asistencia_superior": 263.0, "n_transporte_auto": 688.0, "n_transporte_publico": 463.0, "n_transporte_camina": 56.0, "n_transporte_bicicleta": 1.0 }, "geometry": { "type": "Polygon", "coordinates": [ [ [ -73.043434459999958, -36.784828183999934 ], [ -73.042864707999968, -36.784906530999933 ], [ -73.04259501699994, -36.785203477999971 ], [ -73.04222108099998, -36.785321636999981 ], [ -73.040404542999966, -36.78553833899997 ], [ -73.040655934999961, -36.78858140799997 ], [ -73.043991757999947, -36.789136565999968 ], [ -73.045821399999966, -36.790919726999959 ], [ -73.045920196999987, -36.790614900999969 ], [ -73.046654398999976, -36.790663016999929 ], [ -73.046816452999963, -36.79052180399998 ], [ -73.046510797999986, -36.789648492999959 ], [ -73.046604075999937, -36.78942292399995 ], [ -73.046887717999937, -36.789144792999934 ], [ -73.047855769999956, -36.788712090999979 ], [ -73.047502811999948, -36.788470101999962 ], [ -73.047563475999937, -36.788179867999929 ], [ -73.048312696999972, -36.78749750999998 ], [ -73.04858416999997, -36.787021397999979 ], [ -73.048535152999989, -36.786372383999947 ], [ -73.047781746999988, -36.785571003999962 ], [ -73.047945786999946, -36.785210630999984 ], [ -73.047396308999964, -36.784776310999973 ], [ -73.045616635999977, -36.784240907999958 ], [ -73.044393725999953, -36.784399682999947 ], [ -73.043434459999958, -36.784828183999934 ] ] ] } },
{ "type": "Feature", "properties": { "CUT": 8101, "COMUNA": "CONCEPCIÓN", "AREA_C": "URBANO", "DISTRITO": "PALOMARES", "LOCALIDAD": "GRAN CONCEPCIÓN", "n_per": 3618.0, "n_hombres": 1699.0, "n_mujeres": 1919.0, "n_edad_60_mas": 588.0, "n_asistencia_basica": 333.0, "n_asistencia_media": 168.0, "n_asistencia_superior": 271.0, "n_transporte_auto": 411.0, "n_transporte_publico": 913.0, "n_transporte_camina": 93.0, "n_transporte_bicicleta": 57.0 }, "geometry": { "type": "Polygon", "coordinates": [ [ [ -73.025312006999968, -36.786886412999934 ], [ -73.022954456999969, -36.786762490999934 ], [ -73.024963153999977, -36.79144486399997 ], [ -73.025321865999956, -36.793077707999942 ], [ -73.025724259999947, -36.797019869999929 ], [ -73.025664714999948, -36.801671766999959 ], [ -73.025367479999943, -36.802887821999946 ], [ -73.024191061999943, -36.805703263999931 ], [ -73.024048456999935, -36.806578480999974 ], [ -73.024433777999946, -36.807683060999977 ], [ -73.025662050999983, -36.809017052999934 ], [ -73.025960994999934, -36.807616892999931 ], [ -73.026360760999978, -36.807081566999955 ], [ -73.026296557999956, -36.805725861999974 ], [ -73.027017895999961, -36.804011454999966 ], [ -73.027718062999952, -36.801577013999974 ], [ -73.027845856999988, -36.800777588999949 ], [ -73.027720231999979, -36.800112853999963 ], [ -73.02827020999996, -36.799220473999981 ], [ -73.028504272999953, -36.798357284999952 ], [ -73.029079816999968, -36.797782499999983 ], [ -73.030878134999966, -36.794948075999969 ], [ -73.031113921999975, -36.79428225099997 ], [ -73.031178376999947, -36.793127418999973 ], [ -73.031614654999942, -36.79228054899994 ], [ -73.031785365999951, -36.791300031999981 ], [ -73.031477308999968, -36.790772795999942 ], [ -73.03143132699995, -36.790107758999966 ], [ -73.031049935999988, -36.78922842299994 ], [ -73.029801255999985, -36.788176714999963 ], [ -73.029846925999948, -36.787552313999981 ], [ -73.029160383999965, -36.78627989499995 ], [ -73.025408973999959, -36.78676539199995 ], [ -73.025312006999968, -36.786886412999934 ] ] ] } },
{ "type": "Feature", "properties": { "CUT": 8101, "COMUNA": "CONCEPCIÓN", "AREA_C": "URBANO", "DISTRITO": "LA TOMA", "LOCALIDAD": "GRAN CONCEPCIÓN", "n_per": 3678.0, "n_hombres": 1783.0, "n_mujeres": 1895.0, "n_edad_60_mas": 798.0, "n_asistencia_basica": 301.0, "n_asistencia_media": 163.0, "n_asistencia_superior": 298.0, "n_transporte_auto": 888.0, "n_transporte_publico": 411.0, "n_transporte_camina": 76.0, "n_transporte_bicicleta": 16.0 }, "geometry": { "type": "Polygon", "coordinates": [ [ [ -73.046654398999976, -36.790663016999929 ], [ -73.045920196999987, -36.790614900999969 ], [ -73.045824186999937, -36.790892733999954 ], [ -73.045398916999943, -36.79384659599998 ], [ -73.045830570999954, -36.796016870999949 ], [ -73.046278376999965, -36.796366732999957 ], [ -73.047635967999952, -36.796334953999974 ], [ -73.048850268999956, -36.796981307999943 ], [ -73.049414368999976, -36.794818370999963 ], [ -73.049381599999947, -36.794425756999942 ], [ -73.049974138999971, -36.794399423999948 ], [ -73.051310714999943, -36.795029731999932 ], [ -73.052091920999942, -36.795159704999946 ], [ -73.053816910999956, -36.794863475999932 ], [ -73.055761158999985, -36.794205769999962 ], [ -73.056088789999933, -36.792106529999955 ], [ -73.056558540999958, -36.791505812999958 ], [ -73.056835299999989, -36.791474282999957 ], [ -73.056513936999977, -36.791275245999941 ], [ -73.054604379999944, -36.791090792999967 ], [ -73.051637608999954, -36.789784864999945 ], [ -73.051153491999969, -36.78937584199997 ], [ -73.04828876299996, -36.788558244999933 ], [ -73.046671808999974, -36.789317127999936 ], [ -73.046510797999986, -36.789648492999959 ], [ -73.046816452999963, -36.79052180399998 ], [ -73.046654398999976, -36.790663016999929 ] ] ] } },
{ "type": "Feature", "properties": { "CUT": 8101, "COMUNA": "CONCEPCIÓN", "AREA_C": "URBANO", "DISTRITO": "LA TOMA", "LOCALIDAD": "GRAN CONCEPCIÓN", "n_per": 2556.0, "n_hombres": 1230.0, "n_mujeres": 1326.0, "n_edad_60_mas": 563.0, "n_asistencia_basica": 230.0, "n_asistencia_media": 123.0, "n_asistencia_superior": 146.0, "n_transporte_auto": 255.0, "n_transporte_publico": 568.0, "n_transporte_camina": 89.0, "n_transporte_bicicleta": 26.0 }, "geometry": { "type": "Polygon", "coordinates": [ [ [ -73.040496964999988, -36.792292244999942 ], [ -73.039242982999951, -36.792352689999973 ], [ -73.039260983999952, -36.79285 ], [ -73.041075767999985, -36.794537066999965 ], [ -73.041861278999988, -36.795487382999966 ], [ -73.042390159999968, -36.795045429999959 ], [ -73.042485492999958, -36.79451972499993 ], [ -73.042356377999965, -36.793627913999956 ], [ -73.045406886999956, -36.793918832999964 ], [ -73.045821399999966, -36.790919726999959 ], [ -73.043991757999947, -36.789136565999968 ], [ -73.042875805999984, -36.788983491999943 ], [ -73.042575658999965, -36.789545896999982 ], [ -73.041979324999943, -36.790135459999931 ], [ -73.041771197999935, -36.790744932999985 ], [ -73.040927654999962, -36.79201993199996 ], [ -73.040496964999988, -36.792292244999942 ] ] ] } },
{ "type": "Feature", "properties": { "CUT": 8101, "COMUNA": "CONCEPCIÓN", "AREA_C": "URBANO", "DISTRITO": "LA TOMA", "LOCALIDAD": "GRAN CONCEPCIÓN", "n_per": 3374.0, "n_hombres": 1625.0, "n_mujeres": 1749.0, "n_edad_60_mas": 878.0, "n_asistencia_basica": 236.0, "n_asistencia_media": 126.0, "n_asistencia_superior": 284.0, "n_transporte_auto": 689.0, "n_transporte_publico": 314.0, "n_transporte_camina": 65.0, "n_transporte_bicicleta": 23.0 }, "geometry": { "type": "Polygon", "coordinates": [ [ [ -73.058022233999964, -36.792372468999929 ], [ -73.057399143999987, -36.792222584999934 ], [ -73.056848374999959, -36.791483509999978 ], [ -73.056558540999958, -36.791505812999958 ], [ -73.056088789999933, -36.792106529999955 ], [ -73.055761158999985, -36.794205769999962 ], [ -73.053816910999956, -36.794863475999932 ], [ -73.051623615999972, -36.795120485999973 ], [ -73.049974138999971, -36.794399423999948 ], [ -73.049381599999947, -36.794425756999942 ], [ -73.049414368999976, -36.794818370999963 ], [ -73.048850268999956, -36.796981307999943 ], [ -73.048694922999971, -36.799042790999977 ], [ -73.057796704999987, -36.799610942999948 ], [ -73.066197272999943, -36.795584589999976 ], [ -73.064564772999972, -36.793486589999929 ], [ -73.063696708999942, -36.792619687999945 ], [ -73.061765547999983, -36.793001383999979 ], [ -73.059482816999946, -36.791337255999963 ], [ -73.059201343999973, -36.791472366999983 ], [ -73.05887917299998, -36.791998890999935 ], [ -73.058022233999964, -36.792372468999929 ] ] ] } },
{ "type": "Feature", "properties": { "CUT": 8101, "COMUNA": "CONCEPCIÓN", "AREA_C": "URBANO", "DISTRITO": "LA TOMA", "LOCALIDAD": "GRAN CONCEPCIÓN", "n_per": 3465.0, "n_hombres": 1687.0, "n_mujeres": 1778.0, "n_edad_60_mas": 714.0, "n_asistencia_basica": 310.0, "n_asistencia_media": 156.0, "n_asistencia_superior": 177.0, "n_transporte_auto": 336.0, "n_transporte_publico": 740.0, "n_transporte_camina": 107.0, "n_transporte_bicicleta": 38.0 }, "geometry": { "type": "Polygon", "coordinates": [ [ [ -73.035942898999963, -36.795416803999956 ], [ -73.038135817999944, -36.797345786999983 ], [ -73.037783016999981, -36.797858226999949 ], [ -73.03839193999994, -36.798610548999932 ], [ -73.03842534599994, -36.798846760999936 ], [ -73.040116903999944, -36.799510090999945 ], [ -73.041375271999982, -36.800900838999951 ], [ -73.041348625999944, -36.801479048999965 ], [ -73.041981219999968, -36.802069900999982 ], [ -73.043907558999933, -36.799937553999939 ], [ -73.044680316999973, -36.799409470999933 ], [ -73.046140281999953, -36.798970641999972 ], [ -73.048694922999971, -36.799042790999977 ], [ -73.048850268999956, -36.796981307999943 ], [ -73.047635967999952, -36.796334953999974 ], [ -73.046427868999956, -36.796382708999943 ], [ -73.045904853999957, -36.79615328999995 ], [ -73.045406886999956, -36.793918832999964 ], [ -73.042356377999965, -36.793627913999956 ], [ -73.042485492999958, -36.79451972499993 ], [ -73.042390159999968, -36.795045429999959 ], [ -73.041861278999988, -36.795487382999966 ], [ -73.041075767999985, -36.794537066999965 ], [ -73.039260983999952, -36.79285 ], [ -73.035942898999963, -36.795416803999956 ] ] ] } },
{ "type": "Feature", "properties": { "CUT": 8101, "COMUNA": "CONCEPCIÓN", "AREA_C": "URBANO", "DISTRITO": "LA TOMA", "LOCALIDAD": "GRAN CONCEPCIÓN", "n_per": 5112.0, "n_hombres": 2366.0, "n_mujeres": 2746.0, "n_edad_60_mas": 1237.0, "n_asistencia_basica": 464.0, "n_asistencia_media": 241.0, "n_asistencia_superior": 285.0, "n_transporte_auto": 531.0, "n_transporte_publico": 926.0, "n_transporte_camina": 109.0, "n_transporte_bicicleta": 43.0 }, "geometry": { "type": "Polygon", "coordinates": [ [ [ -73.031255205999969, -36.79296643899994 ], [ -73.031113921999975, -36.79428225099997 ], [ -73.030878134999966, -36.794948075999969 ], [ -73.029079816999968, -36.797782499999983 ], [ -73.028565794999963, -36.798294194999983 ], [ -73.030917259999967, -36.80063096899994 ], [ -73.031527938999943, -36.799676689999956 ], [ -73.034508177999953, -36.800823562999938 ], [ -73.035602033999965, -36.800918254999942 ], [ -73.036891275999949, -36.801399223999965 ], [ -73.03842534599994, -36.798846760999936 ], [ -73.03839193999994, -36.798610548999932 ], [ -73.037783016999981, -36.797858226999949 ], [ -73.038135817999944, -36.797345786999983 ], [ -73.034753107999961, -36.794444673999976 ], [ -73.034601042999952, -36.794702173999951 ], [ -73.033963959999937, -36.794108724999944 ], [ -73.032522566999944, -36.793531109999947 ], [ -73.032791545999942, -36.792966682999975 ], [ -73.033082, -36.792859747999955 ], [ -73.031683162999968, -36.791796587999954 ], [ -73.031614654999942, -36.79228054899994 ], [ -73.031255205999969, -36.79296643899994 ] ] ] } },
{ "type": "Feature", "properties": { "CUT": 8101, "COMUNA": "CONCEPCIÓN", "AREA_C": "URBANO", "DISTRITO": "PAJONAL", "LOCALIDAD": "GRAN CONCEPCIÓN", "n_per": 2633.0, "n_hombres": 1254.0, "n_mujeres": 1379.0, "n_edad_60_mas": 367.0, "n_asistencia_basica": 249.0, "n_asistencia_media": 62.0, "n_asistencia_superior": 242.0, "n_transporte_auto": 595.0, "n_transporte_publico": 348.0, "n_transporte_camina": 135.0, "n_transporte_bicicleta": 31.0 }, "geometry": { "type": "Polygon", "coordinates": [ [ [ -73.054751008999972, -36.804134026999975 ], [ -73.061021721999964, -36.807000374999973 ], [ -73.062664967999979, -36.80651888999995 ], [ -73.064937808999957, -36.806636838999964 ], [ -73.069344536999949, -36.806545458999949 ], [ -73.069916995999961, -36.807127095999931 ], [ -73.070136141999967, -36.806998 ], [ -73.07122478499997, -36.808104355999944 ], [ -73.076557894999951, -36.804691136999963 ], [ -73.070516299999952, -36.800505459999954 ], [ -73.06876776699994, -36.798791690999963 ], [ -73.066197272999943, -36.795584589999976 ], [ -73.059539361999953, -36.798733231999961 ], [ -73.057545821999952, -36.800003426999979 ], [ -73.056920867999963, -36.800692070999958 ], [ -73.054751008999972, -36.804134026999975 ] ] ] } },
{ "type": "Feature", "properties": { "CUT": 8101, "COMUNA": "CONCEPCIÓN", "AREA_C": "URBANO", "DISTRITO": "LA PÓLVORA", "LOCALIDAD": "GRAN CONCEPCIÓN", "n_per": 1406.0, "n_hombres": 696.0, "n_mujeres": 710.0, "n_edad_60_mas": 233.0, "n_asistencia_basica": 115.0, "n_asistencia_media": 62.0, "n_asistencia_superior": 153.0, "n_transporte_auto": 184.0, "n_transporte_publico": 239.0, "n_transporte_camina": 39.0, "n_transporte_bicicleta": 10.0 }, "geometry": { "type": "Polygon", "coordinates": [ [ [ -73.032786936999969, -36.807797808999965 ], [ -73.036393807999957, -36.806096312999955 ], [ -73.028565794999963, -36.798294194999983 ], [ -73.02827020999996, -36.799220473999981 ], [ -73.027691255999969, -36.800202054999943 ], [ -73.027845856999988, -36.800777588999949 ], [ -73.027666399999987, -36.801751991999936 ], [ -73.029126130999941, -36.802113486999929 ], [ -73.032210132999978, -36.807189437999966 ], [ -73.032786936999969, -36.807797808999965 ] ] ] } },
{ "type": "Feature", "properties": { "CUT": 8101, "COMUNA": "CONCEPCIÓN", "AREA_C": "URBANO", "DISTRITO": "LO MÉNDEZ", "LOCALIDAD": "GRAN CONCEPCIÓN", "n_per": 2703.0, "n_hombres": 1270.0, "n_mujeres": 1433.0, "n_edad_60_mas": 562.0, "n_asistencia_basica": 221.0, "n_asistencia_media": 126.0, "n_asistencia_superior": 189.0, "n_transporte_auto": 275.0, "n_transporte_publico": 533.0, "n_transporte_camina": 83.0, "n_transporte_bicicleta": 32.0 }, "geometry": { "type": "Polygon", "coordinates": [ [ [ -73.044312810999941, -36.799622959999965 ], [ -73.043444059999956, -36.80044965999997 ], [ -73.044668114999979, -36.800991093999983 ], [ -73.044638213999974, -36.802166829999976 ], [ -73.047890506999977, -36.802256328999931 ], [ -73.04884560499994, -36.80271365599998 ], [ -73.049494206999952, -36.802219556999944 ], [ -73.050491789999967, -36.802880366999943 ], [ -73.05472605999995, -36.804123819999973 ], [ -73.056920867999963, -36.800692070999958 ], [ -73.058297940999978, -36.799456890999977 ], [ -73.056977848999963, -36.799638122999966 ], [ -73.053470611999956, -36.799263757999938 ], [ -73.046724204999975, -36.798957342999984 ], [ -73.045397282999943, -36.799119316999963 ], [ -73.044312810999941, -36.799622959999965 ] ] ] } },
{ "type": "Feature", "properties": { "CUT": 8101, "COMUNA": "CONCEPCIÓN", "AREA_C": "URBANO", "DISTRITO": "LA TOMA", "LOCALIDAD": "GRAN CONCEPCIÓN", "n_per": 2949.0, "n_hombres": 1444.0, "n_mujeres": 1505.0, "n_edad_60_mas": 803.0, "n_asistencia_basica": 228.0, "n_asistencia_media": 123.0, "n_asistencia_superior": 148.0, "n_transporte_auto": 327.0, "n_transporte_publico": 538.0, "n_transporte_camina": 78.0, "n_transporte_bicicleta": 35.0 }, "geometry": { "type": "Polygon", "coordinates": [ [ [ -73.03842534599994, -36.798846760999936 ], [ -73.036891275999949, -36.801399223999965 ], [ -73.035602033999965, -36.800918254999942 ], [ -73.034508177999953, -36.800823562999938 ], [ -73.031527938999943, -36.799676689999956 ], [ -73.030917259999967, -36.80063096899994 ], [ -73.036465418999967, -36.806168614999933 ], [ -73.038656829999979, -36.804930000999946 ], [ -73.041981219999968, -36.802069900999982 ], [ -73.041348625999944, -36.801479048999965 ], [ -73.041375271999982, -36.800900838999951 ], [ -73.040116903999944, -36.799510090999945 ], [ -73.03842534599994, -36.798846760999936 ] ] ] } },
{ "type": "Feature", "properties": { "CUT": 8101, "COMUNA": "CONCEPCIÓN", "AREA_C": "URBANO", "DISTRITO": "LO MÉNDEZ", "LOCALIDAD": "GRAN CONCEPCIÓN", "n_per": 1827.0, "n_hombres": 852.0, "n_mujeres": 975.0, "n_edad_60_mas": 511.0, "n_asistencia_basica": 146.0, "n_asistencia_media": 75.0, "n_asistencia_superior": 86.0, "n_transporte_auto": 234.0, "n_transporte_publico": 382.0, "n_transporte_camina": 63.0, "n_transporte_bicicleta": 24.0 }, "geometry": { "type": "Polygon", "coordinates": [ [ [ -73.045168400999955, -36.806082784999944 ], [ -73.044636738999941, -36.802748158999975 ], [ -73.044688090999955, -36.801031981999984 ], [ -73.043444059999956, -36.80044965999997 ], [ -73.041849406999972, -36.802197541999931 ], [ -73.038625460999981, -36.804952850999939 ], [ -73.038983248999955, -36.805205782999963 ], [ -73.044301489999953, -36.805820662999963 ], [ -73.045168400999955, -36.806082784999944 ] ] ] } },
{ "type": "Feature", "properties": { "CUT": 8101, "COMUNA": "CONCEPCIÓN", "AREA_C": "URBANO", "DISTRITO": "ANDALIÉN", "LOCALIDAD": "GRAN CONCEPCIÓN", "n_per": 4133.0, "n_hombres": 1945.0, "n_mujeres": 2188.0, "n_edad_60_mas": 964.0, "n_asistencia_basica": 323.0, "n_asistencia_media": 157.0, "n_asistencia_superior": 282.0, "n_transporte_auto": 492.0, "n_transporte_publico": 760.0, "n_transporte_camina": 151.0, "n_transporte_bicicleta": 88.0 }, "geometry": { "type": "Polygon", "coordinates": [ [ [ -73.025662050999983, -36.809017052999934 ], [ -73.028930221999985, -36.812702738999974 ], [ -73.034289496999975, -36.809513193999976 ], [ -73.032210132999978, -36.807189437999966 ], [ -73.029126130999941, -36.802113486999929 ], [ -73.027666399999987, -36.801751991999936 ], [ -73.027017895999961, -36.804011454999966 ], [ -73.026296557999956, -36.805725861999974 ], [ -73.026360760999978, -36.807081566999955 ], [ -73.025960994999934, -36.807616892999931 ], [ -73.025929774999952, -36.808135984999979 ], [ -73.025667787999964, -36.808746965999944 ], [ -73.025662050999983, -36.809017052999934 ] ] ] } },
{ "type": "Feature", "properties": { "CUT": 8101, "COMUNA": "CONCEPCIÓN", "AREA_C": "URBANO", "DISTRITO": "LO MÉNDEZ", "LOCALIDAD": "GRAN CONCEPCIÓN", "n_per": 1478.0, "n_hombres": 689.0, "n_mujeres": 789.0, "n_edad_60_mas": 449.0, "n_asistencia_basica": 115.0, "n_asistencia_media": 51.0, "n_asistencia_superior": 71.0, "n_transporte_auto": 155.0, "n_transporte_publico": 314.0, "n_transporte_camina": 83.0, "n_transporte_bicicleta": 19.0 }, "geometry": { "type": "Polygon", "coordinates": [ [ [ -73.044638455999973, -36.802184859999954 ], [ -73.044798583999977, -36.803931553999973 ], [ -73.048138557999948, -36.804847200999973 ], [ -73.053813157999969, -36.807216074999928 ], [ -73.054361204999964, -36.804672963999963 ], [ -73.05472605999995, -36.804123819999973 ], [ -73.050491789999967, -36.802880366999943 ], [ -73.049494206999952, -36.802219556999944 ], [ -73.04884560499994, -36.80271365599998 ], [ -73.047890506999977, -36.802256328999931 ], [ -73.044638455999973, -36.802184859999954 ] ] ] } },
{ "type": "Feature", "properties": { "CUT": 8101, "COMUNA": "CONCEPCIÓN", "AREA_C": "URBANO", "DISTRITO": "PAJONAL", "LOCALIDAD": "GRAN CONCEPCIÓN", "n_per": 2584.0, "n_hombres": 1224.0, "n_mujeres": 1360.0, "n_edad_60_mas": 465.0, "n_asistencia_basica": 269.0, "n_asistencia_media": 92.0, "n_asistencia_superior": 131.0, "n_transporte_auto": 309.0, "n_transporte_publico": 449.0, "n_transporte_camina": 137.0, "n_transporte_bicicleta": 48.0 }, "geometry": { "type": "Polygon", "coordinates": [ [ [ -73.052852808999944, -36.809167159999959 ], [ -73.052591087999986, -36.809150532999979 ], [ -73.051949346999947, -36.810186956999985 ], [ -73.057117819999974, -36.812421197999981 ], [ -73.058897748999982, -36.809714754999959 ], [ -73.059357989999967, -36.809771841999975 ], [ -73.05939049899996, -36.808983712999975 ], [ -73.059946482999976, -36.807884157999979 ], [ -73.061021721999964, -36.807000374999973 ], [ -73.05472605999995, -36.804123819999973 ], [ -73.054361204999964, -36.804672963999963 ], [ -73.053698458999975, -36.807725170999959 ], [ -73.052852808999944, -36.809167159999959 ] ] ] } },
{ "type": "Feature", "properties": { "CUT": 8101, "COMUNA": "CONCEPCIÓN", "AREA_C": "URBANO", "DISTRITO": "LAGUNA REDONDA", "LOCALIDAD": "GRAN CONCEPCIÓN", "n_per": 3059.0, "n_hombres": 1387.0, "n_mujeres": 1672.0, "n_edad_60_mas": 1012.0, "n_asistencia_basica": 230.0, "n_asistencia_media": 108.0, "n_asistencia_superior": 157.0, "n_transporte_auto": 305.0, "n_transporte_publico": 523.0, "n_transporte_camina": 94.0, "n_transporte_bicicleta": 27.0 }, "geometry": { "type": "Polygon", "coordinates": [ [ [ -73.066300628999954, -36.819050220999941 ], [ -73.06684316999997, -36.818285062999962 ], [ -73.06739053299998, -36.814996561999976 ], [ -73.067752809999945, -36.814460632999953 ], [ -73.06966622799996, -36.812627788999976 ], [ -73.076368976999959, -36.809193630999971 ], [ -73.078069310999979, -36.807735878999949 ], [ -73.079206921999969, -36.806476409999959 ], [ -73.076557894999951, -36.804691136999963 ], [ -73.068372242999942, -36.809917019999943 ], [ -73.067558111999972, -36.810571139999979 ], [ -73.066913020999948, -36.811405915999956 ], [ -73.066413189999935, -36.812785467999959 ], [ -73.066512092999972, -36.817688031999978 ], [ -73.066300628999954, -36.819050220999941 ] ] ] } },
{ "type": "Feature", "properties": { "CUT": 8101, "COMUNA": "CONCEPCIÓN", "AREA_C": "URBANO", "DISTRITO": "LO MÉNDEZ", "LOCALIDAD": "GRAN CONCEPCIÓN", "n_per": 1874.0, "n_hombres": 901.0, "n_mujeres": 973.0, "n_edad_60_mas": 451.0, "n_asistencia_basica": 150.0, "n_asistencia_media": 73.0, "n_asistencia_superior": 101.0, "n_transporte_auto": 194.0, "n_transporte_publico": 376.0, "n_transporte_camina": 121.0, "n_transporte_bicicleta": 35.0 }, "geometry": { "type": "Polygon", "coordinates": [ [ [ -73.039191336999977, -36.80869039199996 ], [ -73.040893955999934, -36.809388252999952 ], [ -73.041144864999978, -36.809008946999938 ], [ -73.042869073999952, -36.809582645999967 ], [ -73.04291128999995, -36.809245344999965 ], [ -73.041732044999947, -36.806585050999956 ], [ -73.041548581999962, -36.805509453999946 ], [ -73.038983248999955, -36.805205782999963 ], [ -73.038625460999981, -36.804952850999939 ], [ -73.036465418999967, -36.806168614999933 ], [ -73.039191336999977, -36.80869039199996 ] ] ] } },
{ "type": "Feature", "properties": { "CUT": 8101, "COMUNA": "CONCEPCIÓN", "AREA_C": "URBANO", "DISTRITO": "LO MÉNDEZ", "LOCALIDAD": "GRAN CONCEPCIÓN", "n_per": 1975.0, "n_hombres": 936.0, "n_mujeres": 1039.0, "n_edad_60_mas": 569.0, "n_asistencia_basica": 141.0, "n_asistencia_media": 70.0, "n_asistencia_superior": 117.0, "n_transporte_auto": 179.0, "n_transporte_publico": 377.0, "n_transporte_camina": 89.0, "n_transporte_bicicleta": 26.0 }, "geometry": { "type": "Polygon", "coordinates": [ [ [ -73.042869187999941, -36.809582363999937 ], [ -73.041144864999978, -36.809008946999938 ], [ -73.040893955999934, -36.809388252999952 ], [ -73.039600782999969, -36.808926949999943 ], [ -73.041080996999938, -36.809568787999979 ], [ -73.046232209999971, -36.810998368999947 ], [ -73.046350971999971, -36.810766570999931 ], [ -73.04586368799994, -36.810285367999938 ], [ -73.046207361999961, -36.809470811999972 ], [ -73.045732612999984, -36.808827576999931 ], [ -73.045587547999958, -36.808361010999931 ], [ -73.045193380999933, -36.806092208999985 ], [ -73.044301489999953, -36.805820662999963 ], [ -73.041548581999962, -36.805509453999946 ], [ -73.041732044999947, -36.806585050999956 ], [ -73.04291128999995, -36.809245344999965 ], [ -73.042869187999941, -36.809582363999937 ] ] ] } },
{ "type": "Feature", "properties": { "CUT": 8101, "COMUNA": "CONCEPCIÓN", "AREA_C": "URBANO", "DISTRITO": "CEMENTERIO", "LOCALIDAD": "GRAN CONCEPCIÓN", "n_per": 2065.0, "n_hombres": 978.0, "n_mujeres": 1087.0, "n_edad_60_mas": 572.0, "n_asistencia_basica": 139.0, "n_asistencia_media": 66.0, "n_asistencia_superior": 130.0, "n_transporte_auto": 308.0, "n_transporte_publico": 382.0, "n_transporte_camina": 67.0, "n_transporte_bicicleta": 33.0 }, "geometry": { "type": "Polygon", "coordinates": [ [ [ -73.078934967999942, -36.816417127999955 ], [ -73.079713604999938, -36.817138039999975 ], [ -73.079172232999952, -36.81757022599993 ], [ -73.078909196999973, -36.818122747999951 ], [ -73.079313524999975, -36.818465785999933 ], [ -73.079763126999978, -36.818249746999982 ], [ -73.079836531999945, -36.817950159999953 ], [ -73.080156236999983, -36.817704123999931 ], [ -73.083205198999963, -36.816753935999941 ], [ -73.084289095999964, -36.816134620999946 ], [ -73.082541253999977, -36.814277838999942 ], [ -73.081977320999954, -36.813464063999959 ], [ -73.081460308999965, -36.811776381999948 ], [ -73.081389220999938, -36.809682521999946 ], [ -73.081163283999956, -36.808753584999977 ], [ -73.080491728999959, -36.807599058999983 ], [ -73.079206921999969, -36.806476409999959 ], [ -73.077764327999944, -36.808018103999984 ], [ -73.075761898999986, -36.809551989999932 ], [ -73.078326964999974, -36.812180077999983 ], [ -73.077679451999984, -36.812746457999936 ], [ -73.080915488999949, -36.814601397999979 ], [ -73.078934967999942, -36.816417127999955 ] ] ] } },
{ "type": "Feature", "properties": { "CUT": 8101, "COMUNA": "CONCEPCIÓN", "AREA_C": "URBANO", "DISTRITO": "PAJONAL", "LOCALIDAD": "GRAN CONCEPCIÓN", "n_per": 2642.0, "n_hombres": 1255.0, "n_mujeres": 1387.0, "n_edad_60_mas": 836.0, "n_asistencia_basica": 212.0, "n_asistencia_media": 113.0, "n_asistencia_superior": 151.0, "n_transporte_auto": 313.0, "n_transporte_publico": 441.0, "n_transporte_camina": 79.0, "n_transporte_bicicleta": 33.0 }, "geometry": { "type": "Polygon", "coordinates": [ [ [ -73.062024538999935, -36.80662710699994 ], [ -73.060643742999957, -36.807237566999959 ], [ -73.059946482999976, -36.807884157999979 ], [ -73.059611295999957, -36.808423988999948 ], [ -73.061626965999949, -36.808948803999954 ], [ -73.062128196999936, -36.808766987999945 ], [ -73.062676937999981, -36.809204060999946 ], [ -73.064889493999942, -36.809393321999949 ], [ -73.065204196999957, -36.809610255999985 ], [ -73.065278026999977, -36.810017053999957 ], [ -73.065051448999952, -36.810446002999981 ], [ -73.064502629999936, -36.81073450599996 ], [ -73.064671185999941, -36.811079752999945 ], [ -73.065539678999983, -36.811089382999967 ], [ -73.065714248999939, -36.811195875999942 ], [ -73.065912044999948, -36.811771435999958 ], [ -73.066645070999982, -36.811966564999977 ], [ -73.067146597999965, -36.811055401999965 ], [ -73.068043100999944, -36.810146291999956 ], [ -73.07122478499997, -36.808104355999944 ], [ -73.070136141999967, -36.806998 ], [ -73.069916995999961, -36.807127095999931 ], [ -73.069344536999949, -36.806545458999949 ], [ -73.064937808999957, -36.806636838999964 ], [ -73.062826816999973, -36.806511324999974 ], [ -73.062024538999935, -36.80662710699994 ] ] ] } },
{ "type": "Feature", "properties": { "CUT": 8101, "COMUNA": "CONCEPCIÓN", "AREA_C": "URBANO", "DISTRITO": "LA PÓLVORA", "LOCALIDAD": "GRAN CONCEPCIÓN", "n_per": 3274.0, "n_hombres": 1592.0, "n_mujeres": 1682.0, "n_edad_60_mas": 801.0, "n_asistencia_basica": 271.0, "n_asistencia_media": 122.0, "n_asistencia_superior": 221.0, "n_transporte_auto": 291.0, "n_transporte_publico": 652.0, "n_transporte_camina": 190.0, "n_transporte_bicicleta": 57.0 }, "geometry": { "type": "Polygon", "coordinates": [ [ [ -73.032787481999947, -36.807798349999985 ], [ -73.038175400999933, -36.81366487799994 ], [ -73.039874439999949, -36.814431988999957 ], [ -73.041966471999956, -36.811117475999936 ], [ -73.040265449999936, -36.810334277999971 ], [ -73.040382332999968, -36.810074272999941 ], [ -73.039027432999944, -36.80948779199997 ], [ -73.038346932999957, -36.809021720999965 ], [ -73.038827028999947, -36.808565468999973 ], [ -73.039530424999953, -36.809006691999969 ], [ -73.039600782999969, -36.808926949999943 ], [ -73.03816304299994, -36.807863678999979 ], [ -73.036393807999957, -36.806096312999955 ], [ -73.032787481999947, -36.807798349999985 ] ] ] } },
{ "type": "Feature", "properties": { "CUT": 8101, "COMUNA": "CONCEPCIÓN", "AREA_C": "URBANO", "DISTRITO": "PAJONAL", "LOCALIDAD": "GRAN CONCEPCIÓN", "n_per": 4154.0, "n_hombres": 1889.0, "n_mujeres": 2265.0, "n_edad_60_mas": 820.0, "n_asistencia_basica": 333.0, "n_asistencia_media": 161.0, "n_asistencia_superior": 283.0, "n_transporte_auto": 629.0, "n_transporte_publico": 922.0, "n_transporte_camina": 153.0, "n_transporte_bicicleta": 97.0 }, "geometry": { "type": "Polygon", "coordinates": [ [ [ -73.059611295999957, -36.808423988999948 ], [ -73.059357989999967, -36.809771841999975 ], [ -73.058897748999982, -36.809714754999959 ], [ -73.057117819999974, -36.812421197999981 ], [ -73.061761093999962, -36.815295607999929 ], [ -73.062973803999967, -36.815076523999949 ], [ -73.066100098999982, -36.813207602999967 ], [ -73.066436966999959, -36.811923376999971 ], [ -73.065912044999948, -36.811771435999958 ], [ -73.065628884999967, -36.811135900999943 ], [ -73.064749546999963, -36.811139615999934 ], [ -73.064502629999936, -36.81073450599996 ], [ -73.065051448999952, -36.810446002999981 ], [ -73.06525406999998, -36.810133836999967 ], [ -73.065261473999954, -36.809728360999941 ], [ -73.065068260999965, -36.80949988499998 ], [ -73.064264396999988, -36.809261465999953 ], [ -73.062676937999981, -36.809204060999946 ], [ -73.062128196999936, -36.808766987999945 ], [ -73.061626965999949, -36.808948803999954 ], [ -73.059611295999957, -36.808423988999948 ] ] ] } },
{ "type": "Feature", "properties": { "CUT": 8101, "COMUNA": "CONCEPCIÓN", "AREA_C": "URBANO", "DISTRITO": "LARENAS", "LOCALIDAD": "GRAN CONCEPCIÓN", "n_per": 4163.0, "n_hombres": 2026.0, "n_mujeres": 2137.0, "n_edad_60_mas": 485.0, "n_asistencia_basica": 485.0, "n_asistencia_media": 202.0, "n_asistencia_superior": 223.0, "n_transporte_auto": 965.0, "n_transporte_publico": 634.0, "n_transporte_camina": 52.0, "n_transporte_bicicleta": 20.0 }, "geometry": { "type": "Polygon", "coordinates": [ [ [ -72.986278783999978, -36.808462569999961 ], [ -72.982567924999955, -36.810052208999934 ], [ -72.981566022999971, -36.810727589999942 ], [ -72.980753393999976, -36.811707215999945 ], [ -72.98044688899995, -36.811764199999971 ], [ -72.979525799999976, -36.813073566999947 ], [ -72.979230156999961, -36.813580900999966 ], [ -72.979216196999971, -36.814111288999982 ], [ -72.981780682999954, -36.814427705999947 ], [ -72.983641147999947, -36.815074537999976 ], [ -72.98461985199998, -36.815810891999945 ], [ -72.988504595999984, -36.819914573999938 ], [ -72.990816136999968, -36.820850474999929 ], [ -72.992499382999938, -36.821780227999966 ], [ -72.993734181999969, -36.82217512099993 ], [ -72.992245550999939, -36.82889180199993 ], [ -72.991191165999965, -36.830639634999955 ], [ -72.994326674999968, -36.831775282999956 ], [ -72.994347355999935, -36.832471104999968 ], [ -72.994924105999985, -36.833382990999951 ], [ -72.995823755999936, -36.831936925999969 ], [ -72.996060828999987, -36.831112981999979 ], [ -72.997940774999961, -36.829853124999943 ], [ -72.999045404999947, -36.828295182999966 ], [ -72.999441738999963, -36.827496810999946 ], [ -72.999507459999961, -36.826575470999956 ], [ -72.999855740999976, -36.826019478999967 ], [ -73.000074580999978, -36.825226502999953 ], [ -72.999346349999939, -36.824350500999969 ], [ -72.998706024999933, -36.822503214999983 ], [ -72.998101977999966, -36.822063389999983 ], [ -72.996535900999959, -36.821590004999962 ], [ -72.996481650999954, -36.821291364999979 ], [ -72.995933346999948, -36.821332836999943 ], [ -72.995743684999979, -36.821070299999974 ], [ -72.995948328999987, -36.820716749999974 ], [ -72.994928111999968, -36.820456793999938 ], [ -73.001001483999971, -36.815234540999938 ], [ -72.998886415999948, -36.814450301999955 ], [ -72.996325006999939, -36.812466830999938 ], [ -72.996050245999982, -36.811952911999981 ], [ -72.996027743999946, -36.810530617999973 ], [ -72.995436229999939, -36.809653714999968 ], [ -72.994964208999988, -36.809393043999933 ], [ -72.994165775999988, -36.809187197999961 ], [ -72.99087149099995, -36.807709753999973 ], [ -72.989764032999972, -36.807445069999972 ], [ -72.988571394999951, -36.807912644999931 ], [ -72.986278783999978, -36.808462569999961 ] ] ] } },
{ "type": "Feature", "properties": { "CUT": 8101, "COMUNA": "CONCEPCIÓN", "AREA_C": "URBANO", "DISTRITO": "CEMENTERIO", "LOCALIDAD": "GRAN CONCEPCIÓN", "n_per": 1303.0, "n_hombres": 612.0, "n_mujeres": 691.0, "n_edad_60_mas": 447.0, "n_asistencia_basica": 81.0, "n_asistencia_media": 39.0, "n_asistencia_superior": 73.0, "n_transporte_auto": 123.0, "n_transporte_publico": 201.0, "n_transporte_camina": 44.0, "n_transporte_bicicleta": 5.0 }, "geometry": { "type": "Polygon", "coordinates": [ [ [ -73.075761898999986, -36.809551989999932 ], [ -73.070054540999934, -36.812411452999982 ], [ -73.070066165999947, -36.81254198299996 ], [ -73.071472893999953, -36.811902312999962 ], [ -73.074998366999978, -36.814790137999978 ], [ -73.078335867999954, -36.812216273999979 ], [ -73.075761898999986, -36.809551989999932 ] ] ] } },
{ "type": "Feature", "properties": { "CUT": 8101, "COMUNA": "CONCEPCIÓN", "AREA_C": "URBANO", "DISTRITO": "PUCHACAY", "LOCALIDAD": "GRAN CONCEPCIÓN", "n_per": 2017.0, "n_hombres": 1083.0, "n_mujeres": 934.0, "n_edad_60_mas": 491.0, "n_asistencia_basica": 93.0, "n_asistencia_media": 44.0, "n_asistencia_superior": 185.0, "n_transporte_auto": 245.0, "n_transporte_publico": 288.0, "n_transporte_camina": 77.0, "n_transporte_bicicleta": 21.0 }, "geometry": { "type": "Polygon", "coordinates": [ [ [ -73.015989693999984, -36.819942158999936 ], [ -73.017502407999984, -36.819450864999965 ], [ -73.030666338999936, -36.814547969999978 ], [ -73.025662050999983, -36.809017052999934 ], [ -73.025649219999934, -36.809661095999957 ], [ -73.025431624999953, -36.810165432999952 ], [ -73.025023952999959, -36.810795387999974 ], [ -73.023954751999952, -36.81177682799995 ], [ -73.020822968999937, -36.813685933999977 ], [ -73.017918044999988, -36.814981928999941 ], [ -73.016386267999962, -36.815921715999934 ], [ -73.015842889999988, -36.816629722999949 ], [ -73.015939721999985, -36.817052671999932 ], [ -73.015500752999969, -36.818741385999942 ], [ -73.015509661999943, -36.819035182999983 ], [ -73.015989693999984, -36.819942158999936 ] ] ] } },
{ "type": "Feature", "properties": { "CUT": 8101, "COMUNA": "CONCEPCIÓN", "AREA_C": "URBANO", "DISTRITO": "ESTACIÓN TUCAPEL", "LOCALIDAD": "GRAN CONCEPCIÓN", "n_per": 3295.0, "n_hombres": 1598.0, "n_mujeres": 1697.0, "n_edad_60_mas": 575.0, "n_asistencia_basica": 144.0, "n_asistencia_media": 69.0, "n_asistencia_superior": 682.0, "n_transporte_auto": 291.0, "n_transporte_publico": 559.0, "n_transporte_camina": 196.0, "n_transporte_bicicleta": 61.0 }, "geometry": { "type": "Polygon", "coordinates": [ [ [ -73.051862105999987, -36.818157691999943 ], [ -73.055927880999946, -36.811851935999982 ], [ -73.050823543999968, -36.809717952999961 ], [ -73.046809613999983, -36.816011928999956 ], [ -73.051862105999987, -36.818157691999943 ] ] ] } },
{ "type": "Feature", "properties": { "CUT": 8101, "COMUNA": "CONCEPCIÓN", "AREA_C": "URBANO", "DISTRITO": "POBLACIÓN BAQUEDANO", "LOCALIDAD": "GRAN CONCEPCIÓN", "n_per": 1362.0, "n_hombres": 648.0, "n_mujeres": 714.0, "n_edad_60_mas": 436.0, "n_asistencia_basica": 65.0, "n_asistencia_media": 32.0, "n_asistencia_superior": 112.0, "n_transporte_auto": 109.0, "n_transporte_publico": 219.0, "n_transporte_camina": 53.0, "n_transporte_bicicleta": 28.0 }, "geometry": { "type": "Polygon", "coordinates": [ [ [ -73.034289496999975, -36.809513193999976 ], [ -73.028930221999985, -36.812702738999974 ], [ -73.030666338999936, -36.814547969999978 ], [ -73.033860811999944, -36.813426849999985 ], [ -73.036408297999969, -36.811778979999929 ], [ -73.034289496999975, -36.809513193999976 ] ] ] } },
{ "type": "Feature", "properties": { "CUT": 8101, "COMUNA": "CONCEPCIÓN", "AREA_C": "URBANO", "DISTRITO": "CEMENTERIO", "LOCALIDAD": "GRAN CONCEPCIÓN", "n_per": 2567.0, "n_hombres": 1209.0, "n_mujeres": 1358.0, "n_edad_60_mas": 574.0, "n_asistencia_basica": 160.0, "n_asistencia_media": 96.0, "n_asistencia_superior": 175.0, "n_transporte_auto": 290.0, "n_transporte_publico": 560.0, "n_transporte_camina": 100.0, "n_transporte_bicicleta": 38.0 }, "geometry": { "type": "Polygon", "coordinates": [ [ [ -73.071472893999953, -36.811902312999962 ], [ -73.070070414999975, -36.812545496999974 ], [ -73.070054540999934, -36.812411452999982 ], [ -73.06950348099997, -36.812755200999959 ], [ -73.067752809999945, -36.814460632999953 ], [ -73.06739053299998, -36.814996561999976 ], [ -73.06684316999997, -36.818285062999962 ], [ -73.066455436999945, -36.818871376999937 ], [ -73.066942989999973, -36.818288547999941 ], [ -73.070147091999957, -36.818442472999948 ], [ -73.074998366999978, -36.814790137999978 ], [ -73.071472893999953, -36.811902312999962 ] ] ] } },
{ "type": "Feature", "properties": { "CUT": 8101, "COMUNA": "CONCEPCIÓN", "AREA_C": "URBANO", "DISTRITO": "PLAZA CRUZ", "LOCALIDAD": "GRAN CONCEPCIÓN", "n_per": 1744.0, "n_hombres": 824.0, "n_mujeres": 920.0, "n_edad_60_mas": 452.0, "n_asistencia_basica": 86.0, "n_asistencia_media": 44.0, "n_asistencia_superior": 175.0, "n_transporte_auto": 195.0, "n_transporte_publico": 347.0, "n_transporte_camina": 127.0, "n_transporte_bicicleta": 45.0 }, "geometry": { "type": "Polygon", "coordinates": [ [ [ -73.063242177999939, -36.82288717199998 ], [ -73.064668200999961, -36.82099720399998 ], [ -73.064341513999977, -36.820524775999957 ], [ -73.062129290999962, -36.819587406999972 ], [ -73.062804439999979, -36.818404156999975 ], [ -73.061645158999966, -36.815253157999962 ], [ -73.060547872999962, -36.814590812999938 ], [ -73.056927677999965, -36.820246084999951 ], [ -73.063242177999939, -36.82288717199998 ] ] ] } },
{ "type": "Feature", "properties": { "CUT": 8101, "COMUNA": "CONCEPCIÓN", "AREA_C": "URBANO", "DISTRITO": "MANUEL RODRÍGUEZ", "LOCALIDAD": "GRAN CONCEPCIÓN", "n_per": 3683.0, "n_hombres": 1793.0, "n_mujeres": 1890.0, "n_edad_60_mas": 600.0, "n_asistencia_basica": 243.0, "n_asistencia_media": 94.0, "n_asistencia_superior": 449.0, "n_transporte_auto": 455.0, "n_transporte_publico": 651.0, "n_transporte_camina": 328.0, "n_transporte_bicicleta": 73.0 }, "geometry": { "type": "Polygon", "coordinates": [ [ [ -73.056927618999964, -36.820246059999931 ], [ -73.060547872999962, -36.814590812999938 ], [ -73.057128210999963, -36.812425873999985 ], [ -73.055927880999946, -36.811851935999982 ], [ -73.051862195999945, -36.818157730999928 ], [ -73.056927618999964, -36.820246059999931 ] ] ] } },
{ "type": "Feature", "properties": { "CUT": 8101, "COMUNA": "CONCEPCIÓN", "AREA_C": "URBANO", "DISTRITO": "POBLACIÓN BAQUEDANO", "LOCALIDAD": "GRAN CONCEPCIÓN", "n_per": 3634.0, "n_hombres": 1703.0, "n_mujeres": 1931.0, "n_edad_60_mas": 643.0, "n_asistencia_basica": 190.0, "n_asistencia_media": 88.0, "n_asistencia_superior": 467.0, "n_transporte_auto": 412.0, "n_transporte_publico": 754.0, "n_transporte_camina": 268.0, "n_transporte_bicicleta": 75.0 }, "geometry": { "type": "Polygon", "coordinates": [ [ [ -73.032477825999933, -36.816490987999941 ], [ -73.036001513999963, -36.817964331999974 ], [ -73.038609682999947, -36.813888360999954 ], [ -73.038175400999933, -36.81366487799994 ], [ -73.036408297999969, -36.811778979999929 ], [ -73.033860811999944, -36.813426849999985 ], [ -73.030666338999936, -36.814547969999978 ], [ -73.032477825999933, -36.816490987999941 ] ] ] } },
{ "type": "Feature", "properties": { "CUT": 8101, "COMUNA": "CONCEPCIÓN", "AREA_C": "URBANO", "DISTRITO": "CEMENTERIO", "LOCALIDAD": "GRAN CONCEPCIÓN", "n_per": 2808.0, "n_hombres": 1324.0, "n_mujeres": 1484.0, "n_edad_60_mas": 771.0, "n_asistencia_basica": 213.0, "n_asistencia_media": 96.0, "n_asistencia_superior": 137.0, "n_transporte_auto": 252.0, "n_transporte_publico": 549.0, "n_transporte_camina": 121.0, "n_transporte_bicicleta": 44.0 }, "geometry": { "type": "Polygon", "coordinates": [ [ [ -73.078908472999956, -36.818122133999964 ], [ -73.079172232999952, -36.81757022599993 ], [ -73.079713604999938, -36.817138039999975 ], [ -73.078934967999942, -36.816417127999955 ], [ -73.080915488999949, -36.814601397999979 ], [ -73.077679451999984, -36.812746457999936 ], [ -73.075007333999963, -36.814783353999928 ], [ -73.078908472999956, -36.818122133999964 ] ] ] } },
{ "type": "Feature", "properties": { "CUT": 8101, "COMUNA": "CONCEPCIÓN", "AREA_C": "URBANO", "DISTRITO": "PLAZA CONDELL", "LOCALIDAD": "GRAN CONCEPCIÓN", "n_per": 4519.0, "n_hombres": 2070.0, "n_mujeres": 2449.0, "n_edad_60_mas": 731.0, "n_asistencia_basica": 167.0, "n_asistencia_media": 86.0, "n_asistencia_superior": 1020.0, "n_transporte_auto": 448.0, "n_transporte_publico": 679.0, "n_transporte_camina": 391.0, "n_transporte_bicicleta": 80.0 }, "geometry": { "type": "Polygon", "coordinates": [ [ [ -73.042334426999957, -36.820587990999968 ], [ -73.044873141999972, -36.81650622899997 ], [ -73.038609682999947, -36.813888360999954 ], [ -73.036001513999963, -36.817964331999974 ], [ -73.042334426999957, -36.820587990999968 ] ] ] } },
{ "type": "Feature", "properties": { "CUT": 8101, "COMUNA": "CONCEPCIÓN", "AREA_C": "URBANO", "DISTRITO": "CEMENTERIO", "LOCALIDAD": "GRAN CONCEPCIÓN", "n_per": 607.0, "n_hombres": 297.0, "n_mujeres": 310.0, "n_edad_60_mas": 133.0, "n_asistencia_basica": 57.0, "n_asistencia_media": 26.0, "n_asistencia_superior": 29.0, "n_transporte_auto": 56.0, "n_transporte_publico": 123.0, "n_transporte_camina": 38.0, "n_transporte_bicicleta": 5.0 }, "geometry": { "type": "Polygon", "coordinates": [ [ [ -73.075007333999963, -36.814783353999928 ], [ -73.070147091999957, -36.818442472999948 ], [ -73.066942989999973, -36.818288547999941 ], [ -73.064312128999973, -36.82143683399994 ], [ -73.063300329999947, -36.822910047999983 ], [ -73.063851480999972, -36.823126856999977 ], [ -73.063402994999933, -36.824317581999935 ], [ -73.063320915999952, -36.825460924999959 ], [ -73.063595258999953, -36.825571585999967 ], [ -73.063769563999983, -36.824354919999962 ], [ -73.064425617999973, -36.823497629999963 ], [ -73.065381424999941, -36.82299276599997 ], [ -73.066887109999982, -36.822680167999977 ], [ -73.068456570999956, -36.822788410999976 ], [ -73.071925009999973, -36.823648538999976 ], [ -73.074216190999948, -36.824442240999929 ], [ -73.074730324999962, -36.824907524999958 ], [ -73.075358356999971, -36.824324108999974 ], [ -73.075779931999989, -36.823333888999969 ], [ -73.076147886999934, -36.823127942999974 ], [ -73.076191191999953, -36.822719351999979 ], [ -73.076584432999937, -36.822358515999952 ], [ -73.077095855999971, -36.821123410999974 ], [ -73.079313524999975, -36.818465785999933 ], [ -73.075007333999963, -36.814783353999928 ] ] ] } },
{ "type": "Feature", "properties": { "CUT": 8101, "COMUNA": "CONCEPCIÓN", "AREA_C": "URBANO", "DISTRITO": "LARENAS", "LOCALIDAD": "GRAN CONCEPCIÓN", "n_per": 3881.0, "n_hombres": 1854.0, "n_mujeres": 2027.0, "n_edad_60_mas": 605.0, "n_asistencia_basica": 503.0, "n_asistencia_media": 201.0, "n_asistencia_superior": 331.0, "n_transporte_auto": 919.0, "n_transporte_publico": 442.0, "n_transporte_camina": 70.0, "n_transporte_bicicleta": 22.0 }, "geometry": { "type": "Polygon", "coordinates": [ [ [ -73.008388519999983, -36.81381868099993 ], [ -73.004695237999954, -36.815323131999946 ], [ -73.001001483999971, -36.815234540999938 ], [ -72.994928111999968, -36.820456793999938 ], [ -72.995948328999987, -36.820716749999974 ], [ -72.995743684999979, -36.821070299999974 ], [ -72.995820555999956, -36.821250450999969 ], [ -72.99614343099995, -36.821381092999957 ], [ -72.996481650999954, -36.821291364999979 ], [ -72.996535900999959, -36.821590004999962 ], [ -72.997853116999977, -36.822012623999967 ], [ -72.999890168999968, -36.822309205999943 ], [ -73.008682019999981, -36.821595594999962 ], [ -73.013737522999975, -36.820334332999948 ], [ -73.016009880999945, -36.819972716999985 ], [ -73.015495753999971, -36.818794208999975 ], [ -73.015939721999985, -36.817052671999932 ], [ -73.015842889999988, -36.816629722999949 ], [ -73.016386267999962, -36.815921715999934 ], [ -73.015263180999966, -36.816093487999979 ], [ -73.013036480999972, -36.815597082999943 ], [ -73.009708836999948, -36.813793508999936 ], [ -73.008388519999983, -36.81381868099993 ] ] ] } },
{ "type": "Feature", "properties": { "CUT": 8101, "COMUNA": "CONCEPCIÓN", "AREA_C": "URBANO", "DISTRITO": "LARENAS", "LOCALIDAD": "GRAN CONCEPCIÓN", "n_per": 2700.0, "n_hombres": 1344.0, "n_mujeres": 1356.0, "n_edad_60_mas": 556.0, "n_asistencia_basica": 250.0, "n_asistencia_media": 117.0, "n_asistencia_superior": 142.0, "n_transporte_auto": 313.0, "n_transporte_publico": 519.0, "n_transporte_camina": 110.0, "n_transporte_bicicleta": 23.0 }, "geometry": { "type": "Polygon", "coordinates": [ [ [ -72.982598689999975, -36.818740541999944 ], [ -72.981796334999956, -36.819305141999962 ], [ -72.981627481999965, -36.82053721099993 ], [ -72.98197128399994, -36.821219269999972 ], [ -72.982995746999961, -36.821524699999941 ], [ -72.982795922999969, -36.821823248999976 ], [ -72.982899343999975, -36.822847992999982 ], [ -72.982698668999944, -36.823232150999957 ], [ -72.981953283999985, -36.823066274999974 ], [ -72.981752868999934, -36.823360303999948 ], [ -72.982767881999962, -36.823931840999933 ], [ -72.983346111999936, -36.824459906999948 ], [ -72.983362119999981, -36.824757611999985 ], [ -72.983043328999941, -36.825076673999945 ], [ -72.983390907999933, -36.825929803999941 ], [ -72.983678620999967, -36.826047348999964 ], [ -72.984680246999972, -36.825929139999971 ], [ -72.985169248999966, -36.826306967999983 ], [ -72.985312275999945, -36.826597811999932 ], [ -72.985175589999983, -36.827668055999936 ], [ -72.985747618999937, -36.828380773999982 ], [ -72.985070743999984, -36.829554523999946 ], [ -72.984126936999985, -36.83041002899995 ], [ -72.991196491999972, -36.830607430999976 ], [ -72.992245550999939, -36.82889180199993 ], [ -72.993734181999969, -36.82217512099993 ], [ -72.992499382999938, -36.821780227999966 ], [ -72.990816136999968, -36.820850474999929 ], [ -72.988504595999984, -36.819914573999938 ], [ -72.98461985199998, -36.815810891999945 ], [ -72.983641147999947, -36.815074537999976 ], [ -72.981780682999954, -36.814427705999947 ], [ -72.979216196999971, -36.814111288999982 ], [ -72.97918088299997, -36.815452765999964 ], [ -72.980474331999972, -36.815645858999972 ], [ -72.982288037999979, -36.816299256999969 ], [ -72.983915268999965, -36.81806452099994 ], [ -72.982691364999937, -36.818333398999982 ], [ -72.982598689999975, -36.818740541999944 ] ] ] } },
{ "type": "Feature", "properties": { "CUT": 8101, "COMUNA": "CONCEPCIÓN", "AREA_C": "URBANO", "DISTRITO": "LO PEQUÉN", "LOCALIDAD": "GRAN CONCEPCIÓN", "n_per": 4287.0, "n_hombres": 2020.0, "n_mujeres": 2267.0, "n_edad_60_mas": 1094.0, "n_asistencia_basica": 317.0, "n_asistencia_media": 126.0, "n_asistencia_superior": 375.0, "n_transporte_auto": 501.0, "n_transporte_publico": 431.0, "n_transporte_camina": 178.0, "n_transporte_bicicleta": 60.0 }, "geometry": { "type": "Polygon", "coordinates": [ [ [ -73.035855692999974, -36.820215222999934 ], [ -73.030666338999936, -36.814547969999978 ], [ -73.021013580999977, -36.818139369999983 ], [ -73.022089839999978, -36.820167253999955 ], [ -73.02185553299995, -36.820251660999929 ], [ -73.023187249999978, -36.822677620999968 ], [ -73.02449882999997, -36.823744955999985 ], [ -73.024553498999978, -36.823935140999936 ], [ -73.024902493999946, -36.823742650999975 ], [ -73.024978975999943, -36.823275236999962 ], [ -73.025562385999933, -36.823176770999964 ], [ -73.025755714999946, -36.823806397999931 ], [ -73.025648875999934, -36.824228242999936 ], [ -73.026145831999941, -36.824304094999945 ], [ -73.026475784999946, -36.824579969999945 ], [ -73.026313658999982, -36.825190173999943 ], [ -73.026822462999974, -36.826005300999952 ], [ -73.026724312999988, -36.826634592999937 ], [ -73.026954305999936, -36.82722877499998 ], [ -73.027325131999987, -36.827496311999937 ], [ -73.028119938999964, -36.827680750999946 ], [ -73.028659979999986, -36.827225530999954 ], [ -73.02859304499998, -36.82612030599995 ], [ -73.029219903999945, -36.82558540399998 ], [ -73.029418960999976, -36.825665316999959 ], [ -73.029599003999977, -36.826240637999945 ], [ -73.030321536999963, -36.826401331999932 ], [ -73.030746093999937, -36.825912640999945 ], [ -73.032252152999945, -36.82563113599997 ], [ -73.032550773999958, -36.825271044999965 ], [ -73.033993425999938, -36.82461892699996 ], [ -73.034616829999948, -36.824025352999968 ], [ -73.03536195199996, -36.824042177999956 ], [ -73.036535131999983, -36.823705541999971 ], [ -73.035740433999933, -36.820749603999957 ], [ -73.035855692999974, -36.820215222999934 ] ] ] } },
{ "type": "Feature", "properties": { "CUT": 8101, "COMUNA": "CONCEPCIÓN", "AREA_C": "URBANO", "DISTRITO": "GENERAL CRUZ", "LOCALIDAD": "GRAN CONCEPCIÓN", "n_per": 3698.0, "n_hombres": 1750.0, "n_mujeres": 1948.0, "n_edad_60_mas": 610.0, "n_asistencia_basica": 163.0, "n_asistencia_media": 72.0, "n_asistencia_superior": 673.0, "n_transporte_auto": 312.0, "n_transporte_publico": 626.0, "n_transporte_camina": 449.0, "n_transporte_bicicleta": 87.0 }, "geometry": { "type": "Polygon", "coordinates": [ [ [ -73.046809613999983, -36.816011928999956 ], [ -73.046184964999952, -36.817059798999935 ], [ -73.044817368999986, -36.816550377999931 ], [ -73.042357308999954, -36.820597379999981 ], [ -73.047390695999979, -36.822703636999961 ], [ -73.050604164999982, -36.817618841999945 ], [ -73.046809613999983, -36.816011928999956 ] ] ] } },
{ "type": "Feature", "properties": { "CUT": 8101, "COMUNA": "CONCEPCIÓN", "AREA_C": "URBANO", "DISTRITO": "HOSPITAL", "LOCALIDAD": "GRAN CONCEPCIÓN", "n_per": 4355.0, "n_hombres": 2024.0, "n_mujeres": 2331.0, "n_edad_60_mas": 748.0, "n_asistencia_basica": 179.0, "n_asistencia_media": 81.0, "n_asistencia_superior": 926.0, "n_transporte_auto": 463.0, "n_transporte_publico": 529.0, "n_transporte_camina": 587.0, "n_transporte_bicicleta": 81.0 }, "geometry": { "type": "Polygon", "coordinates": [ [ [ -73.035740433999933, -36.820749603999957 ], [ -73.037158744999942, -36.826009699999929 ], [ -73.038487184999951, -36.826688020999939 ], [ -73.042357308999954, -36.820597379999981 ], [ -73.032477825999933, -36.816490987999941 ], [ -73.035855692999974, -36.820215222999934 ], [ -73.035740433999933, -36.820749603999957 ] ] ] } },
{ "type": "Feature", "properties": { "CUT": 8101, "COMUNA": "CONCEPCIÓN", "AREA_C": "URBANO", "DISTRITO": "ESCUELA ARGENTINA", "LOCALIDAD": "GRAN CONCEPCIÓN", "n_per": 2258.0, "n_hombres": 1079.0, "n_mujeres": 1179.0, "n_edad_60_mas": 585.0, "n_asistencia_basica": 145.0, "n_asistencia_media": 59.0, "n_asistencia_superior": 162.0, "n_transporte_auto": 204.0, "n_transporte_publico": 312.0, "n_transporte_camina": 375.0, "n_transporte_bicicleta": 52.0 }, "geometry": { "type": "Polygon", "coordinates": [ [ [ -73.052433646999987, -36.824798603999966 ], [ -73.053056891999972, -36.823862050999935 ], [ -73.054267447999962, -36.824363719999951 ], [ -73.056927677999965, -36.820246084999951 ], [ -73.050604164999982, -36.817618841999945 ], [ -73.047390695999979, -36.822703636999961 ], [ -73.052433646999987, -36.824798603999966 ] ] ] } },
{ "type": "Feature", "properties": { "CUT": 8101, "COMUNA": "CONCEPCIÓN", "AREA_C": "URBANO", "DISTRITO": "LO PEQUÉN", "LOCALIDAD": "GRAN CONCEPCIÓN", "n_per": 3715.0, "n_hombres": 1751.0, "n_mujeres": 1964.0, "n_edad_60_mas": 1087.0, "n_asistencia_basica": 228.0, "n_asistencia_media": 117.0, "n_asistencia_superior": 334.0, "n_transporte_auto": 435.0, "n_transporte_publico": 645.0, "n_transporte_camina": 114.0, "n_transporte_bicicleta": 49.0 }, "geometry": { "type": "Polygon", "coordinates": [ [ [ -73.017349875999969, -36.819504013999961 ], [ -73.024084118999951, -36.83340613799993 ], [ -73.027437884999983, -36.834839802999966 ], [ -73.027819292999936, -36.834149049999951 ], [ -73.027754751999964, -36.833463588999962 ], [ -73.02751114299997, -36.833127837999939 ], [ -73.027483329999939, -36.832780907999961 ], [ -73.027064622999944, -36.83271569599998 ], [ -73.026819920999969, -36.832234656999958 ], [ -73.027002278999987, -36.831568831999959 ], [ -73.026638542999933, -36.83007903999993 ], [ -73.027451252999981, -36.829482060999965 ], [ -73.027536041999952, -36.828952340999933 ], [ -73.028213674999961, -36.827659772999937 ], [ -73.027489284999945, -36.827571141999954 ], [ -73.026886454999953, -36.827114983999934 ], [ -73.026724312999988, -36.826634592999937 ], [ -73.026822462999974, -36.826005300999952 ], [ -73.026313658999982, -36.825190173999943 ], [ -73.026509075999968, -36.824675160999959 ], [ -73.026145831999941, -36.824304094999945 ], [ -73.025648875999934, -36.824228242999936 ], [ -73.025755714999946, -36.823806397999931 ], [ -73.025535880999939, -36.823144784999954 ], [ -73.024978975999943, -36.823275236999962 ], [ -73.024902493999946, -36.823742650999975 ], [ -73.024553498999978, -36.823935140999936 ], [ -73.02449882999997, -36.823744955999985 ], [ -73.023187249999978, -36.822677620999968 ], [ -73.02185553299995, -36.820251660999929 ], [ -73.022089839999978, -36.820167253999955 ], [ -73.021013580999977, -36.818139369999983 ], [ -73.017349875999969, -36.819504013999961 ] ] ] } },
{ "type": "Feature", "properties": { "CUT": 8101, "COMUNA": "CONCEPCIÓN", "AREA_C": "URBANO", "DISTRITO": "LO PEQUÉN", "LOCALIDAD": "GRAN CONCEPCIÓN", "n_per": 2532.0, "n_hombres": 1204.0, "n_mujeres": 1328.0, "n_edad_60_mas": 841.0, "n_asistencia_basica": 152.0, "n_asistencia_media": 82.0, "n_asistencia_superior": 188.0, "n_transporte_auto": 261.0, "n_transporte_publico": 366.0, "n_transporte_camina": 33.0, "n_transporte_bicicleta": 21.0 }, "geometry": { "type": "Polygon", "coordinates": [ [ [ -73.014421976999984, -36.824396276999948 ], [ -73.012939009999968, -36.824376321999978 ], [ -73.010537461999945, -36.824950415999979 ], [ -73.012349000999961, -36.824896520999971 ], [ -73.013378995999972, -36.82511556299994 ], [ -73.012925648999953, -36.827241938999975 ], [ -73.014935278999985, -36.82950726699994 ], [ -73.015998689999947, -36.829601633999971 ], [ -73.015991961999987, -36.830106258999933 ], [ -73.016546095999956, -36.830899651999971 ], [ -73.016646316999982, -36.831496192999964 ], [ -73.017000466999946, -36.832137528999965 ], [ -73.016710629999977, -36.832614896999985 ], [ -73.015682029999937, -36.832623965999971 ], [ -73.01578490199995, -36.833062856999959 ], [ -73.015679610999939, -36.83331656699994 ], [ -73.014882193999938, -36.833251428999972 ], [ -73.014171562999934, -36.832937251999965 ], [ -73.01474385399996, -36.83692462099998 ], [ -73.01539416199995, -36.83724983299993 ], [ -73.016276760999972, -36.83723088499994 ], [ -73.016927507999981, -36.837040961999946 ], [ -73.017548069999975, -36.836198076999949 ], [ -73.018130847999942, -36.835748125999942 ], [ -73.018750071999989, -36.835515094999948 ], [ -73.020283469999981, -36.835700456999973 ], [ -73.020516153999949, -36.835075298999982 ], [ -73.020765001999962, -36.834852130999934 ], [ -73.022544031999985, -36.834107694999943 ], [ -73.023879397999963, -36.833318619999943 ], [ -73.024084118999951, -36.83340613799993 ], [ -73.017349875999969, -36.819504013999961 ], [ -73.016009880999945, -36.819972716999985 ], [ -73.016665222999961, -36.822073429999932 ], [ -73.016268621999984, -36.823154159999945 ], [ -73.01533004099997, -36.824137957999937 ], [ -73.014421976999984, -36.824396276999948 ] ] ] } },
{ "type": "Feature", "properties": { "CUT": 8101, "COMUNA": "CONCEPCIÓN", "AREA_C": "URBANO", "DISTRITO": "CERRO AMARILLO", "LOCALIDAD": "GRAN CONCEPCIÓN", "n_per": 2652.0, "n_hombres": 1290.0, "n_mujeres": 1362.0, "n_edad_60_mas": 535.0, "n_asistencia_basica": 171.0, "n_asistencia_media": 73.0, "n_asistencia_superior": 201.0, "n_transporte_auto": 251.0, "n_transporte_publico": 411.0, "n_transporte_camina": 359.0, "n_transporte_bicicleta": 50.0 }, "geometry": { "type": "Polygon", "coordinates": [ [ [ -73.054272032999961, -36.82435652199996 ], [ -73.053056891999972, -36.823862050999935 ], [ -73.052433646999987, -36.824798603999966 ], [ -73.060091262999947, -36.82797945599998 ], [ -73.063300329999947, -36.822910047999983 ], [ -73.056927677999965, -36.820246084999951 ], [ -73.054272032999961, -36.82435652199996 ] ] ] } },
{ "type": "Feature", "properties": { "CUT": 8101, "COMUNA": "CONCEPCIÓN", "AREA_C": "URBANO", "DISTRITO": "LARENAS", "LOCALIDAD": "GRAN CONCEPCIÓN", "n_per": 4734.0, "n_hombres": 2287.0, "n_mujeres": 2447.0, "n_edad_60_mas": 754.0, "n_asistencia_basica": 411.0, "n_asistencia_media": 191.0, "n_asistencia_superior": 506.0, "n_transporte_auto": 682.0, "n_transporte_publico": 1030.0, "n_transporte_camina": 139.0, "n_transporte_bicicleta": 48.0 }, "geometry": { "type": "Polygon", "coordinates": [ [ [ -73.000236261999987, -36.822293897999941 ], [ -72.998101977999966, -36.822063389999983 ], [ -72.998706024999933, -36.822503214999983 ], [ -72.999346349999939, -36.824350500999969 ], [ -73.000074580999978, -36.825226502999953 ], [ -72.999855740999976, -36.826019478999967 ], [ -72.999507459999961, -36.826575470999956 ], [ -72.999441738999963, -36.827496810999946 ], [ -72.998749000999965, -36.828747789999966 ], [ -73.003538714999934, -36.831823561999954 ], [ -73.00758170499995, -36.832574026999964 ], [ -73.008914498999957, -36.830353297999977 ], [ -73.008850260999964, -36.829963754999937 ], [ -73.007681661999982, -36.828049158999931 ], [ -73.00771765199994, -36.827409467999985 ], [ -73.00819400499995, -36.825958583999977 ], [ -73.009595154999943, -36.825474063999934 ], [ -73.010720042999935, -36.824883700999976 ], [ -73.011356256999989, -36.824841674999959 ], [ -73.012939009999968, -36.824376321999978 ], [ -73.014421976999984, -36.824396276999948 ], [ -73.015228666999974, -36.824195318999955 ], [ -73.016235758999983, -36.823202823999964 ], [ -73.016670916999942, -36.822192498999982 ], [ -73.016009880999945, -36.819972716999985 ], [ -73.013737522999975, -36.820334332999948 ], [ -73.008682019999981, -36.821595594999962 ], [ -73.000236261999987, -36.822293897999941 ] ] ] } },
{ "type": "Feature", "properties": { "CUT": 8101, "COMUNA": "CONCEPCIÓN", "AREA_C": "URBANO", "DISTRITO": "PLAZA PERÚ", "LOCALIDAD": "GRAN CONCEPCIÓN", "n_per": 3414.0, "n_hombres": 1608.0, "n_mujeres": 1806.0, "n_edad_60_mas": 478.0, "n_asistencia_basica": 106.0, "n_asistencia_media": 37.0, "n_asistencia_superior": 887.0, "n_transporte_auto": 312.0, "n_transporte_publico": 429.0, "n_transporte_camina": 577.0, "n_transporte_bicicleta": 52.0 }, "geometry": { "type": "Polygon", "coordinates": [ [ [ -73.042357308999954, -36.820597379999981 ], [ -73.040389076999986, -36.823620424999945 ], [ -73.045477962999939, -36.825699165999936 ], [ -73.047390695999979, -36.822703636999961 ], [ -73.042357308999954, -36.820597379999981 ] ] ] } },
{ "type": "Feature", "properties": { "CUT": 8101, "COMUNA": "CONCEPCIÓN", "AREA_C": "URBANO", "DISTRITO": "ESTACIÓN CENTRAL", "LOCALIDAD": "GRAN CONCEPCIÓN", "n_per": 1732.0, "n_hombres": 872.0, "n_mujeres": 860.0, "n_edad_60_mas": 365.0, "n_asistencia_basica": 151.0, "n_asistencia_media": 69.0, "n_asistencia_superior": 75.0, "n_transporte_auto": 161.0, "n_transporte_publico": 331.0, "n_transporte_camina": 111.0, "n_transporte_bicicleta": 45.0 }, "geometry": { "type": "Polygon", "coordinates": [ [ [ -73.066176862999953, -36.824132905999932 ], [ -73.064939374999938, -36.826109196999937 ], [ -73.067526641999962, -36.827160772999946 ], [ -73.068202153999948, -36.826157764999948 ], [ -73.071423684999957, -36.824416442999961 ], [ -73.073002346999942, -36.825677428999938 ], [ -73.074485122999988, -36.82468561099995 ], [ -73.074216190999948, -36.824442240999929 ], [ -73.071925009999973, -36.823648538999976 ], [ -73.067607521999946, -36.822667545999934 ], [ -73.065727520999985, -36.822912216999953 ], [ -73.06525598199994, -36.823721336999938 ], [ -73.066176862999953, -36.824132905999932 ] ] ] } },
{ "type": "Feature", "properties": { "CUT": 8101, "COMUNA": "CONCEPCIÓN", "AREA_C": "URBANO", "DISTRITO": "ESTACIÓN CENTRAL", "LOCALIDAD": "GRAN CONCEPCIÓN", "n_per": 3538.0, "n_hombres": 1725.0, "n_mujeres": 1813.0, "n_edad_60_mas": 633.0, "n_asistencia_basica": 239.0, "n_asistencia_media": 107.0, "n_asistencia_superior": 389.0, "n_transporte_auto": 369.0, "n_transporte_publico": 771.0, "n_transporte_camina": 278.0, "n_transporte_bicicleta": 57.0 }, "geometry": { "type": "Polygon", "coordinates": [ [ [ -73.063300329999947, -36.822910047999983 ], [ -73.060746651999978, -36.826921704999961 ], [ -73.064806895999936, -36.828725384999984 ], [ -73.068877592999968, -36.83023226399996 ], [ -73.069426550999935, -36.829501379999954 ], [ -73.070227366999973, -36.828842005999945 ], [ -73.068995486999938, -36.828365523999935 ], [ -73.067526641999962, -36.827160772999946 ], [ -73.064939374999938, -36.826109196999937 ], [ -73.066183506999948, -36.824119493999945 ], [ -73.06525598199994, -36.823721336999938 ], [ -73.065727520999985, -36.822912216999953 ], [ -73.064688177999983, -36.823306588999969 ], [ -73.064125400999956, -36.823785941999972 ], [ -73.063662809999983, -36.824693790999959 ], [ -73.063595258999953, -36.825571585999967 ], [ -73.063320915999952, -36.825460924999959 ], [ -73.063347245999978, -36.824722268999949 ], [ -73.063851480999972, -36.823126856999977 ], [ -73.063300329999947, -36.822910047999983 ] ] ] } },
{ "type": "Feature", "properties": { "CUT": 8101, "COMUNA": "CONCEPCIÓN", "AREA_C": "URBANO", "DISTRITO": "INTENDENCIA", "LOCALIDAD": "GRAN CONCEPCIÓN", "n_per": 1312.0, "n_hombres": 567.0, "n_mujeres": 745.0, "n_edad_60_mas": 316.0, "n_asistencia_basica": 60.0, "n_asistencia_media": 38.0, "n_asistencia_superior": 129.0, "n_transporte_auto": 77.0, "n_transporte_publico": 149.0, "n_transporte_camina": 279.0, "n_transporte_bicicleta": 28.0 }, "geometry": { "type": "Polygon", "coordinates": [ [ [ -73.044810806999976, -36.826747814999976 ], [ -73.05109592499997, -36.829362117999949 ], [ -73.053671861999987, -36.825298807999957 ], [ -73.047390695999979, -36.822703636999961 ], [ -73.044810806999976, -36.826747814999976 ] ] ] } },
{ "type": "Feature", "properties": { "CUT": 8101, "COMUNA": "CONCEPCIÓN", "AREA_C": "URBANO", "DISTRITO": "PLAZA PERÚ", "LOCALIDAD": "GRAN CONCEPCIÓN", "n_per": 2075.0, "n_hombres": 934.0, "n_mujeres": 1141.0, "n_edad_60_mas": 360.0, "n_asistencia_basica": 91.0, "n_asistencia_media": 32.0, "n_asistencia_superior": 453.0, "n_transporte_auto": 184.0, "n_transporte_publico": 179.0, "n_transporte_camina": 311.0, "n_transporte_bicicleta": 35.0 }, "geometry": { "type": "Polygon", "coordinates": [ [ [ -73.040389076999986, -36.823620424999945 ], [ -73.038487184999951, -36.826688020999939 ], [ -73.039761426999974, -36.82721012199994 ], [ -73.039255085999969, -36.828022695999948 ], [ -73.040380187999972, -36.828775826999959 ], [ -73.041636771999947, -36.826764060999949 ], [ -73.041535795999948, -36.826492001999952 ], [ -73.042148963999978, -36.826353385999937 ], [ -73.042082295999933, -36.82605485199997 ], [ -73.042296477999969, -36.825706864999972 ], [ -73.044810782999946, -36.82674871699993 ], [ -73.045477962999939, -36.825699165999936 ], [ -73.040389076999986, -36.823620424999945 ] ] ] } },
{ "type": "Feature", "properties": { "CUT": 8101, "COMUNA": "CONCEPCIÓN", "AREA_C": "URBANO", "DISTRITO": "OBSERVATORIO", "LOCALIDAD": "GRAN CONCEPCIÓN", "n_per": 1777.0, "n_hombres": 841.0, "n_mujeres": 936.0, "n_edad_60_mas": 354.0, "n_asistencia_basica": 94.0, "n_asistencia_media": 63.0, "n_asistencia_superior": 358.0, "n_transporte_auto": 231.0, "n_transporte_publico": 153.0, "n_transporte_camina": 245.0, "n_transporte_bicicleta": 41.0 }, "geometry": { "type": "Polygon", "coordinates": [ [ [ -73.03536195199996, -36.824042177999956 ], [ -73.034616829999948, -36.824025352999968 ], [ -73.033993425999938, -36.82461892699996 ], [ -73.032550773999958, -36.825271044999965 ], [ -73.032252152999945, -36.82563113599997 ], [ -73.030746093999937, -36.825912640999945 ], [ -73.030321536999963, -36.826401331999932 ], [ -73.029599003999977, -36.826240637999945 ], [ -73.029337111999951, -36.825605373999963 ], [ -73.028880593999986, -36.825755534999985 ], [ -73.028556323999965, -36.826322493999953 ], [ -73.028659979999986, -36.827225530999954 ], [ -73.028063705999955, -36.827824028999942 ], [ -73.027536041999952, -36.828952340999933 ], [ -73.027451252999981, -36.829482060999965 ], [ -73.026651251999965, -36.830035747999943 ], [ -73.026751083999955, -36.830926880999982 ], [ -73.027002278999987, -36.831568831999959 ], [ -73.02679445299998, -36.832097512999951 ], [ -73.027064622999944, -36.83271569599998 ], [ -73.027483329999939, -36.832780907999961 ], [ -73.02751114299997, -36.833127837999939 ], [ -73.027754751999964, -36.833463588999962 ], [ -73.027819292999936, -36.834149049999951 ], [ -73.027437884999983, -36.834839802999966 ], [ -73.036978473999966, -36.83891740699994 ], [ -73.036693923999962, -36.837669588999972 ], [ -73.036995106999939, -36.836881403999939 ], [ -73.037763466999934, -36.836240637999936 ], [ -73.037907562999976, -36.835346204999951 ], [ -73.036637545999952, -36.833921713999985 ], [ -73.03665770899994, -36.833569354999952 ], [ -73.036847040999987, -36.833387204999951 ], [ -73.036782312999946, -36.833761706999951 ], [ -73.037056455999959, -36.833958856999971 ], [ -73.038007114999971, -36.833342415999937 ], [ -73.038483892999977, -36.833278179999979 ], [ -73.039133213999946, -36.832576852999978 ], [ -73.039590246999978, -36.832489753999937 ], [ -73.040532599999949, -36.831536375999974 ], [ -73.040995624999937, -36.830417358999966 ], [ -73.041697532999933, -36.830235142999982 ], [ -73.042082516999983, -36.829867437999951 ], [ -73.039255085999969, -36.828022695999948 ], [ -73.039761426999974, -36.82721012199994 ], [ -73.037269807999962, -36.826133211999945 ], [ -73.036535131999983, -36.823705541999971 ], [ -73.03536195199996, -36.824042177999956 ] ] ] } },
{ "type": "Feature", "properties": { "CUT": 8101, "COMUNA": "CONCEPCIÓN", "AREA_C": "URBANO", "DISTRITO": "ESTACIÓN CENTRAL", "LOCALIDAD": "GRAN CONCEPCIÓN", "n_per": 2482.0, "n_hombres": 1191.0, "n_mujeres": 1291.0, "n_edad_60_mas": 679.0, "n_asistencia_basica": 196.0, "n_asistencia_media": 97.0, "n_asistencia_superior": 102.0, "n_transporte_auto": 184.0, "n_transporte_publico": 438.0, "n_transporte_camina": 136.0, "n_transporte_bicicleta": 44.0 }, "geometry": { "type": "Polygon", "coordinates": [ [ [ -73.071423684999957, -36.824416442999961 ], [ -73.068202153999948, -36.826157764999948 ], [ -73.067526641999962, -36.827160772999946 ], [ -73.068995486999938, -36.828365523999935 ], [ -73.070227366999973, -36.828842005999945 ], [ -73.070608320999952, -36.82815316999995 ], [ -73.071378157999959, -36.827384215999984 ], [ -73.074730324999962, -36.824907524999958 ], [ -73.074485122999988, -36.82468561099995 ], [ -73.073002346999942, -36.825677428999938 ], [ -73.071423684999957, -36.824416442999961 ] ] ] } },
{ "type": "Feature", "properties": { "CUT": 8101, "COMUNA": "CONCEPCIÓN", "AREA_C": "URBANO", "DISTRITO": "PLAZA ESPAÑA", "LOCALIDAD": "GRAN CONCEPCIÓN", "n_per": 1281.0, "n_hombres": 616.0, "n_mujeres": 665.0, "n_edad_60_mas": 283.0, "n_asistencia_basica": 67.0, "n_asistencia_media": 42.0, "n_asistencia_superior": 134.0, "n_transporte_auto": 83.0, "n_transporte_publico": 181.0, "n_transporte_camina": 199.0, "n_transporte_bicicleta": 20.0 }, "geometry": { "type": "Polygon", "coordinates": [ [ [ -73.053671861999987, -36.825298807999957 ], [ -73.05109592499997, -36.829362117999949 ], [ -73.057511618999968, -36.832024235999938 ], [ -73.060091262999947, -36.82797945599998 ], [ -73.053671861999987, -36.825298807999957 ] ] ] } },
{ "type": "Feature", "properties": { "CUT": 8101, "COMUNA": "CONCEPCIÓN", "AREA_C": "URBANO", "DISTRITO": "LO PEQUÉN", "LOCALIDAD": "GRAN CONCEPCIÓN", "n_per": 2936.0, "n_hombres": 1379.0, "n_mujeres": 1557.0, "n_edad_60_mas": 970.0, "n_asistencia_basica": 191.0, "n_asistencia_media": 100.0, "n_asistencia_superior": 207.0, "n_transporte_auto": 367.0, "n_transporte_publico": 538.0, "n_transporte_camina": 37.0, "n_transporte_bicicleta": 14.0 }, "geometry": { "type": "Polygon", "coordinates": [ [ [ -73.011731517999976, -36.82488086799998 ], [ -73.011141298999974, -36.825016310999956 ], [ -73.010537461999945, -36.824950415999979 ], [ -73.009595154999943, -36.825474063999934 ], [ -73.008262611999953, -36.825904413999979 ], [ -73.007705506999969, -36.827471634999938 ], [ -73.007711014999984, -36.828151138999942 ], [ -73.008899486999951, -36.83008562599997 ], [ -73.008908343999963, -36.830394023999929 ], [ -73.008673648999945, -36.830774278999968 ], [ -73.010571028999948, -36.831534358999932 ], [ -73.011017332999984, -36.830915414999936 ], [ -73.011582785999963, -36.828914944999951 ], [ -73.013240499999938, -36.828762403999974 ], [ -73.013938337999946, -36.82843567499998 ], [ -73.012925648999953, -36.827241938999975 ], [ -73.013447858999939, -36.825222978999932 ], [ -73.013101035999966, -36.824996004999946 ], [ -73.011731517999976, -36.82488086799998 ] ] ] } },
{ "type": "Feature", "properties": { "CUT": 8101, "COMUNA": "CONCEPCIÓN", "AREA_C": "URBANO", "DISTRITO": "LICEO DE HOMBRES", "LOCALIDAD": "GRAN CONCEPCIÓN", "n_per": 1695.0, "n_hombres": 760.0, "n_mujeres": 935.0, "n_edad_60_mas": 400.0, "n_asistencia_basica": 82.0, "n_asistencia_media": 45.0, "n_asistencia_superior": 202.0, "n_transporte_auto": 179.0, "n_transporte_publico": 155.0, "n_transporte_camina": 343.0, "n_transporte_bicicleta": 20.0 }, "geometry": { "type": "Polygon", "coordinates": [ [ [ -73.043794180999953, -36.830842007999934 ], [ -73.048816116999944, -36.832929994999972 ], [ -73.051096039999948, -36.829357612999956 ], [ -73.046069012999965, -36.827278604999947 ], [ -73.043794180999953, -36.830842007999934 ] ] ] } },
{ "type": "Feature", "properties": { "CUT": 8101, "COMUNA": "CONCEPCIÓN", "AREA_C": "URBANO", "DISTRITO": "BILBAO", "LOCALIDAD": "GRAN CONCEPCIÓN", "n_per": 2501.0, "n_hombres": 1210.0, "n_mujeres": 1291.0, "n_edad_60_mas": 354.0, "n_asistencia_basica": 174.0, "n_asistencia_media": 60.0, "n_asistencia_superior": 248.0, "n_transporte_auto": 216.0, "n_transporte_publico": 484.0, "n_transporte_camina": 268.0, "n_transporte_bicicleta": 44.0 }, "geometry": { "type": "Polygon", "coordinates": [ [ [ -73.060746651999978, -36.826921704999961 ], [ -73.056105654999953, -36.834198129999947 ], [ -73.055888291999963, -36.835150101999943 ], [ -73.061614429999963, -36.837388817999965 ], [ -73.062046986999974, -36.836657310999954 ], [ -73.062966579999966, -36.837118704999966 ], [ -73.063940298999967, -36.83524883399997 ], [ -73.064570061999973, -36.834562098999982 ], [ -73.065048218999948, -36.834280198999977 ], [ -73.065586857999961, -36.833560157999955 ], [ -73.066081371999985, -36.833238321999943 ], [ -73.067379335999988, -36.831568281999978 ], [ -73.068877592999968, -36.83023226399996 ], [ -73.064806895999936, -36.828725384999984 ], [ -73.060746651999978, -36.826921704999961 ] ] ] } },
{ "type": "Feature", "properties": { "CUT": 8101, "COMUNA": "CONCEPCIÓN", "AREA_C": "URBANO", "DISTRITO": "LA CÁRCEL", "LOCALIDAD": "GRAN CONCEPCIÓN", "n_per": 3399.0, "n_hombres": 1540.0, "n_mujeres": 1859.0, "n_edad_60_mas": 645.0, "n_asistencia_basica": 167.0, "n_asistencia_media": 58.0, "n_asistencia_superior": 407.0, "n_transporte_auto": 410.0, "n_transporte_publico": 374.0, "n_transporte_camina": 645.0, "n_transporte_bicicleta": 70.0 }, "geometry": { "type": "Polygon", "coordinates": [ [ [ -73.048816116999944, -36.832929994999972 ], [ -73.05389497799996, -36.83444185899998 ], [ -73.055888291999963, -36.835150101999943 ], [ -73.056169117999957, -36.83406122599996 ], [ -73.057511618999968, -36.832024235999938 ], [ -73.05109592499997, -36.829362117999949 ], [ -73.048816116999944, -36.832929994999972 ] ] ] } },
{ "type": "Feature", "properties": { "CUT": 8101, "COMUNA": "CONCEPCIÓN", "AREA_C": "URBANO", "DISTRITO": "OBSERVATORIO", "LOCALIDAD": "GRAN CONCEPCIÓN", "n_per": 2656.0, "n_hombres": 1328.0, "n_mujeres": 1328.0, "n_edad_60_mas": 560.0, "n_asistencia_basica": 225.0, "n_asistencia_media": 110.0, "n_asistencia_superior": 217.0, "n_transporte_auto": 328.0, "n_transporte_publico": 429.0, "n_transporte_camina": 227.0, "n_transporte_bicicleta": 56.0 }, "geometry": { "type": "Polygon", "coordinates": [ [ [ -73.041252927999949, -36.830412586999955 ], [ -73.040995624999937, -36.830417358999966 ], [ -73.040532599999949, -36.831536375999974 ], [ -73.039590246999978, -36.832489753999937 ], [ -73.039133213999946, -36.832576852999978 ], [ -73.038483892999977, -36.833278179999979 ], [ -73.038007114999971, -36.833342415999937 ], [ -73.037056455999959, -36.833958856999971 ], [ -73.036782312999946, -36.833761706999951 ], [ -73.036847040999987, -36.833387204999951 ], [ -73.03665770899994, -36.833569354999952 ], [ -73.036637545999952, -36.833921713999985 ], [ -73.037907562999976, -36.835346204999951 ], [ -73.037763466999934, -36.836240637999936 ], [ -73.036995106999939, -36.836881403999939 ], [ -73.036693923999962, -36.837669588999972 ], [ -73.036978473999966, -36.83891740699994 ], [ -73.038282029999948, -36.839474448999965 ], [ -73.038845466999987, -36.839479776999951 ], [ -73.040244492999989, -36.840338380999981 ], [ -73.041142574999981, -36.840237061999972 ], [ -73.041371496999943, -36.840518322999969 ], [ -73.042807275999962, -36.840749279999955 ], [ -73.044770927999934, -36.841471111999965 ], [ -73.045742845999939, -36.842717397999934 ], [ -73.046411664999937, -36.843206092999935 ], [ -73.046884115999944, -36.84301106199996 ], [ -73.048518383999976, -36.843790510999952 ], [ -73.052261422999948, -36.844663103999949 ], [ -73.055514931999937, -36.838217867999958 ], [ -73.055888291999963, -36.835150101999943 ], [ -73.05389497799996, -36.83444185899998 ], [ -73.049956183999939, -36.833403872999952 ], [ -73.044135869999934, -36.83104592199993 ], [ -73.042082516999983, -36.829867437999951 ], [ -73.041252927999949, -36.830412586999955 ] ] ] } },
{ "type": "Feature", "properties": { "CUT": 8101, "COMUNA": "CONCEPCIÓN", "AREA_C": "URBANO", "DISTRITO": "PEDRO DE VALDIVIA", "LOCALIDAD": "GRAN CONCEPCIÓN", "n_per": 1792.0, "n_hombres": 867.0, "n_mujeres": 925.0, "n_edad_60_mas": 490.0, "n_asistencia_basica": 137.0, "n_asistencia_media": 82.0, "n_asistencia_superior": 106.0, "n_transporte_auto": 151.0, "n_transporte_publico": 377.0, "n_transporte_camina": 77.0, "n_transporte_bicicleta": 20.0 }, "geometry": { "type": "Polygon", "coordinates": [ [ [ -73.053457028999958, -36.842547526999965 ], [ -73.055821481999942, -36.843409979999933 ], [ -73.056450501999961, -36.842262072999972 ], [ -73.057523608999986, -36.839517070999932 ], [ -73.056862421999938, -36.839168266999934 ], [ -73.057969389999982, -36.837271054999974 ], [ -73.058737752999946, -36.836286567999935 ], [ -73.055888291999963, -36.835150101999943 ], [ -73.055514931999937, -36.838217867999958 ], [ -73.053673917999959, -36.841879416999973 ], [ -73.053780106999966, -36.841903144999947 ], [ -73.053457028999958, -36.842547526999965 ] ] ] } },
{ "type": "Feature", "properties": { "CUT": 8101, "COMUNA": "CONCEPCIÓN", "AREA_C": "URBANO", "DISTRITO": "PEDRO DE VALDIVIA", "LOCALIDAD": "GRAN CONCEPCIÓN", "n_per": 2632.0, "n_hombres": 1315.0, "n_mujeres": 1317.0, "n_edad_60_mas": 486.0, "n_asistencia_basica": 288.0, "n_asistencia_media": 133.0, "n_asistencia_superior": 118.0, "n_transporte_auto": 222.0, "n_transporte_publico": 578.0, "n_transporte_camina": 162.0, "n_transporte_bicicleta": 75.0 }, "geometry": { "type": "Polygon", "coordinates": [ [ [ -73.057969389999982, -36.837271054999974 ], [ -73.056862421999938, -36.839168266999934 ], [ -73.057523608999986, -36.839517070999932 ], [ -73.056450501999961, -36.842262072999972 ], [ -73.055821481999942, -36.843409979999933 ], [ -73.057061963999956, -36.84384048499993 ], [ -73.060762916999977, -36.838900391999971 ], [ -73.061645326999951, -36.838072603999933 ], [ -73.062290805999965, -36.837897973999929 ], [ -73.062966579999966, -36.837118704999966 ], [ -73.062046986999974, -36.836657310999954 ], [ -73.061614429999963, -36.837388817999965 ], [ -73.058737752999946, -36.836286567999935 ], [ -73.057969389999982, -36.837271054999974 ] ] ] } },
{ "type": "Feature", "properties": { "CUT": 8101, "COMUNA": "CONCEPCIÓN", "AREA_C": "URBANO", "DISTRITO": "PEDRO DE VALDIVIA", "LOCALIDAD": "GRAN CONCEPCIÓN", "n_per": 1194.0, "n_hombres": 570.0, "n_mujeres": 624.0, "n_edad_60_mas": 353.0, "n_asistencia_basica": 77.0, "n_asistencia_media": 30.0, "n_asistencia_superior": 84.0, "n_transporte_auto": 121.0, "n_transporte_publico": 224.0, "n_transporte_camina": 59.0, "n_transporte_bicicleta": 23.0 }, "geometry": { "type": "Polygon", "coordinates": [ [ [ -73.053673917999959, -36.841879416999973 ], [ -73.051362995999966, -36.846680927999955 ], [ -73.051012507999985, -36.850649915999952 ], [ -73.049613628999964, -36.85557420799995 ], [ -73.051359317999982, -36.855691131999947 ], [ -73.052651953999941, -36.852299615999982 ], [ -73.053981745999977, -36.849611496999955 ], [ -73.054893360999984, -36.848118065999984 ], [ -73.056403751999937, -36.846359833999941 ], [ -73.056916628999943, -36.845123766999961 ], [ -73.057061963999956, -36.84384048499993 ], [ -73.053457028999958, -36.842547526999965 ], [ -73.053780106999966, -36.841903144999947 ], [ -73.053673917999959, -36.841879416999973 ] ] ] } },
{ "type": "Feature", "properties": { "CUT": 8101, "COMUNA": "CONCEPCIÓN", "AREA_C": "URBANO", "DISTRITO": "LICEO DE HOMBRES", "LOCALIDAD": "GRAN CONCEPCIÓN", "n_per": 1729.0, "n_hombres": 767.0, "n_mujeres": 962.0, "n_edad_60_mas": 423.0, "n_asistencia_basica": 60.0, "n_asistencia_media": 32.0, "n_asistencia_superior": 264.0, "n_transporte_auto": 221.0, "n_transporte_publico": 141.0, "n_transporte_camina": 324.0, "n_transporte_bicicleta": 25.0 }, "geometry": { "type": "Polygon", "coordinates": [ [ [ -73.041487660999962, -36.829479082999967 ], [ -73.043794180999953, -36.830842007999934 ], [ -73.046069012999965, -36.827278604999947 ], [ -73.04355579099996, -36.826224951999961 ], [ -73.041487660999962, -36.829479082999967 ] ] ] } },
{ "type": "Feature", "properties": { "CUT": 8101, "COMUNA": "CONCEPCIÓN", "AREA_C": "URBANO", "DISTRITO": "LA TOMA", "LOCALIDAD": "GRAN CONCEPCIÓN", "n_per": 2695.0, "n_hombres": 1271.0, "n_mujeres": 1424.0, "n_edad_60_mas": 403.0, "n_asistencia_basica": 288.0, "n_asistencia_media": 108.0, "n_asistencia_superior": 235.0, "n_transporte_auto": 868.0, "n_transporte_publico": 144.0, "n_transporte_camina": 75.0, "n_transporte_bicicleta": 6.0 }, "geometry": { "type": "Polygon", "coordinates": [ [ [ -73.047855670999979, -36.785680506999938 ], [ -73.048479727999961, -36.786276550999958 ], [ -73.048585744999968, -36.786713877999944 ], [ -73.048477435999985, -36.787301518999982 ], [ -73.047563475999937, -36.788179867999929 ], [ -73.047502811999948, -36.788470101999962 ], [ -73.047855769999956, -36.788712090999979 ], [ -73.048366601999987, -36.788568009999949 ], [ -73.05092031199996, -36.789290899999969 ], [ -73.051637608999954, -36.789784864999945 ], [ -73.054604379999944, -36.791090792999967 ], [ -73.056513936999977, -36.791275245999941 ], [ -73.056995846999939, -36.791634638999938 ], [ -73.057399143999987, -36.792222584999934 ], [ -73.057699001999936, -36.792358175999937 ], [ -73.058022233999964, -36.792372468999929 ], [ -73.05887917299998, -36.791998890999935 ], [ -73.059201343999973, -36.791472366999983 ], [ -73.059482816999946, -36.791337255999963 ], [ -73.061765547999983, -36.793001383999979 ], [ -73.063696708999942, -36.792619687999945 ], [ -73.064564772999972, -36.793486589999929 ], [ -73.061983128999941, -36.79012312499998 ], [ -73.06117403899998, -36.790206367999929 ], [ -73.055149780999955, -36.788467840999942 ], [ -73.054782795999984, -36.788051733999964 ], [ -73.054664969999976, -36.787001542999974 ], [ -73.053446627999961, -36.786701077999965 ], [ -73.052760466999985, -36.785771112999953 ], [ -73.050012395999943, -36.78567013299994 ], [ -73.047945786999946, -36.785210630999984 ], [ -73.047763472999975, -36.785392866999985 ], [ -73.047855670999979, -36.785680506999938 ] ] ] } },
{ "type": "Feature", "properties": { "CUT": 8101, "COMUNA": "CONCEPCIÓN", "AREA_C": "URBANO", "DISTRITO": "LA TOMA", "LOCALIDAD": "GRAN CONCEPCIÓN", "n_per": 2120.0, "n_hombres": 1036.0, "n_mujeres": 1084.0, "n_edad_60_mas": 439.0, "n_asistencia_basica": 175.0, "n_asistencia_media": 106.0, "n_asistencia_superior": 113.0, "n_transporte_auto": 244.0, "n_transporte_publico": 425.0, "n_transporte_camina": 64.0, "n_transporte_bicicleta": 16.0 }, "geometry": { "type": "Polygon", "coordinates": [ [ [ -73.036333786999933, -36.791876551999962 ], [ -73.037011437999979, -36.792562607999969 ], [ -73.035171415999969, -36.793934178999962 ], [ -73.034753107999961, -36.794444673999976 ], [ -73.035942898999963, -36.795416803999956 ], [ -73.039198521999936, -36.792973872999937 ], [ -73.039242982999951, -36.792352689999973 ], [ -73.040341319999982, -36.792325732999984 ], [ -73.040927654999962, -36.79201993199996 ], [ -73.041771197999935, -36.790744932999985 ], [ -73.041979324999943, -36.790135459999931 ], [ -73.042575658999965, -36.789545896999982 ], [ -73.042875805999984, -36.788983491999943 ], [ -73.041747369999939, -36.788847252999972 ], [ -73.040916126999946, -36.788567668999974 ], [ -73.038556943999936, -36.788826212999936 ], [ -73.038027660999944, -36.789669231999937 ], [ -73.038048168999978, -36.79048526899993 ], [ -73.037609402999976, -36.791293725999935 ], [ -73.036333786999933, -36.791876551999962 ] ] ] } },
{ "type": "Feature", "properties": { "CUT": 8101, "COMUNA": "CONCEPCIÓN", "AREA_C": "URBANO", "DISTRITO": "LA TOMA", "LOCALIDAD": "GRAN CONCEPCIÓN", "n_per": 3825.0, "n_hombres": 1815.0, "n_mujeres": 2010.0, "n_edad_60_mas": 455.0, "n_asistencia_basica": 512.0, "n_asistencia_media": 258.0, "n_asistencia_superior": 362.0, "n_transporte_auto": 1085.0, "n_transporte_publico": 211.0, "n_transporte_camina": 26.0, "n_transporte_bicicleta": 6.0 }, "geometry": { "type": "Polygon", "coordinates": [ [ [ -73.048915872999942, -36.777098214999967 ], [ -73.049056031999953, -36.780273783999974 ], [ -73.051793679999946, -36.780994977999967 ], [ -73.054394515999945, -36.783326932999955 ], [ -73.054725432999987, -36.787744343999975 ], [ -73.05493138199995, -36.788324562999946 ], [ -73.059557389999952, -36.789797202999978 ], [ -73.060208169999953, -36.789848380999956 ], [ -73.061307704999933, -36.790232156999934 ], [ -73.061983128999941, -36.79012312499998 ], [ -73.060349673999951, -36.787009195999929 ], [ -73.058177394999973, -36.780263466999941 ], [ -73.057908844999986, -36.779857126999957 ], [ -73.057754346999957, -36.779891998999972 ], [ -73.056468201999962, -36.777952461999973 ], [ -73.045303180999952, -36.77490314399995 ], [ -73.04444472299997, -36.775615109999933 ], [ -73.045635953999977, -36.776286810999977 ], [ -73.048915872999942, -36.777098214999967 ] ] ] } },
{ "type": "Feature", "properties": { "CUT": 8101, "COMUNA": "CONCEPCIÓN", "AREA_C": "URBANO", "DISTRITO": "LA TOMA", "LOCALIDAD": "GRAN CONCEPCIÓN", "n_per": 3934.0, "n_hombres": 1872.0, "n_mujeres": 2062.0, "n_edad_60_mas": 570.0, "n_asistencia_basica": 332.0, "n_asistencia_media": 162.0, "n_asistencia_superior": 304.0, "n_transporte_auto": 1089.0, "n_transporte_publico": 376.0, "n_transporte_camina": 36.0, "n_transporte_bicicleta": 14.0 }, "geometry": { "type": "Polygon", "coordinates": [ [ [ -73.049074412999971, -36.780274401999975 ], [ -73.046130543999936, -36.780568571999936 ], [ -73.042341736999958, -36.780517979999956 ], [ -73.04181618299998, -36.78069589699993 ], [ -73.041736502999981, -36.780964982999933 ], [ -73.042085909999969, -36.781957687999977 ], [ -73.042159080999966, -36.782770085999971 ], [ -73.042754097999989, -36.784267068999952 ], [ -73.042762397999979, -36.784984984999937 ], [ -73.043153059999952, -36.784961611999961 ], [ -73.044393725999953, -36.784399682999947 ], [ -73.045616635999977, -36.784240907999958 ], [ -73.047396308999964, -36.784776310999973 ], [ -73.048428892999937, -36.785386567999979 ], [ -73.050012395999943, -36.78567013299994 ], [ -73.052760466999985, -36.785771112999953 ], [ -73.053446627999961, -36.786701077999965 ], [ -73.054664969999976, -36.787001542999974 ], [ -73.054394515999945, -36.783326932999955 ], [ -73.051793679999946, -36.780994977999967 ], [ -73.049074412999971, -36.780274401999975 ] ] ] } },
{ "type": "Feature", "properties": { "CUT": 8101, "COMUNA": "CONCEPCIÓN", "AREA_C": "URBANO", "DISTRITO": "LA TOMA", "LOCALIDAD": "GRAN CONCEPCIÓN", "n_per": 6039.0, "n_hombres": 2845.0, "n_mujeres": 3194.0, "n_edad_60_mas": 725.0, "n_asistencia_basica": 744.0, "n_asistencia_media": 281.0, "n_asistencia_superior": 407.0, "n_transporte_auto": 1544.0, "n_transporte_publico": 720.0, "n_transporte_camina": 53.0, "n_transporte_bicicleta": 8.0 }, "geometry": { "type": "Polygon", "coordinates": [ [ [ -73.041583315999958, -36.776520077999976 ], [ -73.041117694999969, -36.77644833599993 ], [ -73.040797616999953, -36.776608718999967 ], [ -73.038293707999969, -36.779170144999966 ], [ -73.03732698999994, -36.77936243299996 ], [ -73.036637527999972, -36.779243687999951 ], [ -73.036266254999987, -36.778860991999977 ], [ -73.035652788999982, -36.778742742999952 ], [ -73.035071782999978, -36.778388961999951 ], [ -73.032382446999975, -36.777736577999974 ], [ -73.031142030999945, -36.776770841999962 ], [ -73.030209899999988, -36.776680343999942 ], [ -73.02950070199995, -36.777190708999967 ], [ -73.028876026999967, -36.777143592999948 ], [ -73.028515014999982, -36.776923459999978 ], [ -73.027931544999944, -36.776083648999929 ], [ -73.026966619999939, -36.775881259999949 ], [ -73.02678326299997, -36.776241637999931 ], [ -73.027130616999955, -36.777577034999979 ], [ -73.026891598999953, -36.777854461999937 ], [ -73.026913889999946, -36.778070518999982 ], [ -73.027359685999954, -36.77898689999995 ], [ -73.027930113999957, -36.779481453999949 ], [ -73.02814561799994, -36.779947136999965 ], [ -73.028203432999987, -36.781322073999945 ], [ -73.028503396999952, -36.781836474999977 ], [ -73.028560822999964, -36.783596630999966 ], [ -73.029005929999983, -36.784345618999964 ], [ -73.02906902899997, -36.786023666999938 ], [ -73.029846925999948, -36.787552313999981 ], [ -73.029751011999963, -36.788015807999955 ], [ -73.029916843999956, -36.788369381999985 ], [ -73.030754454999965, -36.788968046999969 ], [ -73.033077188999982, -36.788080836999939 ], [ -73.03421266099997, -36.787402443999952 ], [ -73.036102204999963, -36.787099327999954 ], [ -73.037127917999953, -36.786319790999983 ], [ -73.037380472999985, -36.78630282599994 ], [ -73.03753852899996, -36.785819878999973 ], [ -73.037883882999949, -36.785625085999982 ], [ -73.040943238999944, -36.785491307999962 ], [ -73.042686008999965, -36.785144074999948 ], [ -73.042817698999954, -36.784804144999953 ], [ -73.042754097999989, -36.784267068999952 ], [ -73.042159080999966, -36.782770085999971 ], [ -73.042085909999969, -36.781957687999977 ], [ -73.041513786999985, -36.780195187999936 ], [ -73.040746564999949, -36.779632740999944 ], [ -73.040415669999959, -36.778491616999929 ], [ -73.045053184999972, -36.775168029999975 ], [ -73.045478203999949, -36.77444864399996 ], [ -73.043958189999955, -36.774065832999952 ], [ -73.043413072999954, -36.773643498999945 ], [ -73.042955795999944, -36.773874469999953 ], [ -73.042175258999976, -36.774539259999983 ], [ -73.04243179599996, -36.775753423999959 ], [ -73.041583315999958, -36.776520077999976 ] ] ] } },
{ "type": "Feature", "properties": { "CUT": 8101, "COMUNA": "CONCEPCIÓN", "AREA_C": "URBANO", "DISTRITO": "PLAZA CRUZ", "LOCALIDAD": "GRAN CONCEPCIÓN", "n_per": 2866.0, "n_hombres": 1315.0, "n_mujeres": 1551.0, "n_edad_60_mas": 348.0, "n_asistencia_basica": 305.0, "n_asistencia_media": 155.0, "n_asistencia_superior": 225.0, "n_transporte_auto": 292.0, "n_transporte_publico": 613.0, "n_transporte_camina": 188.0, "n_transporte_bicicleta": 62.0 }, "geometry": { "type": "Polygon", "coordinates": [ [ [ -73.062973803999967, -36.815076523999949 ], [ -73.061645158999966, -36.815253157999962 ], [ -73.061580864999939, -36.815365689999965 ], [ -73.062804439999979, -36.818404156999975 ], [ -73.062129290999962, -36.819587406999972 ], [ -73.064341513999977, -36.820524775999957 ], [ -73.064668200999961, -36.82099720399998 ], [ -73.066301521999947, -36.819054895999955 ], [ -73.066432978999956, -36.818493159999946 ], [ -73.066377646999968, -36.813198417999956 ], [ -73.066645070999982, -36.811966564999977 ], [ -73.066436966999959, -36.811923376999971 ], [ -73.06595970099994, -36.813385583999946 ], [ -73.062973803999967, -36.815076523999949 ] ] ] } },
{ "type": "Feature", "properties": { "CUT": 8101, "COMUNA": "CONCEPCIÓN", "AREA_C": "URBANO", "DISTRITO": "LICEO DE HOMBRES", "LOCALIDAD": "GRAN CONCEPCIÓN", "n_per": 1175.0, "n_hombres": 521.0, "n_mujeres": 654.0, "n_edad_60_mas": 213.0, "n_asistencia_basica": 42.0, "n_asistencia_media": 14.0, "n_asistencia_superior": 189.0, "n_transporte_auto": 134.0, "n_transporte_publico": 108.0, "n_transporte_camina": 246.0, "n_transporte_bicicleta": 19.0 }, "geometry": { "type": "Polygon", "coordinates": [ [ [ -73.040380187999972, -36.828775826999959 ], [ -73.041487660999962, -36.829479082999967 ], [ -73.04355579099996, -36.826224951999961 ], [ -73.042296477999969, -36.825706864999972 ], [ -73.042082295999933, -36.82605485199997 ], [ -73.042148960999953, -36.826353375999929 ], [ -73.041535795999948, -36.826492001999952 ], [ -73.041636771999947, -36.826764060999949 ], [ -73.040380187999972, -36.828775826999959 ] ] ] } },
{ "type": "Feature", "properties": { "CUT": 8101, "COMUNA": "CONCEPCIÓN", "AREA_C": "URBANO", "DISTRITO": "LO MÉNDEZ", "LOCALIDAD": "GRAN CONCEPCIÓN", "n_per": 2658.0, "n_hombres": 1308.0, "n_mujeres": 1350.0, "n_edad_60_mas": 774.0, "n_asistencia_basica": 186.0, "n_asistencia_media": 111.0, "n_asistencia_superior": 156.0, "n_transporte_auto": 220.0, "n_transporte_publico": 569.0, "n_transporte_camina": 137.0, "n_transporte_bicicleta": 44.0 }, "geometry": { "type": "Polygon", "coordinates": [ [ [ -73.045750132999956, -36.808854903999929 ], [ -73.046207361999961, -36.809470811999972 ], [ -73.04586368799994, -36.810285367999938 ], [ -73.046350971999971, -36.810766570999931 ], [ -73.046232209999971, -36.810998368999947 ], [ -73.049366723999981, -36.812004804999958 ], [ -73.050823543999968, -36.809717952999961 ], [ -73.051949346999947, -36.810186956999985 ], [ -73.052591087999986, -36.809150532999979 ], [ -73.052795809999964, -36.809240700999965 ], [ -73.053510535999976, -36.808173867999983 ], [ -73.053813157999969, -36.807216074999928 ], [ -73.048138557999948, -36.804847200999973 ], [ -73.044798583999977, -36.803931553999973 ], [ -73.045347728999957, -36.807433210999932 ], [ -73.045750132999956, -36.808854903999929 ] ] ] } },
{ "type": "Feature", "properties": { "CUT": 8101, "COMUNA": "CONCEPCIÓN", "AREA_C": "URBANO", "DISTRITO": "OBSERVATORIO", "LOCALIDAD": "GRAN CONCEPCIÓN", "n_per": 2312.0, "n_hombres": 1057.0, "n_mujeres": 1255.0, "n_edad_60_mas": 702.0, "n_asistencia_basica": 183.0, "n_asistencia_media": 76.0, "n_asistencia_superior": 151.0, "n_transporte_auto": 662.0, "n_transporte_publico": 170.0, "n_transporte_camina": 19.0, "n_transporte_bicicleta": 24.0 }, "geometry": { "type": "Polygon", "coordinates": [ [ [ -73.045914394999954, -36.842854792999958 ], [ -73.044748425999956, -36.845650015999979 ], [ -73.044441945999949, -36.849143871999956 ], [ -73.042083626999954, -36.848894050999945 ], [ -73.040962323999963, -36.855014403999974 ], [ -73.04649649299995, -36.855241066999952 ], [ -73.049613628999964, -36.85557420799995 ], [ -73.051012507999985, -36.850649915999952 ], [ -73.051362995999966, -36.846680927999955 ], [ -73.052261422999948, -36.844663103999949 ], [ -73.048518383999976, -36.843790510999952 ], [ -73.046884115999944, -36.84301106199996 ], [ -73.04643607099996, -36.843211000999929 ], [ -73.045914394999954, -36.842854792999958 ] ] ] } },
{ "type": "Feature", "properties": { "CUT": 8101, "COMUNA": "CONCEPCIÓN", "AREA_C": "URBANO", "DISTRITO": "LARENAS", "LOCALIDAD": "GRAN CONCEPCIÓN", "n_per": 4270.0, "n_hombres": 2050.0, "n_mujeres": 2220.0, "n_edad_60_mas": 1075.0, "n_asistencia_basica": 377.0, "n_asistencia_media": 184.0, "n_asistencia_superior": 245.0, "n_transporte_auto": 492.0, "n_transporte_publico": 886.0, "n_transporte_camina": 128.0, "n_transporte_bicicleta": 45.0 }, "geometry": { "type": "Polygon", "coordinates": [ [ [ -72.995823755999936, -36.831936925999969 ], [ -72.994924105999985, -36.833382990999951 ], [ -72.997044750999976, -36.836942811999961 ], [ -72.996716023999966, -36.837667560999932 ], [ -72.996702075999963, -36.838177965999932 ], [ -72.996995982999977, -36.839598810999973 ], [ -72.997395236999978, -36.840203236999969 ], [ -72.998215925999943, -36.840796572999977 ], [ -72.998360100999946, -36.841079377999961 ], [ -72.998792625999954, -36.841184736999935 ], [ -72.999337228999934, -36.841674379999972 ], [ -73.003664930999946, -36.848721588999979 ], [ -73.004220680999936, -36.849270685999954 ], [ -73.004402333999963, -36.849881535999941 ], [ -73.005399643999965, -36.851446338999949 ], [ -73.007661937999956, -36.848936392999974 ], [ -73.008627759999968, -36.848457045999965 ], [ -73.008852974999968, -36.848127491999946 ], [ -73.008291918999987, -36.847371862999978 ], [ -73.00724170999996, -36.847373054999935 ], [ -73.006861345999937, -36.847151351999969 ], [ -73.006793805999962, -36.846882309999955 ], [ -73.006974585999956, -36.846439772999929 ], [ -73.006862984999941, -36.846215817999962 ], [ -73.007250600999953, -36.846188248999965 ], [ -73.007343424999988, -36.845977816999948 ], [ -73.006251373999987, -36.844273956999984 ], [ -73.006660179999983, -36.843851068999982 ], [ -73.007729790999974, -36.843474951999951 ], [ -73.007975137999949, -36.84321633299993 ], [ -73.007855287999973, -36.842346629999952 ], [ -73.008317838999972, -36.84126694899993 ], [ -73.006965693999973, -36.841024540999967 ], [ -73.006115636999937, -36.839483187999974 ], [ -73.005415567999989, -36.838579056999947 ], [ -73.003743529999952, -36.83839583699995 ], [ -73.003009816999963, -36.836645188999967 ], [ -73.002306759999954, -36.835733395999966 ], [ -73.002588838999941, -36.835305326999958 ], [ -73.00261728299995, -36.834729685999946 ], [ -73.002757235999979, -36.834573232999958 ], [ -73.005909575999965, -36.833935154999949 ], [ -73.006638175999967, -36.834125308999944 ], [ -73.007215622999979, -36.833978957999932 ], [ -73.00758170499995, -36.832574026999964 ], [ -73.003538714999934, -36.831823561999954 ], [ -72.998749000999965, -36.828747789999966 ], [ -72.997492340999941, -36.830248091999977 ], [ -72.996060828999987, -36.831112981999979 ], [ -72.995823755999936, -36.831936925999969 ] ] ] } },
{ "type": "Feature", "properties": { "CUT": 8101, "COMUNA": "CONCEPCIÓN", "AREA_C": "URBANO", "DISTRITO": "LO PEQUÉN", "LOCALIDAD": "GRAN CONCEPCIÓN", "n_per": 6006.0, "n_hombres": 2862.0, "n_mujeres": 3144.0, "n_edad_60_mas": 1184.0, "n_asistencia_basica": 502.0, "n_asistencia_media": 248.0, "n_asistencia_superior": 367.0, "n_transporte_auto": 633.0, "n_transporte_publico": 1130.0, "n_transporte_camina": 128.0, "n_transporte_bicicleta": 63.0 }, "geometry": { "type": "Polygon", "coordinates": [ [ [ -73.013240499999938, -36.828762403999974 ], [ -73.011582785999963, -36.828914944999951 ], [ -73.011017332999984, -36.830915414999936 ], [ -73.010571028999948, -36.831534358999932 ], [ -73.008673648999945, -36.830774278999968 ], [ -73.007519394999974, -36.832701004999933 ], [ -73.007215622999979, -36.833978957999932 ], [ -73.006638175999967, -36.834125308999944 ], [ -73.005909575999965, -36.833935154999949 ], [ -73.002757235999979, -36.834573232999958 ], [ -73.00261728299995, -36.834729685999946 ], [ -73.002588838999941, -36.835305326999958 ], [ -73.002306759999954, -36.835733395999966 ], [ -73.003009816999963, -36.836645188999967 ], [ -73.003743529999952, -36.83839583699995 ], [ -73.005415567999989, -36.838579056999947 ], [ -73.006115636999937, -36.839483187999974 ], [ -73.006965693999973, -36.841024540999967 ], [ -73.008305082999982, -36.841239966999979 ], [ -73.007855287999973, -36.842346629999952 ], [ -73.007975137999949, -36.84321633299993 ], [ -73.007729790999974, -36.843474951999951 ], [ -73.006660179999983, -36.843851068999982 ], [ -73.006260101999942, -36.844230779999975 ], [ -73.007343424999988, -36.845977816999948 ], [ -73.007250600999953, -36.846188248999965 ], [ -73.006862984999941, -36.846215817999962 ], [ -73.006972185999985, -36.846510575999957 ], [ -73.006814170999974, -36.84706349399994 ], [ -73.007355171999961, -36.847387214999969 ], [ -73.009003617999952, -36.847203122999929 ], [ -73.009881333999942, -36.848116872999981 ], [ -73.010604202999957, -36.847998463999943 ], [ -73.010682446999965, -36.847450453999954 ], [ -73.011576373999958, -36.846837320999953 ], [ -73.012224086999936, -36.845860011999946 ], [ -73.012755536999975, -36.845812061999936 ], [ -73.013559420999968, -36.846265953999932 ], [ -73.014231184999971, -36.846259119999957 ], [ -73.014760599999988, -36.84350176099997 ], [ -73.01540633999997, -36.842381398999976 ], [ -73.015447408999989, -36.841931427999953 ], [ -73.016341101999956, -36.840571844999943 ], [ -73.016335431999948, -36.839787606999948 ], [ -73.016731618999984, -36.83747333499997 ], [ -73.016927507999981, -36.837040961999946 ], [ -73.016276760999972, -36.83723088499994 ], [ -73.01539416199995, -36.83724983299993 ], [ -73.01474385399996, -36.83692462099998 ], [ -73.014455806999933, -36.835211467999954 ], [ -73.014553483999975, -36.834999209999978 ], [ -73.014282090999984, -36.834150904999944 ], [ -73.014171562999934, -36.832937251999965 ], [ -73.015529109999989, -36.833357017999958 ], [ -73.01577627599994, -36.833223767999982 ], [ -73.015751985999941, -36.832564478999984 ], [ -73.016710629999977, -36.832614896999985 ], [ -73.016994991999979, -36.832268128999942 ], [ -73.016546095999956, -36.830899651999971 ], [ -73.015991961999987, -36.830106258999933 ], [ -73.015998689999947, -36.829601633999971 ], [ -73.014935278999985, -36.82950726699994 ], [ -73.013938337999946, -36.82843567499998 ], [ -73.013240499999938, -36.828762403999974 ] ] ] } },
{ "type": "Feature", "properties": { "CUT": 8101, "COMUNA": "CONCEPCIÓN", "AREA_C": "URBANO", "DISTRITO": "LA TOMA", "LOCALIDAD": "GRAN CONCEPCIÓN", "n_per": 5721.0, "n_hombres": 2611.0, "n_mujeres": 3110.0, "n_edad_60_mas": 584.0, "n_asistencia_basica": 667.0, "n_asistencia_media": 339.0, "n_asistencia_superior": 487.0, "n_transporte_auto": 1316.0, "n_transporte_publico": 1008.0, "n_transporte_camina": 48.0, "n_transporte_bicicleta": 16.0 }, "geometry": { "type": "Polygon", "coordinates": [ [ [ -73.03797990399994, -36.785602753999967 ], [ -73.03753852899996, -36.785819878999973 ], [ -73.037380472999985, -36.78630282599994 ], [ -73.037127917999953, -36.786319790999983 ], [ -73.036102204999963, -36.787099327999954 ], [ -73.03421266099997, -36.787402443999952 ], [ -73.033077188999982, -36.788080836999939 ], [ -73.030754454999965, -36.788968046999969 ], [ -73.031049935999988, -36.78922842299994 ], [ -73.03143132699995, -36.790107758999966 ], [ -73.031477308999968, -36.790772795999942 ], [ -73.031779177999965, -36.791234312999961 ], [ -73.031683162999968, -36.791796587999954 ], [ -73.033082, -36.792859747999955 ], [ -73.032791545999942, -36.792966682999975 ], [ -73.032522566999944, -36.793531109999947 ], [ -73.033963959999937, -36.794108724999944 ], [ -73.034601042999952, -36.794702173999951 ], [ -73.035171415999969, -36.793934178999962 ], [ -73.037011437999979, -36.792562607999969 ], [ -73.036333786999933, -36.791876551999962 ], [ -73.037609402999976, -36.791293725999935 ], [ -73.038048168999978, -36.79048526899993 ], [ -73.038027660999944, -36.789669231999937 ], [ -73.038556943999936, -36.788826212999936 ], [ -73.040655934999961, -36.78858140799997 ], [ -73.040471048999962, -36.785606605999931 ], [ -73.03797990399994, -36.785602753999967 ] ] ] } },
{ "type": "Feature", "properties": { "CUT": 8101, "COMUNA": "CONCEPCIÓN", "AREA_C": "URBANO", "DISTRITO": "LA PÓLVORA", "LOCALIDAD": "GRAN CONCEPCIÓN", "n_per": 3069.0, "n_hombres": 1532.0, "n_mujeres": 1537.0, "n_edad_60_mas": 505.0, "n_asistencia_basica": 156.0, "n_asistencia_media": 63.0, "n_asistencia_superior": 547.0, "n_transporte_auto": 342.0, "n_transporte_publico": 581.0, "n_transporte_camina": 190.0, "n_transporte_bicicleta": 60.0 }, "geometry": { "type": "Polygon", "coordinates": [ [ [ -73.038827028999947, -36.808565468999973 ], [ -73.038346932999957, -36.809021720999965 ], [ -73.039027432999944, -36.80948779199997 ], [ -73.040382332999968, -36.810074272999941 ], [ -73.040265449999936, -36.810334277999971 ], [ -73.041966471999956, -36.811117475999936 ], [ -73.039882141999954, -36.814432115999978 ], [ -73.046184964999952, -36.817059798999935 ], [ -73.049366723999981, -36.812004804999958 ], [ -73.041080996999938, -36.809568787999979 ], [ -73.039530424999953, -36.809006691999969 ], [ -73.038827028999947, -36.808565468999973 ] ] ] } },
{ "type": "Feature", "properties": { "CUT": 8103, "COMUNA": "CHIGUAYANTE", "AREA_C": "URBANO", "DISTRITO": "LONCO", "LOCALIDAD": "GRAN CONCEPCIÓN", "n_per": 1756.0, "n_hombres": 820.0, "n_mujeres": 936.0, "n_edad_60_mas": 453.0, "n_asistencia_basica": 180.0, "n_asistencia_media": 79.0, "n_asistencia_superior": 115.0, "n_transporte_auto": 584.0, "n_transporte_publico": 109.0, "n_transporte_camina": 11.0, "n_transporte_bicicleta": 2.0 }, "geometry": { "type": "Polygon", "coordinates": [ [ [ -73.028995911999971, -36.885896589999959 ], [ -73.028622064999979, -36.885713407999958 ], [ -73.027841414999955, -36.886549934999948 ], [ -73.026436222999962, -36.887313809999966 ], [ -73.027310098999976, -36.888808951999977 ], [ -73.02548427399995, -36.890778790999946 ], [ -73.024609082999973, -36.892278443999942 ], [ -73.023596105999957, -36.895051821999971 ], [ -73.021998783999948, -36.897752814999933 ], [ -73.021580043999961, -36.898998544999984 ], [ -73.020970240999986, -36.902754252999955 ], [ -73.021970942999985, -36.902337872999965 ], [ -73.02195306599998, -36.902840053999967 ], [ -73.022168434999969, -36.902981464999982 ], [ -73.022863625999946, -36.902197261999959 ], [ -73.023376747999976, -36.901924144999953 ], [ -73.023442638999938, -36.902245204999929 ], [ -73.023748285999943, -36.902367460999983 ], [ -73.02474142799997, -36.901983273999974 ], [ -73.030019760999949, -36.902556373999971 ], [ -73.030469318999963, -36.900212316999955 ], [ -73.031934466999985, -36.897730965999983 ], [ -73.032636970999988, -36.896111577999932 ], [ -73.034864435999964, -36.89665284299997 ], [ -73.036910973999966, -36.896818580999934 ], [ -73.036741925999934, -36.896035197999936 ], [ -73.037152382999977, -36.894470702999968 ], [ -73.036967974999982, -36.893465379999952 ], [ -73.037259458999984, -36.892846719999966 ], [ -73.037158331999933, -36.89198416499994 ], [ -73.037402226999973, -36.891627245999985 ], [ -73.037622326999951, -36.890723050999952 ], [ -73.037985194999976, -36.89022336499994 ], [ -73.038084665999975, -36.888691362999964 ], [ -73.036037332999967, -36.888683063999963 ], [ -73.037175589999947, -36.886567920999937 ], [ -73.037362108999957, -36.885531409999942 ], [ -73.036992896999948, -36.886503231999939 ], [ -73.036535728999979, -36.88682916099998 ], [ -73.036055356999952, -36.886938389999955 ], [ -73.035367307999934, -36.886627325999939 ], [ -73.034505060999948, -36.886682913999948 ], [ -73.03377136499995, -36.88625166199995 ], [ -73.031140986999958, -36.88684802399996 ], [ -73.030186255999979, -36.886368020999953 ], [ -73.029929925999966, -36.88583650399994 ], [ -73.030143865999946, -36.885452487999942 ], [ -73.029995691999943, -36.885296807999964 ], [ -73.028995911999971, -36.885896589999959 ] ] ] } },
{ "type": "Feature", "properties": { "CUT": 8103, "COMUNA": "CHIGUAYANTE", "AREA_C": "URBANO", "DISTRITO": "MATADERO", "LOCALIDAD": "GRAN CONCEPCIÓN", "n_per": 5544.0, "n_hombres": 2611.0, "n_mujeres": 2933.0, "n_edad_60_mas": 1153.0, "n_asistencia_basica": 497.0, "n_asistencia_media": 280.0, "n_asistencia_superior": 317.0, "n_transporte_auto": 988.0, "n_transporte_publico": 1091.0, "n_transporte_camina": 153.0, "n_transporte_bicicleta": 34.0 }, "geometry": { "type": "Polygon", "coordinates": [ [ [ -73.032636970999988, -36.896111577999932 ], [ -73.031934466999985, -36.897730965999983 ], [ -73.030469318999963, -36.900212316999955 ], [ -73.030019760999949, -36.902556373999971 ], [ -73.02474142799997, -36.901983273999974 ], [ -73.023748285999943, -36.902367460999983 ], [ -73.023442638999938, -36.902245204999929 ], [ -73.023376747999976, -36.901924144999953 ], [ -73.022863625999946, -36.902197261999959 ], [ -73.022168434999969, -36.902981464999982 ], [ -73.02195306599998, -36.902840053999967 ], [ -73.021970942999985, -36.902337872999965 ], [ -73.020970240999986, -36.902754252999955 ], [ -73.020932718999973, -36.904635414999973 ], [ -73.020411791999948, -36.909730357999933 ], [ -73.029289540999969, -36.910382026999969 ], [ -73.029273406999948, -36.912618873999975 ], [ -73.028839889999972, -36.91486038599993 ], [ -73.029434757999979, -36.914955536999969 ], [ -73.03065322499998, -36.912976184999934 ], [ -73.030772569999954, -36.913013658999944 ], [ -73.03124164999997, -36.912298135999947 ], [ -73.033996695999974, -36.913082849999967 ], [ -73.036224578999963, -36.912945402999981 ], [ -73.03642668599997, -36.912776410999982 ], [ -73.035930973999939, -36.91223995699994 ], [ -73.035611830999983, -36.911383843999943 ], [ -73.035933265999972, -36.911122192999983 ], [ -73.036190777999934, -36.910254346999977 ], [ -73.036655735999943, -36.909827242999938 ], [ -73.036603110999977, -36.909191852999982 ], [ -73.035528974999977, -36.907770572999937 ], [ -73.035265301999971, -36.906669228999931 ], [ -73.034589165999989, -36.90643451699998 ], [ -73.034878075999984, -36.905891302999976 ], [ -73.035122058999946, -36.90591363599998 ], [ -73.036530569999968, -36.907214444999966 ], [ -73.036347348999982, -36.906756885999982 ], [ -73.035644762999937, -36.90600853799998 ], [ -73.035395048999987, -36.904592592999961 ], [ -73.034968222999964, -36.903826246999984 ], [ -73.03508469999997, -36.901152936999949 ], [ -73.034967509999944, -36.900331437999967 ], [ -73.035080166999933, -36.899277598999959 ], [ -73.035813277999978, -36.898587694999947 ], [ -73.035968030999982, -36.898040545999947 ], [ -73.036813309999957, -36.897653230999936 ], [ -73.037063153999952, -36.897218979999934 ], [ -73.036910973999966, -36.896818580999934 ], [ -73.034864435999964, -36.89665284299997 ], [ -73.032636970999988, -36.896111577999932 ] ] ] } },
{ "type": "Feature", "properties": { "CUT": 8103, "COMUNA": "CHIGUAYANTE", "AREA_C": "URBANO", "DISTRITO": "FÁBRICA", "LOCALIDAD": "GRAN CONCEPCIÓN", "n_per": 4133.0, "n_hombres": 1969.0, "n_mujeres": 2164.0, "n_edad_60_mas": 841.0, "n_asistencia_basica": 428.0, "n_asistencia_media": 182.0, "n_asistencia_superior": 236.0, "n_transporte_auto": 896.0, "n_transporte_publico": 566.0, "n_transporte_camina": 65.0, "n_transporte_bicicleta": 21.0 }, "geometry": { "type": "Polygon", "coordinates": [ [ [ -73.03124164999997, -36.912298135999947 ], [ -73.030772569999954, -36.913013658999944 ], [ -73.03065322499998, -36.912976184999934 ], [ -73.028500673999986, -36.91629491499998 ], [ -73.027257519999978, -36.919766248999963 ], [ -73.028011786999969, -36.919901138999933 ], [ -73.029103391999968, -36.920775501999969 ], [ -73.030249031999972, -36.921159540999952 ], [ -73.033694959999934, -36.921608719999938 ], [ -73.033952235999948, -36.919021723999947 ], [ -73.034321752999972, -36.919248661999973 ], [ -73.035715867999954, -36.919163573999981 ], [ -73.035694497999941, -36.918479831999946 ], [ -73.036109531999955, -36.918404905999978 ], [ -73.035958268999934, -36.917827320999947 ], [ -73.036073100999943, -36.916769341999952 ], [ -73.036676541999952, -36.916669268999954 ], [ -73.036678091999988, -36.916025272999946 ], [ -73.036010645999966, -36.913172865999968 ], [ -73.036224578999963, -36.912945402999981 ], [ -73.033907871999986, -36.913072365999938 ], [ -73.03124164999997, -36.912298135999947 ] ] ] } },
{ "type": "Feature", "properties": { "CUT": 8103, "COMUNA": "CHIGUAYANTE", "AREA_C": "URBANO", "DISTRITO": "FÁBRICA", "LOCALIDAD": "GRAN CONCEPCIÓN", "n_per": 3248.0, "n_hombres": 1510.0, "n_mujeres": 1738.0, "n_edad_60_mas": 894.0, "n_asistencia_basica": 244.0, "n_asistencia_media": 122.0, "n_asistencia_superior": 201.0, "n_transporte_auto": 481.0, "n_transporte_publico": 552.0, "n_transporte_camina": 72.0, "n_transporte_bicicleta": 14.0 }, "geometry": { "type": "Polygon", "coordinates": [ [ [ -73.035715867999954, -36.919163573999981 ], [ -73.034321752999972, -36.919248661999973 ], [ -73.033952235999948, -36.919021723999947 ], [ -73.033694959999934, -36.921608719999938 ], [ -73.030249031999972, -36.921159540999952 ], [ -73.029103391999968, -36.920775501999969 ], [ -73.028011786999969, -36.919901138999933 ], [ -73.027257519999978, -36.919766248999963 ], [ -73.02602901299997, -36.923441867999941 ], [ -73.026226211999983, -36.923502523999957 ], [ -73.026129116999982, -36.923729801999968 ], [ -73.029730781999945, -36.924557875999938 ], [ -73.033802930999968, -36.92508053399996 ], [ -73.033920104999936, -36.924474092999958 ], [ -73.03681590399998, -36.924649482999939 ], [ -73.036931051999943, -36.922891192999941 ], [ -73.037424520999934, -36.922121251999954 ], [ -73.037529655999947, -36.921396356999935 ], [ -73.037477653999986, -36.920709962999979 ], [ -73.036676740999951, -36.917872659999944 ], [ -73.036676541999952, -36.916669268999954 ], [ -73.036073100999943, -36.916769341999952 ], [ -73.035958268999934, -36.917827320999947 ], [ -73.036109531999955, -36.918404905999978 ], [ -73.035694497999941, -36.918479831999946 ], [ -73.035715867999954, -36.919163573999981 ] ] ] } },
{ "type": "Feature", "properties": { "CUT": 8103, "COMUNA": "CHIGUAYANTE", "AREA_C": "URBANO", "DISTRITO": "CHIGUAYANTE", "LOCALIDAD": "GRAN CONCEPCIÓN", "n_per": 4001.0, "n_hombres": 1935.0, "n_mujeres": 2066.0, "n_edad_60_mas": 926.0, "n_asistencia_basica": 353.0, "n_asistencia_media": 153.0, "n_asistencia_superior": 218.0, "n_transporte_auto": 491.0, "n_transporte_publico": 712.0, "n_transporte_camina": 111.0, "n_transporte_bicicleta": 46.0 }, "geometry": { "type": "Polygon", "coordinates": [ [ [ -73.017044461999944, -36.92107813299998 ], [ -73.011760072999948, -36.92656306799995 ], [ -73.01686809499995, -36.928962923999961 ], [ -73.017869537999957, -36.92958445599993 ], [ -73.017965283999956, -36.929485973999931 ], [ -73.022520765999957, -36.931564298999945 ], [ -73.026785077999989, -36.921473299999946 ], [ -73.025049154999977, -36.921192709999957 ], [ -73.020569992999981, -36.919554339999934 ], [ -73.019055875999982, -36.918164665999939 ], [ -73.017044461999944, -36.92107813299998 ] ] ] } },
{ "type": "Feature", "properties": { "CUT": 8103, "COMUNA": "CHIGUAYANTE", "AREA_C": "URBANO", "DISTRITO": "FÁBRICA", "LOCALIDAD": "GRAN CONCEPCIÓN", "n_per": 3177.0, "n_hombres": 1460.0, "n_mujeres": 1717.0, "n_edad_60_mas": 1030.0, "n_asistencia_basica": 248.0, "n_asistencia_media": 124.0, "n_asistencia_superior": 146.0, "n_transporte_auto": 256.0, "n_transporte_publico": 596.0, "n_transporte_camina": 94.0, "n_transporte_bicicleta": 35.0 }, "geometry": { "type": "Polygon", "coordinates": [ [ [ -73.025378733999958, -36.924973983999962 ], [ -73.027475748999962, -36.925516377999941 ], [ -73.027237963999937, -36.926134326999943 ], [ -73.027784216999976, -36.926283103999936 ], [ -73.027404254999965, -36.927223161999962 ], [ -73.027941872999975, -36.927407846999984 ], [ -73.02859284699997, -36.928045062999956 ], [ -73.034612516999971, -36.929728601999955 ], [ -73.035330740999939, -36.928889952999953 ], [ -73.03597326299996, -36.92842550499995 ], [ -73.036385507999967, -36.927786537999964 ], [ -73.03681590399998, -36.924649482999939 ], [ -73.033920104999936, -36.924474092999958 ], [ -73.033804052999983, -36.92508055199994 ], [ -73.032380831999944, -36.924939807999976 ], [ -73.027975648999984, -36.924190750999969 ], [ -73.026129116999982, -36.923729801999968 ], [ -73.026226211999983, -36.923502523999957 ], [ -73.02602901299997, -36.923441867999941 ], [ -73.025378733999958, -36.924973983999962 ] ] ] } },
{ "type": "Feature", "properties": { "CUT": 8103, "COMUNA": "CHIGUAYANTE", "AREA_C": "URBANO", "DISTRITO": "FÁBRICA", "LOCALIDAD": "GRAN CONCEPCIÓN", "n_per": 2765.0, "n_hombres": 1286.0, "n_mujeres": 1479.0, "n_edad_60_mas": 884.0, "n_asistencia_basica": 224.0, "n_asistencia_media": 115.0, "n_asistencia_superior": 138.0, "n_transporte_auto": 227.0, "n_transporte_publico": 500.0, "n_transporte_camina": 106.0, "n_transporte_bicicleta": 36.0 }, "geometry": { "type": "Polygon", "coordinates": [ [ [ -73.025378733999958, -36.924973983999962 ], [ -73.023518993999971, -36.929272199999957 ], [ -73.033346883999968, -36.931965528999967 ], [ -73.034612516999971, -36.929728601999955 ], [ -73.02859284699997, -36.928045062999956 ], [ -73.027941872999975, -36.927407846999984 ], [ -73.027404254999965, -36.927223161999962 ], [ -73.027784216999976, -36.926283103999936 ], [ -73.027237963999937, -36.926134326999943 ], [ -73.027475748999962, -36.925516377999941 ], [ -73.025378733999958, -36.924973983999962 ] ] ] } },
{ "type": "Feature", "properties": { "CUT": 8103, "COMUNA": "CHIGUAYANTE", "AREA_C": "URBANO", "DISTRITO": "LA LEONERA", "LOCALIDAD": "GRAN CONCEPCIÓN", "n_per": 3472.0, "n_hombres": 1638.0, "n_mujeres": 1834.0, "n_edad_60_mas": 770.0, "n_asistencia_basica": 316.0, "n_asistencia_media": 139.0, "n_asistencia_superior": 248.0, "n_transporte_auto": 373.0, "n_transporte_publico": 692.0, "n_transporte_camina": 58.0, "n_transporte_bicicleta": 29.0 }, "geometry": { "type": "Polygon", "coordinates": [ [ [ -73.017762334999986, -36.942357677999951 ], [ -73.01934734799994, -36.938799388999939 ], [ -73.012543689999973, -36.936177638999936 ], [ -73.013872553999988, -36.933757580999952 ], [ -73.017869537999957, -36.92958445599993 ], [ -73.01686809499995, -36.928962923999961 ], [ -73.011760072999948, -36.92656306799995 ], [ -73.007432836999953, -36.931215820999967 ], [ -73.006665538999982, -36.932503528999973 ], [ -73.005228286999966, -36.935635960999946 ], [ -73.011276487999965, -36.938099201999933 ], [ -73.010586916999955, -36.939593929999944 ], [ -73.017762334999986, -36.942357677999951 ] ] ] } },
{ "type": "Feature", "properties": { "CUT": 8103, "COMUNA": "CHIGUAYANTE", "AREA_C": "URBANO", "DISTRITO": "FÁBRICA", "LOCALIDAD": "GRAN CONCEPCIÓN", "n_per": 2076.0, "n_hombres": 976.0, "n_mujeres": 1100.0, "n_edad_60_mas": 566.0, "n_asistencia_basica": 172.0, "n_asistencia_media": 96.0, "n_asistencia_superior": 94.0, "n_transporte_auto": 129.0, "n_transporte_publico": 440.0, "n_transporte_camina": 82.0, "n_transporte_bicicleta": 27.0 }, "geometry": { "type": "Polygon", "coordinates": [ [ [ -73.027553486999977, -36.933683481999935 ], [ -73.028838135999933, -36.930721501999983 ], [ -73.023518011999954, -36.929271773999972 ], [ -73.022520765999957, -36.931564298999945 ], [ -73.027553486999977, -36.933683481999935 ] ] ] } },
{ "type": "Feature", "properties": { "CUT": 8103, "COMUNA": "CHIGUAYANTE", "AREA_C": "URBANO", "DISTRITO": "LA LEONERA", "LOCALIDAD": "GRAN CONCEPCIÓN", "n_per": 4101.0, "n_hombres": 1961.0, "n_mujeres": 2140.0, "n_edad_60_mas": 924.0, "n_asistencia_basica": 379.0, "n_asistencia_media": 190.0, "n_asistencia_superior": 285.0, "n_transporte_auto": 579.0, "n_transporte_publico": 722.0, "n_transporte_camina": 112.0, "n_transporte_bicicleta": 27.0 }, "geometry": { "type": "Polygon", "coordinates": [ [ [ -73.015136355999971, -36.932359045999931 ], [ -73.013589070999956, -36.934158193999963 ], [ -73.012543689999973, -36.936177638999936 ], [ -73.01934734799994, -36.938799388999939 ], [ -73.022520765999957, -36.931564298999945 ], [ -73.017965283999956, -36.929485973999931 ], [ -73.015136355999971, -36.932359045999931 ] ] ] } },
{ "type": "Feature", "properties": { "CUT": 8103, "COMUNA": "CHIGUAYANTE", "AREA_C": "URBANO", "DISTRITO": "FÁBRICA", "LOCALIDAD": "GRAN CONCEPCIÓN", "n_per": 1363.0, "n_hombres": 635.0, "n_mujeres": 728.0, "n_edad_60_mas": 401.0, "n_asistencia_basica": 98.0, "n_asistencia_media": 58.0, "n_asistencia_superior": 87.0, "n_transporte_auto": 127.0, "n_transporte_publico": 262.0, "n_transporte_camina": 36.0, "n_transporte_bicicleta": 15.0 }, "geometry": { "type": "Polygon", "coordinates": [ [ [ -73.03191202499994, -36.935124925999958 ], [ -73.032809377999968, -36.932552746999932 ], [ -73.033346883999968, -36.931965528999967 ], [ -73.028838135999933, -36.930721501999983 ], [ -73.027600364999955, -36.933688766999978 ], [ -73.03191202499994, -36.935124925999958 ] ] ] } },
{ "type": "Feature", "properties": { "CUT": 8103, "COMUNA": "CHIGUAYANTE", "AREA_C": "URBANO", "DISTRITO": "LA LEONERA", "LOCALIDAD": "GRAN CONCEPCIÓN", "n_per": 4520.0, "n_hombres": 2196.0, "n_mujeres": 2324.0, "n_edad_60_mas": 1069.0, "n_asistencia_basica": 421.0, "n_asistencia_media": 205.0, "n_asistencia_superior": 245.0, "n_transporte_auto": 554.0, "n_transporte_publico": 838.0, "n_transporte_camina": 116.0, "n_transporte_bicicleta": 47.0 }, "geometry": { "type": "Polygon", "coordinates": [ [ [ -73.01934734799994, -36.938799388999939 ], [ -73.030135740999981, -36.942881373999967 ], [ -73.030119930999945, -36.942515507999929 ], [ -73.029815931999963, -36.942059270999948 ], [ -73.029836026999988, -36.941588583999931 ], [ -73.030381623999972, -36.940729411999939 ], [ -73.030631794999977, -36.939420904999963 ], [ -73.03155570499996, -36.938018115999967 ], [ -73.031919139999957, -36.935989177999943 ], [ -73.031915740999978, -36.935125951999964 ], [ -73.02741857999996, -36.933663214999967 ], [ -73.022520765999957, -36.931564298999945 ], [ -73.01934734799994, -36.938799388999939 ] ] ] } },
{ "type": "Feature", "properties": { "CUT": 8103, "COMUNA": "CHIGUAYANTE", "AREA_C": "URBANO", "DISTRITO": "LA LEONERA", "LOCALIDAD": "GRAN CONCEPCIÓN", "n_per": 3196.0, "n_hombres": 1544.0, "n_mujeres": 1652.0, "n_edad_60_mas": 650.0, "n_asistencia_basica": 215.0, "n_asistencia_media": 137.0, "n_asistencia_superior": 235.0, "n_transporte_auto": 264.0, "n_transporte_publico": 828.0, "n_transporte_camina": 60.0, "n_transporte_bicicleta": 17.0 }, "geometry": { "type": "Polygon", "coordinates": [ [ [ -73.003381420999972, -36.943897022999977 ], [ -73.00612205799996, -36.951868273999935 ], [ -73.005369230999975, -36.952618682999969 ], [ -73.006282401999954, -36.953021581999963 ], [ -73.006575717999965, -36.95356277999997 ], [ -73.00789477099994, -36.95401303899996 ], [ -73.008262250999962, -36.95440225699997 ], [ -73.010059308999985, -36.955473394999956 ], [ -73.010885925999958, -36.955266431999974 ], [ -73.011278350999987, -36.955345110999929 ], [ -73.012397444999976, -36.954363413999943 ], [ -73.012834908999935, -36.953708282999969 ], [ -73.013392449999969, -36.953776378999976 ], [ -73.013611810999976, -36.952634838999984 ], [ -73.013422119999973, -36.951643023999964 ], [ -73.01304218599995, -36.951710968999976 ], [ -73.012907945999984, -36.951276 ], [ -73.011029951999944, -36.951672665999979 ], [ -73.010707981999985, -36.950802023999984 ], [ -73.008879783999987, -36.949960204999968 ], [ -73.008782717999964, -36.948755343999949 ], [ -73.008991102999971, -36.948407332999977 ], [ -73.008569458999943, -36.947242090999964 ], [ -73.009738454999933, -36.946982292999962 ], [ -73.009479179999971, -36.946211841999968 ], [ -73.011048139999957, -36.945927189999964 ], [ -73.011159431999943, -36.946235496999975 ], [ -73.011539772999981, -36.946210322999946 ], [ -73.010475036999935, -36.943245234999949 ], [ -73.010229006999964, -36.941938733999962 ], [ -73.010348540999985, -36.941066476999936 ], [ -73.010905354999977, -36.939708807999978 ], [ -73.010586916999955, -36.939593929999944 ], [ -73.011276487999965, -36.938099201999933 ], [ -73.005228286999966, -36.935635960999946 ], [ -73.00367786399994, -36.939102800999933 ], [ -73.003155613999979, -36.941471337999928 ], [ -73.003165763999959, -36.942674306999947 ], [ -73.003381420999972, -36.943897022999977 ] ] ] } },
{ "type": "Feature", "properties": { "CUT": 8103, "COMUNA": "CHIGUAYANTE", "AREA_C": "URBANO", "DISTRITO": "LA LEONERA", "LOCALIDAD": "GRAN CONCEPCIÓN", "n_per": 5032.0, "n_hombres": 2347.0, "n_mujeres": 2685.0, "n_edad_60_mas": 905.0, "n_asistencia_basica": 477.0, "n_asistencia_media": 251.0, "n_asistencia_superior": 327.0, "n_transporte_auto": 610.0, "n_transporte_publico": 1086.0, "n_transporte_camina": 94.0, "n_transporte_bicicleta": 47.0 }, "geometry": { "type": "Polygon", "coordinates": [ [ [ -73.017771399999958, -36.942361260999974 ], [ -73.028056245999949, -36.946260167999981 ], [ -73.028721539999935, -36.944775654999944 ], [ -73.029507795999962, -36.944270008999979 ], [ -73.029690980999987, -36.943422760999965 ], [ -73.029996487999938, -36.943258205999939 ], [ -73.030135740999981, -36.942881373999967 ], [ -73.01934734799994, -36.938799388999939 ], [ -73.017771399999958, -36.942361260999974 ] ] ] } },
{ "type": "Feature", "properties": { "CUT": 8103, "COMUNA": "CHIGUAYANTE", "AREA_C": "URBANO", "DISTRITO": "LA LEONERA", "LOCALIDAD": "GRAN CONCEPCIÓN", "n_per": 5267.0, "n_hombres": 2462.0, "n_mujeres": 2805.0, "n_edad_60_mas": 758.0, "n_asistencia_basica": 629.0, "n_asistencia_media": 330.0, "n_asistencia_superior": 304.0, "n_transporte_auto": 557.0, "n_transporte_publico": 1172.0, "n_transporte_camina": 96.0, "n_transporte_bicicleta": 26.0 }, "geometry": { "type": "Polygon", "coordinates": [ [ [ -73.01360501399995, -36.952622709999957 ], [ -73.014043392999952, -36.951105863999942 ], [ -73.017771399999958, -36.942361260999974 ], [ -73.010905354999977, -36.939708807999978 ], [ -73.010348540999985, -36.941066476999936 ], [ -73.010310218999962, -36.942674654999962 ], [ -73.013382667999963, -36.951482230999943 ], [ -73.01360501399995, -36.952622709999957 ] ] ] } },
{ "type": "Feature", "properties": { "CUT": 8103, "COMUNA": "CHIGUAYANTE", "AREA_C": "URBANO", "DISTRITO": "LA LEONERA", "LOCALIDAD": "GRAN CONCEPCIÓN", "n_per": 7116.0, "n_hombres": 3296.0, "n_mujeres": 3820.0, "n_edad_60_mas": 961.0, "n_asistencia_basica": 830.0, "n_asistencia_media": 405.0, "n_asistencia_superior": 381.0, "n_transporte_auto": 904.0, "n_transporte_publico": 1609.0, "n_transporte_camina": 155.0, "n_transporte_bicicleta": 49.0 }, "geometry": { "type": "Polygon", "coordinates": [ [ [ -73.021856097999944, -36.955119803999935 ], [ -73.023144622999951, -36.952861411999947 ], [ -73.025476277999985, -36.950424255999962 ], [ -73.027829827999938, -36.947349924999969 ], [ -73.028056245999949, -36.946260167999981 ], [ -73.017771399999958, -36.942361260999974 ], [ -73.015452233999952, -36.947762583999975 ], [ -73.021004148999964, -36.949861011999928 ], [ -73.022540037999988, -36.950558074999947 ], [ -73.023767864999968, -36.951389691999964 ], [ -73.022499326999935, -36.952783607999947 ], [ -73.022368870999969, -36.953187019999973 ], [ -73.020975483999962, -36.954596358999936 ], [ -73.021856097999944, -36.955119803999935 ] ] ] } },
{ "type": "Feature", "properties": { "CUT": 8103, "COMUNA": "CHIGUAYANTE", "AREA_C": "URBANO", "DISTRITO": "LA LEONERA", "LOCALIDAD": "GRAN CONCEPCIÓN", "n_per": 1938.0, "n_hombres": 901.0, "n_mujeres": 1037.0, "n_edad_60_mas": 421.0, "n_asistencia_basica": 163.0, "n_asistencia_media": 67.0, "n_asistencia_superior": 155.0, "n_transporte_auto": 189.0, "n_transporte_publico": 551.0, "n_transporte_camina": 46.0, "n_transporte_bicicleta": 9.0 }, "geometry": { "type": "Polygon", "coordinates": [ [ [ -73.009479179999971, -36.946211841999968 ], [ -73.009738454999933, -36.946982292999962 ], [ -73.008569458999943, -36.947242090999964 ], [ -73.008991102999971, -36.948407332999977 ], [ -73.008782717999964, -36.948755343999949 ], [ -73.008879783999987, -36.949960204999968 ], [ -73.010707981999985, -36.950802023999984 ], [ -73.011029951999944, -36.951672665999979 ], [ -73.012907945999984, -36.951276 ], [ -73.01304218599995, -36.951710968999976 ], [ -73.013422119999973, -36.951643023999964 ], [ -73.011539772999981, -36.946210322999946 ], [ -73.011159431999943, -36.946235496999975 ], [ -73.011048139999957, -36.945927189999964 ], [ -73.009479179999971, -36.946211841999968 ] ] ] } },
{ "type": "Feature", "properties": { "CUT": 8103, "COMUNA": "CHIGUAYANTE", "AREA_C": "URBANO", "DISTRITO": "LA LEONERA", "LOCALIDAD": "GRAN CONCEPCIÓN", "n_per": 3582.0, "n_hombres": 1699.0, "n_mujeres": 1883.0, "n_edad_60_mas": 775.0, "n_asistencia_basica": 338.0, "n_asistencia_media": 164.0, "n_asistencia_superior": 215.0, "n_transporte_auto": 269.0, "n_transporte_publico": 939.0, "n_transporte_camina": 72.0, "n_transporte_bicicleta": 34.0 }, "geometry": { "type": "Polygon", "coordinates": [ [ [ -73.015452233999952, -36.947762583999975 ], [ -73.013788311999974, -36.951847347999944 ], [ -73.013392449999969, -36.953776378999976 ], [ -73.014254920999974, -36.953894279999929 ], [ -73.014484233999951, -36.952821062999931 ], [ -73.018705437999984, -36.953414346999978 ], [ -73.018857644999969, -36.952632756999947 ], [ -73.01992907999994, -36.950857046999943 ], [ -73.020335297999964, -36.951053094999963 ], [ -73.021014556999944, -36.949892729999931 ], [ -73.015452233999952, -36.947762583999975 ] ] ] } },
{ "type": "Feature", "properties": { "CUT": 8103, "COMUNA": "CHIGUAYANTE", "AREA_C": "URBANO", "DISTRITO": "LA LEONERA", "LOCALIDAD": "GRAN CONCEPCIÓN", "n_per": 2099.0, "n_hombres": 1005.0, "n_mujeres": 1094.0, "n_edad_60_mas": 362.0, "n_asistencia_basica": 268.0, "n_asistencia_media": 110.0, "n_asistencia_superior": 89.0, "n_transporte_auto": 102.0, "n_transporte_publico": 537.0, "n_transporte_camina": 59.0, "n_transporte_bicicleta": 21.0 }, "geometry": { "type": "Polygon", "coordinates": [ [ [ -73.021014556999944, -36.949892729999931 ], [ -73.020335297999964, -36.951053094999963 ], [ -73.01992907999994, -36.950857046999943 ], [ -73.018857644999969, -36.952632756999947 ], [ -73.018705437999984, -36.953414346999978 ], [ -73.020974926999941, -36.954596854999977 ], [ -73.022368870999969, -36.953187019999973 ], [ -73.022499326999935, -36.952783607999947 ], [ -73.023790084999973, -36.951426113999958 ], [ -73.022540037999988, -36.950558074999947 ], [ -73.021014556999944, -36.949892729999931 ] ] ] } },
{ "type": "Feature", "properties": { "CUT": 8103, "COMUNA": "CHIGUAYANTE", "AREA_C": "URBANO", "DISTRITO": "LA LEONERA", "LOCALIDAD": "GRAN CONCEPCIÓN", "n_per": 3837.0, "n_hombres": 1819.0, "n_mujeres": 2018.0, "n_edad_60_mas": 867.0, "n_asistencia_basica": 355.0, "n_asistencia_media": 203.0, "n_asistencia_superior": 172.0, "n_transporte_auto": 202.0, "n_transporte_publico": 952.0, "n_transporte_camina": 90.0, "n_transporte_bicicleta": 28.0 }, "geometry": { "type": "Polygon", "coordinates": [ [ [ -73.001277194999943, -36.95092200199997 ], [ -73.008966670999939, -36.956750031999945 ], [ -73.007951737999974, -36.958100972999944 ], [ -73.006752473999939, -36.959493554999938 ], [ -73.006370440999945, -36.959634163999965 ], [ -73.006230733999985, -36.959951435999983 ], [ -73.005900113999985, -36.962111136999965 ], [ -73.006428455999981, -36.962295854999979 ], [ -73.007276219999937, -36.962304141999937 ], [ -73.008095416999936, -36.961758006999958 ], [ -73.009012040999949, -36.961701012999981 ], [ -73.00987336999998, -36.960993969999947 ], [ -73.010490480999977, -36.960981266999966 ], [ -73.01193408599994, -36.958318427999984 ], [ -73.014530707999938, -36.958950669999979 ], [ -73.015348466999967, -36.956841787999963 ], [ -73.015729433999979, -36.955036553999946 ], [ -73.016954901999952, -36.955201232999968 ], [ -73.017363414999977, -36.953225198999974 ], [ -73.014484233999951, -36.952821062999931 ], [ -73.014254920999974, -36.953894279999929 ], [ -73.012834908999935, -36.953708282999969 ], [ -73.012397444999976, -36.954363413999943 ], [ -73.011278350999987, -36.955345110999929 ], [ -73.010885925999958, -36.955266431999974 ], [ -73.010059308999985, -36.955473394999956 ], [ -73.008262250999962, -36.95440225699997 ], [ -73.00789477099994, -36.95401303899996 ], [ -73.006575717999965, -36.95356277999997 ], [ -73.00632776599997, -36.953058394999971 ], [ -73.005369230999975, -36.952618682999969 ], [ -73.004527917999951, -36.95182942799994 ], [ -73.004071910999983, -36.951740644999973 ], [ -73.003385615999946, -36.951278454999965 ], [ -73.001801806999936, -36.95078313099998 ], [ -73.001403140999969, -36.950488004999954 ], [ -73.001149537999936, -36.95062580299998 ], [ -73.001277194999943, -36.95092200199997 ] ] ] } },
{ "type": "Feature", "properties": { "CUT": 8103, "COMUNA": "CHIGUAYANTE", "AREA_C": "URBANO", "DISTRITO": "LA LEONERA", "LOCALIDAD": "GRAN CONCEPCIÓN", "n_per": 3585.0, "n_hombres": 1643.0, "n_mujeres": 1942.0, "n_edad_60_mas": 567.0, "n_asistencia_basica": 494.0, "n_asistencia_media": 185.0, "n_asistencia_superior": 141.0, "n_transporte_auto": 219.0, "n_transporte_publico": 803.0, "n_transporte_camina": 95.0, "n_transporte_bicicleta": 25.0 }, "geometry": { "type": "Polygon", "coordinates": [ [ [ -73.017363414999977, -36.953225198999974 ], [ -73.016954901999952, -36.955201232999968 ], [ -73.015729433999979, -36.955036553999946 ], [ -73.015348466999967, -36.956841787999963 ], [ -73.014530707999938, -36.958950669999979 ], [ -73.01193408599994, -36.958318427999984 ], [ -73.010490480999977, -36.960981266999966 ], [ -73.011047842999972, -36.960747501999947 ], [ -73.011367211999982, -36.960240014999954 ], [ -73.012013431999947, -36.960685805999958 ], [ -73.013364730999967, -36.960760280999978 ], [ -73.014681125999971, -36.959901801999933 ], [ -73.016746307999938, -36.959261522999952 ], [ -73.017810050999969, -36.958272270999942 ], [ -73.019456952999974, -36.957175750999966 ], [ -73.020451409999964, -36.956088247999958 ], [ -73.021215554999969, -36.955697296999972 ], [ -73.021856516999947, -36.955120053999963 ], [ -73.018969937999941, -36.95344580099993 ], [ -73.017363414999977, -36.953225198999974 ] ] ] } },
{ "type": "Feature", "properties": { "CUT": 8103, "COMUNA": "CHIGUAYANTE", "AREA_C": "URBANO", "DISTRITO": "LONCO", "LOCALIDAD": "GRAN CONCEPCIÓN", "n_per": 5087.0, "n_hombres": 2417.0, "n_mujeres": 2670.0, "n_edad_60_mas": 1278.0, "n_asistencia_basica": 456.0, "n_asistencia_media": 237.0, "n_asistencia_superior": 329.0, "n_transporte_auto": 1801.0, "n_transporte_publico": 258.0, "n_transporte_camina": 23.0, "n_transporte_bicicleta": 16.0 }, "geometry": { "type": "Polygon", "coordinates": [ [ [ -73.037866457999939, -36.860945884999978 ], [ -73.036772603999964, -36.860555752999971 ], [ -73.03666795099997, -36.860037489999968 ], [ -73.035949374999973, -36.859342717999937 ], [ -73.034925845999965, -36.861426061999964 ], [ -73.034279794999975, -36.860459019999951 ], [ -73.033604470999933, -36.859890096999948 ], [ -73.032644042999948, -36.859495906999939 ], [ -73.031481723999946, -36.859357895999949 ], [ -73.03000459499998, -36.859488692999946 ], [ -73.028992187999961, -36.859779506999985 ], [ -73.028211724999949, -36.860305210999968 ], [ -73.027615384999933, -36.861118294999983 ], [ -73.027434594999988, -36.861806755999964 ], [ -73.027468254999974, -36.862618780999981 ], [ -73.027994312999965, -36.86375593799994 ], [ -73.029174528999988, -36.864534721999973 ], [ -73.030723370999965, -36.864713828999982 ], [ -73.028120987999955, -36.86648747299995 ], [ -73.031065794999961, -36.869211311999948 ], [ -73.031697129999941, -36.868808489999935 ], [ -73.033637129999988, -36.870117990999972 ], [ -73.033272840999985, -36.871216262999951 ], [ -73.033436842999947, -36.87256868399993 ], [ -73.032528367999987, -36.873494434999941 ], [ -73.031527746999984, -36.873461297999938 ], [ -73.03035403399997, -36.873890271999983 ], [ -73.02984104799998, -36.874361342999975 ], [ -73.029462728999988, -36.875083060999941 ], [ -73.029420233999986, -36.875990766999962 ], [ -73.029832192999947, -36.87701312799993 ], [ -73.030636194999943, -36.877686263999976 ], [ -73.031524997999952, -36.877926549999984 ], [ -73.029166923999981, -36.878808874999947 ], [ -73.026953239999955, -36.879431499999953 ], [ -73.025397706999968, -36.880104469999935 ], [ -73.024933762999979, -36.880674220999936 ], [ -73.024573855999961, -36.88159423299993 ], [ -73.025081951999937, -36.882859804999953 ], [ -73.02594559399995, -36.883696695999959 ], [ -73.02682624199997, -36.884067889999983 ], [ -73.026031520999936, -36.884927817999937 ], [ -73.026120499999934, -36.885495671999934 ], [ -73.025813176999975, -36.886246469999946 ], [ -73.026436222999962, -36.887313809999966 ], [ -73.027841414999955, -36.886549934999948 ], [ -73.028622064999979, -36.885713407999958 ], [ -73.028993559999947, -36.885897581999984 ], [ -73.029995691999943, -36.885296807999964 ], [ -73.030143865999946, -36.885452487999942 ], [ -73.029929925999966, -36.88583650399994 ], [ -73.030186255999979, -36.886368020999953 ], [ -73.031174518999933, -36.886853085999974 ], [ -73.03377136499995, -36.88625166199995 ], [ -73.034505060999948, -36.886682913999948 ], [ -73.035367307999934, -36.886627325999939 ], [ -73.035950497999977, -36.886925389999931 ], [ -73.036285387999953, -36.886910646999979 ], [ -73.037063083999954, -36.886418766999952 ], [ -73.037362108999957, -36.885531409999942 ], [ -73.037175589999947, -36.886567920999937 ], [ -73.036037332999967, -36.888683063999963 ], [ -73.038084665999975, -36.888691362999964 ], [ -73.038734723999937, -36.887052732999962 ], [ -73.038693083999988, -36.885845156999949 ], [ -73.038966721999941, -36.885381161999931 ], [ -73.038758518999941, -36.88460783599993 ], [ -73.038931029999958, -36.88416168699996 ], [ -73.039246308999964, -36.883792870999969 ], [ -73.03949615199997, -36.883727435999958 ], [ -73.039490203999947, -36.882888675999936 ], [ -73.039163026999972, -36.881776277999961 ], [ -73.03983522599998, -36.880366446999972 ], [ -73.039870916999973, -36.879997629999934 ], [ -73.039579886999945, -36.879434111999956 ], [ -73.039567535999936, -36.879022051999982 ], [ -73.040133302999948, -36.876944143999935 ], [ -73.043901528999982, -36.87148368499993 ], [ -73.044381526999985, -36.86898666999997 ], [ -73.045848273999979, -36.868400884999971 ], [ -73.047087452999961, -36.868103455999972 ], [ -73.04730485999994, -36.867816805999951 ], [ -73.04694716399996, -36.866493654999942 ], [ -73.04712290599997, -36.864975032999951 ], [ -73.047615192999956, -36.86426711799993 ], [ -73.048739265999984, -36.861599301999945 ], [ -73.049439115999974, -36.860389238999971 ], [ -73.049628856999959, -36.859649758999979 ], [ -73.049982099999966, -36.859127654999952 ], [ -73.051359317999982, -36.855691131999947 ], [ -73.04649649299995, -36.855241066999952 ], [ -73.042462540999963, -36.855075872999976 ], [ -73.042419376999987, -36.856308142999978 ], [ -73.040246120999939, -36.858239358999981 ], [ -73.038628113999948, -36.86038197299996 ], [ -73.038154821999967, -36.860604450999972 ], [ -73.037866457999939, -36.860945884999978 ] ] ] } },
{ "type": "Feature", "properties": { "CUT": 8103, "COMUNA": "CHIGUAYANTE", "AREA_C": "URBANO", "DISTRITO": "CHIGUAYANTE", "LOCALIDAD": "GRAN CONCEPCIÓN", "n_per": 4773.0, "n_hombres": 2250.0, "n_mujeres": 2523.0, "n_edad_60_mas": 1306.0, "n_asistencia_basica": 416.0, "n_asistencia_media": 188.0, "n_asistencia_superior": 283.0, "n_transporte_auto": 511.0, "n_transporte_publico": 926.0, "n_transporte_camina": 125.0, "n_transporte_bicicleta": 32.0 }, "geometry": { "type": "Polygon", "coordinates": [ [ [ -73.015380051999955, -36.912428331999934 ], [ -73.012080085999969, -36.918264271999931 ], [ -73.01975325899997, -36.917133598999953 ], [ -73.019055875999982, -36.918164665999939 ], [ -73.020399859999941, -36.919465879999962 ], [ -73.025049154999977, -36.921192709999957 ], [ -73.026785077999989, -36.921473299999946 ], [ -73.028421759999958, -36.916464165999969 ], [ -73.029434757999979, -36.914955536999969 ], [ -73.028839889999972, -36.91486038599993 ], [ -73.029273406999948, -36.912618873999975 ], [ -73.029289540999969, -36.910382026999969 ], [ -73.020411791999948, -36.909730357999933 ], [ -73.020390048999957, -36.91014179299998 ], [ -73.018129855999973, -36.910516414999961 ], [ -73.017760976999966, -36.910751527999935 ], [ -73.016698059999953, -36.91078753499994 ], [ -73.015380051999955, -36.912428331999934 ] ] ] } },
{ "type": "Feature", "properties": { "CUT": 8101, "COMUNA": "CONCEPCIÓN", "AREA_C": "URBANO", "DISTRITO": "PALOMARES", "LOCALIDAD": "GRAN CONCEPCIÓN", "n_per": 4596.0, "n_hombres": 3471.0, "n_mujeres": 1125.0, "n_edad_60_mas": 577.0, "n_asistencia_basica": 152.0, "n_asistencia_media": 65.0, "n_asistencia_superior": 152.0, "n_transporte_auto": 383.0, "n_transporte_publico": 185.0, "n_transporte_camina": 25.0, "n_transporte_bicicleta": 8.0 }, "geometry": { "type": "Polygon", "coordinates": [ [ [ -73.015801263999947, -36.783103775999962 ], [ -73.015073537999967, -36.782861846999936 ], [ -73.014690551999934, -36.783325441999978 ], [ -73.014704090999942, -36.783622259999959 ], [ -73.013388482999972, -36.783581581999954 ], [ -73.012281407999978, -36.784015244999978 ], [ -73.012375566999935, -36.784279946999959 ], [ -73.011956015999942, -36.784120126999937 ], [ -73.011730151999984, -36.78419830799993 ], [ -73.011377549999963, -36.785614455999962 ], [ -73.011601912999936, -36.785711751999941 ], [ -73.011750950999954, -36.78606900799997 ], [ -73.011730310999951, -36.786816796999972 ], [ -73.01109519399995, -36.787545061999936 ], [ -73.012041269999941, -36.788501456999938 ], [ -73.012887678999959, -36.788588063999953 ], [ -73.013071236999963, -36.787932358999967 ], [ -73.013375316999941, -36.787796949999972 ], [ -73.014091898999936, -36.786878920999982 ], [ -73.014683267999942, -36.786712345999945 ], [ -73.014740532999951, -36.786192 ], [ -73.016018621999933, -36.785675545999936 ], [ -73.016590119999989, -36.786339966999947 ], [ -73.016679646999933, -36.786652966999952 ], [ -73.017268530999957, -36.786528460999932 ], [ -73.017576558999963, -36.786672305999957 ], [ -73.017687499999965, -36.787421582999968 ], [ -73.017187667999963, -36.787895934999938 ], [ -73.016593390999958, -36.788997885999947 ], [ -73.017780257999959, -36.790021235999973 ], [ -73.018293570999958, -36.789813900999945 ], [ -73.01857096699996, -36.789349525999967 ], [ -73.019467315999975, -36.789057152999931 ], [ -73.020776292999983, -36.789903453999955 ], [ -73.021176442999945, -36.78987965999994 ], [ -73.021006974999978, -36.790145847999952 ], [ -73.021198399999946, -36.790639084999953 ], [ -73.02087299599998, -36.791276047999929 ], [ -73.021174506999955, -36.791887177999968 ], [ -73.021749382999985, -36.79616028199996 ], [ -73.021835988999953, -36.800045461999957 ], [ -73.020025596999972, -36.799640841999974 ], [ -73.019532581999954, -36.802519852999978 ], [ -73.01898177299995, -36.802482048999934 ], [ -73.018255393999937, -36.803386018999959 ], [ -73.020794662999947, -36.804659296999944 ], [ -73.020738153999957, -36.804780022999978 ], [ -73.024496524999961, -36.81130712099997 ], [ -73.025431624999953, -36.810165432999952 ], [ -73.025673646999962, -36.809352731999979 ], [ -73.025662050999983, -36.809017052999934 ], [ -73.024358406999966, -36.807557800999973 ], [ -73.024048456999935, -36.806578480999974 ], [ -73.024191061999943, -36.805703263999931 ], [ -73.025367479999943, -36.802887821999946 ], [ -73.025664714999948, -36.801671766999959 ], [ -73.025686097999937, -36.796324007999942 ], [ -73.025098488999959, -36.791875239999968 ], [ -73.022855834999973, -36.786537495999937 ], [ -73.019567926999969, -36.784780405999982 ], [ -73.019129890999977, -36.784628472999941 ], [ -73.018230001999939, -36.784804857999973 ], [ -73.017933663999941, -36.784601601999952 ], [ -73.017652897999938, -36.783621414999971 ], [ -73.018146175999959, -36.782714795999937 ], [ -73.01799118699995, -36.782461955999963 ], [ -73.017488551999975, -36.782199095999943 ], [ -73.016622344999973, -36.781815108999979 ], [ -73.015961042999947, -36.782610753999961 ], [ -73.015801263999947, -36.783103775999962 ] ] ] } },
{ "type": "Feature", "properties": { "CUT": 8110, "COMUNA": "TALCAHUANO", "AREA_C": "URBANO", "DISTRITO": "TUMBES", "LOCALIDAD": "CALETA TUMBES", "n_per": 1786.0, "n_hombres": 884.0, "n_mujeres": 902.0, "n_edad_60_mas": 392.0, "n_asistencia_basica": 169.0, "n_asistencia_media": 96.0, "n_asistencia_superior": 79.0, "n_transporte_auto": 46.0, "n_transporte_publico": 178.0, "n_transporte_camina": 228.0, "n_transporte_bicicleta": 0.0 }, "geometry": { "type": "Polygon", "coordinates": [ [ [ -73.091784960999973, -36.638427676999981 ], [ -73.090939962999983, -36.638711023999974 ], [ -73.090987601999984, -36.638819105999971 ], [ -73.091834967999944, -36.638551425999935 ], [ -73.092789232999962, -36.639099951999981 ], [ -73.093316887999947, -36.639790815999959 ], [ -73.093456110999966, -36.640236509999966 ], [ -73.093312035999986, -36.641462116999946 ], [ -73.092919185999961, -36.642615685999942 ], [ -73.092517974999964, -36.642851633999953 ], [ -73.092854445999933, -36.642914168999937 ], [ -73.092843973999948, -36.643570095999962 ], [ -73.093015260999948, -36.643795201999978 ], [ -73.093480262999947, -36.644139507999967 ], [ -73.094701715999975, -36.643891254999971 ], [ -73.096065044999989, -36.64443608199997 ], [ -73.096678372999975, -36.644518907999952 ], [ -73.097464109999976, -36.645087340999964 ], [ -73.098047482999959, -36.645279563999964 ], [ -73.098515751999969, -36.645327575999943 ], [ -73.100663578999956, -36.644156997999971 ], [ -73.100866993999944, -36.642924689999973 ], [ -73.101219409999942, -36.642238114999941 ], [ -73.100701545999982, -36.640029430999959 ], [ -73.102823099999966, -36.639692086999958 ], [ -73.10260969999996, -36.63880314499994 ], [ -73.09888005199997, -36.639481677999981 ], [ -73.098563966999961, -36.639214100999936 ], [ -73.099090761999946, -36.638855793999937 ], [ -73.099647428999958, -36.637878814999965 ], [ -73.100101319999965, -36.637496201999966 ], [ -73.102497727999946, -36.637313623999944 ], [ -73.10255430999996, -36.636413757999946 ], [ -73.099561943999959, -36.636682116999964 ], [ -73.098725692999949, -36.637364929999933 ], [ -73.098214012999961, -36.638288003999946 ], [ -73.097529923999957, -36.638761713999941 ], [ -73.096575322999968, -36.638689350999982 ], [ -73.095985682999981, -36.638813145999961 ], [ -73.09559137399998, -36.637967706999973 ], [ -73.093538348999971, -36.638431351999941 ], [ -73.09306522299994, -36.638225205999959 ], [ -73.093338443999983, -36.637102744999936 ], [ -73.093122215999983, -36.636348384999962 ], [ -73.09190384599998, -36.636404057999982 ], [ -73.092220270999974, -36.637109484999939 ], [ -73.091784960999973, -36.638427676999981 ] ] ] } },
{ "type": "Feature", "properties": { "CUT": 8110, "COMUNA": "TALCAHUANO", "AREA_C": "URBANO", "DISTRITO": "TUMBES", "LOCALIDAD": "GRAN CONCEPCIÓN", "n_per": 1402.0, "n_hombres": 697.0, "n_mujeres": 705.0, "n_edad_60_mas": 8.0, "n_asistencia_basica": 291.0, "n_asistencia_media": 86.0, "n_asistencia_superior": 35.0, "n_transporte_auto": 242.0, "n_transporte_publico": 79.0, "n_transporte_camina": 42.0, "n_transporte_bicicleta": 9.0 }, "geometry": { "type": "Polygon", "coordinates": [ [ [ -73.09803373799997, -36.668169636999949 ], [ -73.097893817999989, -36.668779905999941 ], [ -73.096928127999945, -36.670496144999959 ], [ -73.096929298999953, -36.670984604999944 ], [ -73.097281516999942, -36.671662190999939 ], [ -73.097572515999957, -36.672776762999945 ], [ -73.097420464999971, -36.674184582999942 ], [ -73.09816172799998, -36.675754498999936 ], [ -73.099237081999945, -36.67662263699998 ], [ -73.099744370999986, -36.677389400999971 ], [ -73.100019959999941, -36.678014019999978 ], [ -73.099363659999938, -36.678178399999979 ], [ -73.09940770999998, -36.678275090999932 ], [ -73.10002985899996, -36.678050244999952 ], [ -73.100440753999976, -36.678930824999952 ], [ -73.100339081999948, -36.680029839999975 ], [ -73.100478787999975, -36.680901419999941 ], [ -73.100748198999952, -36.681295100999932 ], [ -73.101491561999978, -36.681819915999938 ], [ -73.101681303999953, -36.682564120999984 ], [ -73.101961033999942, -36.682866296999975 ], [ -73.101893034999989, -36.68360215499996 ], [ -73.101432106999937, -36.684634148999976 ], [ -73.101507260999938, -36.684874632999936 ], [ -73.099741424999934, -36.687711734999937 ], [ -73.101558972999953, -36.684902115999932 ], [ -73.101821035999933, -36.685028741999929 ], [ -73.102883094999981, -36.684764001999952 ], [ -73.103308043999959, -36.685109410999985 ], [ -73.103661730999988, -36.685859468999979 ], [ -73.103639166999983, -36.686172147999969 ], [ -73.103502528999968, -36.686532360999934 ], [ -73.102406867999946, -36.686553551999964 ], [ -73.102343652999934, -36.686603743999967 ], [ -73.103501807999976, -36.686554717999968 ], [ -73.103596231999973, -36.687378008999929 ], [ -73.103304332999983, -36.688249106999933 ], [ -73.097705235999967, -36.690335988999948 ], [ -73.097629905999952, -36.691747797999938 ], [ -73.095804556999951, -36.69229259399998 ], [ -73.095187261999968, -36.693074458999945 ], [ -73.094031553999969, -36.696840526999949 ], [ -73.094160602999978, -36.696867920999978 ], [ -73.094959847999974, -36.693958193999947 ], [ -73.095869228999959, -36.694044762999965 ], [ -73.096518892999939, -36.695431509999935 ], [ -73.097032222999985, -36.695366618999969 ], [ -73.097062936999976, -36.69520585999993 ], [ -73.097466603999976, -36.69508540399994 ], [ -73.097548038999946, -36.695255346999943 ], [ -73.099245002999965, -36.694744625999931 ], [ -73.100101901999949, -36.696618325999964 ], [ -73.100335595999979, -36.696559772999933 ], [ -73.099485014999971, -36.694688338999981 ], [ -73.100086901999987, -36.694481264999979 ], [ -73.100967515999969, -36.696274395999978 ], [ -73.101868137999986, -36.696035844999983 ], [ -73.100738446999969, -36.692788027999939 ], [ -73.103174366999951, -36.692158613999936 ], [ -73.104603634999933, -36.693826160999947 ], [ -73.106367658999943, -36.695072680999942 ], [ -73.106256065999958, -36.695373847999974 ], [ -73.108112481999967, -36.699840289999941 ], [ -73.108364882999979, -36.700088255999958 ], [ -73.109360706999951, -36.700194127999964 ], [ -73.110250322999946, -36.701978518999965 ], [ -73.113361013999963, -36.706448060999946 ], [ -73.112919813999952, -36.706690461999983 ], [ -73.112655930999949, -36.707342080999979 ], [ -73.115010908999977, -36.706829966999976 ], [ -73.116532658999972, -36.706994291999933 ], [ -73.117465900999946, -36.706434844999933 ], [ -73.121791573999985, -36.704981767999982 ], [ -73.118786733999968, -36.698677169999939 ], [ -73.118556239999975, -36.696951769999941 ], [ -73.118513088999975, -36.694245057999979 ], [ -73.117981272999941, -36.693691964999971 ], [ -73.11537455399997, -36.692811291999931 ], [ -73.114293229999987, -36.691845765999972 ], [ -73.114227685999936, -36.688806279999937 ], [ -73.114511978999985, -36.687490126999933 ], [ -73.115112160999956, -36.68637709099994 ], [ -73.115184277999958, -36.684137927999984 ], [ -73.115342844999986, -36.683510213999966 ], [ -73.115941520999968, -36.682424910999941 ], [ -73.115924280999934, -36.681457308999939 ], [ -73.114857068999981, -36.67964915899995 ], [ -73.112694260999945, -36.67725029199994 ], [ -73.114002329999948, -36.676805370999944 ], [ -73.117439395999952, -36.674807332999933 ], [ -73.115396786999952, -36.67278607399993 ], [ -73.109805985999969, -36.67124544099994 ], [ -73.109330667999984, -36.671401463999985 ], [ -73.108631209999942, -36.671346356999948 ], [ -73.107300432999978, -36.67075822399994 ], [ -73.105379167999956, -36.670527412999945 ], [ -73.103500921999967, -36.669554841999968 ], [ -73.103319166999938, -36.669263325999964 ], [ -73.10331849399995, -36.668600104999939 ], [ -73.103059303999942, -36.668464786999948 ], [ -73.102246287999947, -36.668529622999984 ], [ -73.10130307999998, -36.668214846999945 ], [ -73.099394830999984, -36.668207578999954 ], [ -73.097932434999962, -36.667865787999972 ], [ -73.09803373799997, -36.668169636999949 ] ] ] } },
{ "type": "Feature", "properties": { "CUT": 8110, "COMUNA": "TALCAHUANO", "AREA_C": "URBANO", "DISTRITO": "TUMBES", "LOCALIDAD": "GRAN CONCEPCIÓN", "n_per": 2421.0, "n_hombres": 1167.0, "n_mujeres": 1254.0, "n_edad_60_mas": 668.0, "n_asistencia_basica": 208.0, "n_asistencia_media": 100.0, "n_asistencia_superior": 118.0, "n_transporte_auto": 307.0, "n_transporte_publico": 354.0, "n_transporte_camina": 66.0, "n_transporte_bicicleta": 5.0 }, "geometry": { "type": "Polygon", "coordinates": [ [ [ -73.118671225999947, -36.698236116999965 ], [ -73.121791573999985, -36.704981767999982 ], [ -73.124403629999961, -36.704228995999983 ], [ -73.124005528999987, -36.703330738999966 ], [ -73.122003106999955, -36.703071124999951 ], [ -73.121621508999965, -36.702813265999964 ], [ -73.121694091999984, -36.702283959999932 ], [ -73.121521454999936, -36.701679728999977 ], [ -73.12226379599997, -36.701006442999983 ], [ -73.121650932999955, -36.700125991999982 ], [ -73.121737251999946, -36.699892931999955 ], [ -73.122257738999963, -36.699555330999942 ], [ -73.121481074999963, -36.698047216999953 ], [ -73.12136170399998, -36.694764205999945 ], [ -73.120895226999949, -36.693001541999934 ], [ -73.119882855999947, -36.691989274999969 ], [ -73.11845244899996, -36.691440717999967 ], [ -73.118298749999951, -36.690985695999984 ], [ -73.118356717999973, -36.688562776999959 ], [ -73.119036100999949, -36.687086966999971 ], [ -73.119176280999966, -36.684583203999978 ], [ -73.119877860999964, -36.683157920999975 ], [ -73.119984004999935, -36.681855650999978 ], [ -73.119824204999986, -36.68059588999995 ], [ -73.119522742999948, -36.679927630999941 ], [ -73.118444193999949, -36.67813810499996 ], [ -73.117200669999988, -36.676652373999957 ], [ -73.118427864999944, -36.675937626999939 ], [ -73.117439395999952, -36.674807332999933 ], [ -73.114002329999948, -36.676805370999944 ], [ -73.112694260999945, -36.67725029199994 ], [ -73.114857068999981, -36.67964915899995 ], [ -73.115924280999934, -36.681457308999939 ], [ -73.115941520999968, -36.682424910999941 ], [ -73.115342844999986, -36.683510213999966 ], [ -73.115184277999958, -36.684137927999984 ], [ -73.115112160999956, -36.68637709099994 ], [ -73.114511978999985, -36.687490126999933 ], [ -73.114227685999936, -36.688806279999937 ], [ -73.114318529999935, -36.69192800999997 ], [ -73.11537455399997, -36.692811291999931 ], [ -73.117981272999941, -36.693691964999971 ], [ -73.118513088999975, -36.694245057999979 ], [ -73.118671225999947, -36.698236116999965 ] ] ] } },
{ "type": "Feature", "properties": { "CUT": 8110, "COMUNA": "TALCAHUANO", "AREA_C": "URBANO", "DISTRITO": "SAN VICENTE", "LOCALIDAD": "GRAN CONCEPCIÓN", "n_per": 3617.0, "n_hombres": 1708.0, "n_mujeres": 1909.0, "n_edad_60_mas": 456.0, "n_asistencia_basica": 466.0, "n_asistencia_media": 226.0, "n_asistencia_superior": 144.0, "n_transporte_auto": 250.0, "n_transporte_publico": 894.0, "n_transporte_camina": 132.0, "n_transporte_bicicleta": 3.0 }, "geometry": { "type": "Polygon", "coordinates": [ [ [ -73.121791573999985, -36.704981767999982 ], [ -73.12300896499994, -36.706738254999948 ], [ -73.12384951599995, -36.707062023999981 ], [ -73.124133020999977, -36.707331128999954 ], [ -73.124594030999958, -36.709397975999934 ], [ -73.125432159999946, -36.710430965999933 ], [ -73.126028277999978, -36.709742530999961 ], [ -73.127581282999984, -36.709090964999973 ], [ -73.129037222999955, -36.708690228999956 ], [ -73.129714960999934, -36.709700281999972 ], [ -73.131112911999935, -36.710367921999932 ], [ -73.133497102999968, -36.711985528999946 ], [ -73.134574683999972, -36.712535395999964 ], [ -73.136604629999965, -36.712319716999957 ], [ -73.137966911999968, -36.711944446999951 ], [ -73.140781391999951, -36.709464670999978 ], [ -73.14216102499995, -36.708762677999971 ], [ -73.141717007999944, -36.708083992999946 ], [ -73.141474887999948, -36.706503118999933 ], [ -73.140554836999968, -36.705504512999937 ], [ -73.140197267999952, -36.705908818999944 ], [ -73.139546905999964, -36.706079464999959 ], [ -73.13942009799996, -36.70637555899998 ], [ -73.138153231999979, -36.706482205999976 ], [ -73.137521508999953, -36.707229815999938 ], [ -73.137210480999954, -36.70731976999997 ], [ -73.135224284999936, -36.704383250999967 ], [ -73.134671728999933, -36.704205465999962 ], [ -73.134179508999978, -36.704259696999941 ], [ -73.134144151999976, -36.703954322999948 ], [ -73.131723407999971, -36.704429386999948 ], [ -73.130240627999967, -36.705159808999952 ], [ -73.129491959999939, -36.705271542999981 ], [ -73.128856673999962, -36.704140353999946 ], [ -73.127824140999962, -36.703886429999955 ], [ -73.127575384999943, -36.70331480599998 ], [ -73.121791573999985, -36.704981767999982 ] ] ] } },
{ "type": "Feature", "properties": { "CUT": 8110, "COMUNA": "TALCAHUANO", "AREA_C": "URBANO", "DISTRITO": "CERRO BUENAVISTA", "LOCALIDAD": "GRAN CONCEPCIÓN", "n_per": 2143.0, "n_hombres": 1031.0, "n_mujeres": 1112.0, "n_edad_60_mas": 560.0, "n_asistencia_basica": 182.0, "n_asistencia_media": 92.0, "n_asistencia_superior": 96.0, "n_transporte_auto": 184.0, "n_transporte_publico": 403.0, "n_transporte_camina": 114.0, "n_transporte_bicicleta": 2.0 }, "geometry": { "type": "Polygon", "coordinates": [ [ [ -73.116547667999953, -36.706987093999942 ], [ -73.115010908999977, -36.706829966999976 ], [ -73.114134908999972, -36.70694268099993 ], [ -73.114822462999939, -36.710022462999973 ], [ -73.114778193999939, -36.710379484999976 ], [ -73.115001442999983, -36.710332598999969 ], [ -73.114904790999958, -36.711025656999936 ], [ -73.11669995699998, -36.713472927999931 ], [ -73.118841971999984, -36.712614411999937 ], [ -73.119819458999984, -36.711928791999981 ], [ -73.121389187999966, -36.711303347999944 ], [ -73.122263262999979, -36.711371677999978 ], [ -73.122739879999983, -36.711617014999945 ], [ -73.125432159999946, -36.710430965999933 ], [ -73.124594030999958, -36.709397975999934 ], [ -73.124133020999977, -36.707331128999954 ], [ -73.12384951599995, -36.707062023999981 ], [ -73.12300896499994, -36.706738254999948 ], [ -73.121791573999985, -36.704981767999982 ], [ -73.117465900999946, -36.706434844999933 ], [ -73.116547667999953, -36.706987093999942 ] ] ] } },
{ "type": "Feature", "properties": { "CUT": 8110, "COMUNA": "TALCAHUANO", "AREA_C": "URBANO", "DISTRITO": "SAN VICENTE", "LOCALIDAD": "GRAN CONCEPCIÓN", "n_per": 5336.0, "n_hombres": 2440.0, "n_mujeres": 2896.0, "n_edad_60_mas": 748.0, "n_asistencia_basica": 642.0, "n_asistencia_media": 340.0, "n_asistencia_superior": 257.0, "n_transporte_auto": 333.0, "n_transporte_publico": 1317.0, "n_transporte_camina": 138.0, "n_transporte_bicicleta": 1.0 }, "geometry": { "type": "Polygon", "coordinates": [ [ [ -73.14296034299997, -36.709921615999974 ], [ -73.14216102499995, -36.708762677999971 ], [ -73.140781391999951, -36.709464670999978 ], [ -73.13909883499997, -36.710966160999931 ], [ -73.140037783999958, -36.713156800999968 ], [ -73.140906439999981, -36.712666417999969 ], [ -73.151404401999969, -36.709676488999946 ], [ -73.150246580999976, -36.707136869999943 ], [ -73.146087257999966, -36.70826653499995 ], [ -73.144757775999949, -36.709137252999938 ], [ -73.14296034299997, -36.709921615999974 ] ] ] } },
{ "type": "Feature", "properties": { "CUT": 8110, "COMUNA": "TALCAHUANO", "AREA_C": "URBANO", "DISTRITO": "SAN VICENTE", "LOCALIDAD": "GRAN CONCEPCIÓN", "n_per": 2882.0, "n_hombres": 1401.0, "n_mujeres": 1481.0, "n_edad_60_mas": 604.0, "n_asistencia_basica": 312.0, "n_asistencia_media": 156.0, "n_asistencia_superior": 109.0, "n_transporte_auto": 173.0, "n_transporte_publico": 544.0, "n_transporte_camina": 109.0, "n_transporte_bicicleta": 3.0 }, "geometry": { "type": "Polygon", "coordinates": [ [ [ -73.125865364999981, -36.712358741999935 ], [ -73.126230237999948, -36.713758962999975 ], [ -73.126087379999944, -36.714265447999935 ], [ -73.126769108999952, -36.713872723999941 ], [ -73.127952436999976, -36.71370792099998 ], [ -73.128912216999936, -36.714386498999943 ], [ -73.130048667999972, -36.714793113999974 ], [ -73.131929874999969, -36.715828023999961 ], [ -73.132678927999962, -36.718170426999961 ], [ -73.134755048999978, -36.717535329999976 ], [ -73.135820272999979, -36.717741395999951 ], [ -73.136243244999946, -36.718188903999931 ], [ -73.134727229999953, -36.71917050199994 ], [ -73.135121007999942, -36.720179852999934 ], [ -73.135259599999983, -36.721157643999959 ], [ -73.136435662999986, -36.721950686999946 ], [ -73.137100303999944, -36.722103236999942 ], [ -73.138579755999956, -36.72346534299993 ], [ -73.139551519999941, -36.723911295999983 ], [ -73.139815296999984, -36.724302260999934 ], [ -73.140420062999965, -36.722959618999937 ], [ -73.140567166999972, -36.72211077399993 ], [ -73.139307016999965, -36.719965922999961 ], [ -73.139701398999989, -36.71910077299998 ], [ -73.138980376999939, -36.718853456999966 ], [ -73.138871163999966, -36.718657557999961 ], [ -73.13951781999998, -36.718567280999935 ], [ -73.13995609899996, -36.717668584999956 ], [ -73.138932743999987, -36.717194863999964 ], [ -73.138150601999939, -36.71641539999996 ], [ -73.135999028999947, -36.716168187999983 ], [ -73.134221515999968, -36.715527773999952 ], [ -73.133978740999964, -36.715081044999977 ], [ -73.132902362999971, -36.714222030999963 ], [ -73.132534766999981, -36.71373386099998 ], [ -73.131363331999978, -36.712955184999942 ], [ -73.130759007999984, -36.712793545999943 ], [ -73.129958955999939, -36.711820230999933 ], [ -73.12989582299997, -36.712466855999935 ], [ -73.129330377999963, -36.713133978999963 ], [ -73.128174034999972, -36.712210300999971 ], [ -73.128236919999949, -36.71145379799998 ], [ -73.127590271999964, -36.710334966999937 ], [ -73.12816698599994, -36.710010540999974 ], [ -73.128625975999967, -36.709404841999969 ], [ -73.129377659999989, -36.709139664999952 ], [ -73.129150023999955, -36.708741576999955 ], [ -73.128897932999962, -36.708692545999952 ], [ -73.127521286999979, -36.709112553999944 ], [ -73.126028277999978, -36.709742530999961 ], [ -73.125662998999985, -36.710061263999933 ], [ -73.125432159999946, -36.710430965999933 ], [ -73.126043127999935, -36.711502285999984 ], [ -73.125865364999981, -36.712358741999935 ] ] ] } },
{ "type": "Feature", "properties": { "CUT": 8110, "COMUNA": "TALCAHUANO", "AREA_C": "URBANO", "DISTRITO": "SAN VICENTE", "LOCALIDAD": "GRAN CONCEPCIÓN", "n_per": 4691.0, "n_hombres": 2203.0, "n_mujeres": 2488.0, "n_edad_60_mas": 1163.0, "n_asistencia_basica": 514.0, "n_asistencia_media": 278.0, "n_asistencia_superior": 230.0, "n_transporte_auto": 389.0, "n_transporte_publico": 913.0, "n_transporte_camina": 139.0, "n_transporte_bicicleta": 2.0 }, "geometry": { "type": "Polygon", "coordinates": [ [ [ -73.128236919999949, -36.71145379799998 ], [ -73.128174034999972, -36.712210300999971 ], [ -73.129330377999963, -36.713133978999963 ], [ -73.12989582299997, -36.712466855999935 ], [ -73.129905823999934, -36.711881135999931 ], [ -73.130159556999956, -36.711936770999955 ], [ -73.130728663999946, -36.712770625999951 ], [ -73.132156344999942, -36.713429394999935 ], [ -73.133978740999964, -36.715081044999977 ], [ -73.134221515999968, -36.715527773999952 ], [ -73.135059535999972, -36.715929661999951 ], [ -73.136917146999963, -36.716355624999949 ], [ -73.138150601999939, -36.71641539999996 ], [ -73.138932743999987, -36.717194863999964 ], [ -73.139923991999979, -36.717665661999945 ], [ -73.140548827999964, -36.717652738999959 ], [ -73.140582939999945, -36.717379974999972 ], [ -73.141139833999944, -36.717126948999976 ], [ -73.140859783999986, -36.715937588999964 ], [ -73.140961441999934, -36.715348792999976 ], [ -73.140765504999933, -36.714507476999984 ], [ -73.13909883499997, -36.710966160999931 ], [ -73.137966911999968, -36.711944446999951 ], [ -73.136604629999965, -36.712319716999957 ], [ -73.134574683999972, -36.712535395999964 ], [ -73.133497102999968, -36.711985528999946 ], [ -73.131112911999935, -36.710367921999932 ], [ -73.129714960999934, -36.709700281999972 ], [ -73.129377659999989, -36.709139664999952 ], [ -73.128625975999967, -36.709404841999969 ], [ -73.12816698599994, -36.710010540999974 ], [ -73.127590271999964, -36.710334966999937 ], [ -73.128236919999949, -36.71145379799998 ] ] ] } },
{ "type": "Feature", "properties": { "CUT": 8110, "COMUNA": "TALCAHUANO", "AREA_C": "URBANO", "DISTRITO": "CERRO BUENAVISTA", "LOCALIDAD": "GRAN CONCEPCIÓN", "n_per": 1668.0, "n_hombres": 785.0, "n_mujeres": 883.0, "n_edad_60_mas": 458.0, "n_asistencia_basica": 147.0, "n_asistencia_media": 63.0, "n_asistencia_superior": 77.0, "n_transporte_auto": 144.0, "n_transporte_publico": 269.0, "n_transporte_camina": 83.0, "n_transporte_bicicleta": 0.0 }, "geometry": { "type": "Polygon", "coordinates": [ [ [ -73.122749336999959, -36.711612180999964 ], [ -73.122117540999966, -36.711337920999938 ], [ -73.121389187999966, -36.711303347999944 ], [ -73.119819458999984, -36.711928791999981 ], [ -73.118841971999984, -36.712614411999937 ], [ -73.11669995699998, -36.713472927999931 ], [ -73.117878349999955, -36.715053532999946 ], [ -73.118584682999938, -36.714618838999968 ], [ -73.118554708999966, -36.715262442999972 ], [ -73.119734593999965, -36.716044056999976 ], [ -73.121313638999936, -36.716396783999983 ], [ -73.122536479999951, -36.71621339099994 ], [ -73.123101950999967, -36.715560489999973 ], [ -73.126087379999944, -36.714265447999935 ], [ -73.126230237999948, -36.713758962999975 ], [ -73.125865364999981, -36.712358741999935 ], [ -73.126043127999935, -36.711502285999984 ], [ -73.125432159999946, -36.710430965999933 ], [ -73.122749336999959, -36.711612180999964 ] ] ] } },
{ "type": "Feature", "properties": { "CUT": 8110, "COMUNA": "TALCAHUANO", "AREA_C": "URBANO", "DISTRITO": "SAN VICENTE", "LOCALIDAD": "GRAN CONCEPCIÓN", "n_per": 1901.0, "n_hombres": 932.0, "n_mujeres": 969.0, "n_edad_60_mas": 428.0, "n_asistencia_basica": 195.0, "n_asistencia_media": 82.0, "n_asistencia_superior": 87.0, "n_transporte_auto": 120.0, "n_transporte_publico": 369.0, "n_transporte_camina": 37.0, "n_transporte_bicicleta": 1.0 }, "geometry": { "type": "Polygon", "coordinates": [ [ [ -73.140518951999979, -36.717465561999973 ], [ -73.140548827999964, -36.717652738999959 ], [ -73.141618946999984, -36.717614690999937 ], [ -73.141906425999935, -36.717936815999963 ], [ -73.142318858999943, -36.718026358999964 ], [ -73.143061546999945, -36.717684712999983 ], [ -73.143892949999952, -36.717596912999966 ], [ -73.14477338599994, -36.718212022999978 ], [ -73.14469485099994, -36.719117015999984 ], [ -73.145811820999938, -36.720568473999947 ], [ -73.145982074999949, -36.721315460999961 ], [ -73.145861148999984, -36.721650861999933 ], [ -73.146082959999944, -36.721874156999945 ], [ -73.146221929999967, -36.722590550999939 ], [ -73.146409367999979, -36.722385439999982 ], [ -73.146150525999985, -36.722170130999984 ], [ -73.146301807999976, -36.722011145999943 ], [ -73.147740586999987, -36.721362856999974 ], [ -73.148571851999975, -36.721389494999983 ], [ -73.148715315999937, -36.721583893999934 ], [ -73.148853801999962, -36.720912920999979 ], [ -73.149115194999979, -36.720830817999968 ], [ -73.149081371999955, -36.720691303999956 ], [ -73.149705099999949, -36.720916426999963 ], [ -73.149943231999941, -36.720711826999946 ], [ -73.149908690999951, -36.720373463999977 ], [ -73.150623019999955, -36.720051428999966 ], [ -73.150939045999962, -36.720138461999966 ], [ -73.147142132999988, -36.71106989499998 ], [ -73.147254070999963, -36.710793096999964 ], [ -73.140906439999981, -36.712666417999969 ], [ -73.140037783999958, -36.713156800999968 ], [ -73.140762224999946, -36.714498411999955 ], [ -73.140961441999934, -36.715348792999976 ], [ -73.140859783999986, -36.715937588999964 ], [ -73.141139833999944, -36.717126948999976 ], [ -73.140518951999979, -36.717465561999973 ] ] ] } },
{ "type": "Feature", "properties": { "CUT": 8110, "COMUNA": "TALCAHUANO", "AREA_C": "URBANO", "DISTRITO": "BARRANQUILLA", "LOCALIDAD": "GRAN CONCEPCIÓN", "n_per": 1960.0, "n_hombres": 963.0, "n_mujeres": 997.0, "n_edad_60_mas": 529.0, "n_asistencia_basica": 157.0, "n_asistencia_media": 86.0, "n_asistencia_superior": 85.0, "n_transporte_auto": 162.0, "n_transporte_publico": 402.0, "n_transporte_camina": 85.0, "n_transporte_bicicleta": 3.0 }, "geometry": { "type": "Polygon", "coordinates": [ [ [ -73.121314398999971, -36.716396763999967 ], [ -73.119734593999965, -36.716044056999976 ], [ -73.118735374999972, -36.715415193999945 ], [ -73.118486118999954, -36.715155269999968 ], [ -73.118584682999938, -36.714618838999968 ], [ -73.117878349999955, -36.715053532999946 ], [ -73.118504236999968, -36.71608772899998 ], [ -73.11867880799997, -36.716944147999982 ], [ -73.118972589999942, -36.717017668999972 ], [ -73.119863126999974, -36.717899280999973 ], [ -73.125581391999958, -36.720352933999948 ], [ -73.125536522999937, -36.72006414599997 ], [ -73.125016032999952, -36.719683951999968 ], [ -73.124986171999979, -36.719166829999949 ], [ -73.126432128999966, -36.717430715999967 ], [ -73.127522197999951, -36.716502540999954 ], [ -73.127241243999947, -36.715923690999944 ], [ -73.127039142999934, -36.71468422199996 ], [ -73.12738547899994, -36.714280640999959 ], [ -73.128335753999977, -36.713896399999953 ], [ -73.127952436999976, -36.71370792099998 ], [ -73.126769108999952, -36.713872723999941 ], [ -73.125505966999981, -36.714589775999968 ], [ -73.123101950999967, -36.715560489999973 ], [ -73.122536479999951, -36.71621339099994 ], [ -73.121314398999971, -36.716396763999967 ] ] ] } },
{ "type": "Feature", "properties": { "CUT": 8110, "COMUNA": "TALCAHUANO", "AREA_C": "URBANO", "DISTRITO": "BARRANQUILLA", "LOCALIDAD": "GRAN CONCEPCIÓN", "n_per": 3230.0, "n_hombres": 1593.0, "n_mujeres": 1637.0, "n_edad_60_mas": 746.0, "n_asistencia_basica": 284.0, "n_asistencia_media": 161.0, "n_asistencia_superior": 130.0, "n_transporte_auto": 217.0, "n_transporte_publico": 588.0, "n_transporte_camina": 92.0, "n_transporte_bicicleta": 0.0 }, "geometry": { "type": "Polygon", "coordinates": [ [ [ -73.125581391999958, -36.720352933999948 ], [ -73.130684548999966, -36.723546875999943 ], [ -73.131248598999946, -36.723142760999963 ], [ -73.131824237999979, -36.723183887999937 ], [ -73.132679016999987, -36.723710351999955 ], [ -73.13347295799997, -36.723965992999979 ], [ -73.134295331999965, -36.72480055799997 ], [ -73.135131764999983, -36.724633310999934 ], [ -73.135799292999934, -36.725028556999973 ], [ -73.136498561999986, -36.724726922999935 ], [ -73.136984646999963, -36.724123600999974 ], [ -73.136824143999945, -36.723750363999955 ], [ -73.135618578999981, -36.723017802999948 ], [ -73.135112852999953, -36.722216230999948 ], [ -73.134520475999977, -36.722168367999984 ], [ -73.133061225999938, -36.721659203999934 ], [ -73.132495615999972, -36.720654248999949 ], [ -73.132254281999963, -36.719338819999962 ], [ -73.132552841999939, -36.719132589999958 ], [ -73.132678927999962, -36.718170426999961 ], [ -73.131929874999969, -36.715828023999961 ], [ -73.130048667999972, -36.714793113999974 ], [ -73.128912216999936, -36.714386498999943 ], [ -73.128335753999977, -36.713896399999953 ], [ -73.12738547899994, -36.714280640999959 ], [ -73.127039142999934, -36.71468422199996 ], [ -73.127241243999947, -36.715923690999944 ], [ -73.127522197999951, -36.716502540999954 ], [ -73.126432128999966, -36.717430715999967 ], [ -73.124980326999946, -36.719195399999933 ], [ -73.125016032999952, -36.719683951999968 ], [ -73.125536522999937, -36.72006414599997 ], [ -73.125581391999958, -36.720352933999948 ] ] ] } },
{ "type": "Feature", "properties": { "CUT": 8110, "COMUNA": "TALCAHUANO", "AREA_C": "URBANO", "DISTRITO": "BARRANQUILLA", "LOCALIDAD": "GRAN CONCEPCIÓN", "n_per": 1760.0, "n_hombres": 848.0, "n_mujeres": 912.0, "n_edad_60_mas": 476.0, "n_asistencia_basica": 117.0, "n_asistencia_media": 80.0, "n_asistencia_superior": 70.0, "n_transporte_auto": 142.0, "n_transporte_publico": 308.0, "n_transporte_camina": 110.0, "n_transporte_bicicleta": 13.0 }, "geometry": { "type": "Polygon", "coordinates": [ [ [ -73.117808498999977, -36.724916641999982 ], [ -73.119720079999979, -36.723986603999947 ], [ -73.126366219999966, -36.720809614999951 ], [ -73.124782582999956, -36.719937517999938 ], [ -73.119863126999974, -36.717899280999973 ], [ -73.118972589999942, -36.717017668999972 ], [ -73.11867880799997, -36.716944147999982 ], [ -73.11832541299998, -36.722701140999959 ], [ -73.117334004999975, -36.724844652999934 ], [ -73.117808498999977, -36.724916641999982 ] ] ] } },
{ "type": "Feature", "properties": { "CUT": 8110, "COMUNA": "TALCAHUANO", "AREA_C": "URBANO", "DISTRITO": "CERRO FUENTES", "LOCALIDAD": "GRAN CONCEPCIÓN", "n_per": 2069.0, "n_hombres": 998.0, "n_mujeres": 1071.0, "n_edad_60_mas": 592.0, "n_asistencia_basica": 170.0, "n_asistencia_media": 86.0, "n_asistencia_superior": 100.0, "n_transporte_auto": 174.0, "n_transporte_publico": 399.0, "n_transporte_camina": 115.0, "n_transporte_bicicleta": 17.0 }, "geometry": { "type": "Polygon", "coordinates": [ [ [ -73.117447742999957, -36.71706207699998 ], [ -73.115132313999936, -36.718007895999961 ], [ -73.115093933999958, -36.718241889999945 ], [ -73.114110049999965, -36.718623841999943 ], [ -73.114009929999952, -36.718477346999975 ], [ -73.113021232999984, -36.718900777999977 ], [ -73.113680620999958, -36.720067270999948 ], [ -73.113757063999969, -36.724357085999941 ], [ -73.117334004999975, -36.724844652999934 ], [ -73.11832541299998, -36.722701140999959 ], [ -73.118653885999947, -36.717790481999941 ], [ -73.11845995699997, -36.717856911999945 ], [ -73.118491952999989, -36.717176631999962 ], [ -73.117447742999957, -36.71706207699998 ] ] ] } },
{ "type": "Feature", "properties": { "CUT": 8110, "COMUNA": "TALCAHUANO", "AREA_C": "URBANO", "DISTRITO": "SAN VICENTE", "LOCALIDAD": "GRAN CONCEPCIÓN", "n_per": 3124.0, "n_hombres": 1502.0, "n_mujeres": 1622.0, "n_edad_60_mas": 735.0, "n_asistencia_basica": 356.0, "n_asistencia_media": 189.0, "n_asistencia_superior": 133.0, "n_transporte_auto": 180.0, "n_transporte_publico": 520.0, "n_transporte_camina": 58.0, "n_transporte_bicicleta": 2.0 }, "geometry": { "type": "Polygon", "coordinates": [ [ [ -73.142443205999939, -36.718028105999963 ], [ -73.141919038999959, -36.717943051999953 ], [ -73.141594543999986, -36.717609892999974 ], [ -73.13995609899996, -36.717668584999956 ], [ -73.13951781999998, -36.718567280999935 ], [ -73.138871163999966, -36.718657557999961 ], [ -73.138980376999939, -36.718853456999966 ], [ -73.139701398999989, -36.71910077299998 ], [ -73.139307016999965, -36.719965922999961 ], [ -73.140567166999972, -36.72211077399993 ], [ -73.140420062999965, -36.722959618999937 ], [ -73.139835666999943, -36.724139993999984 ], [ -73.139910332999989, -36.724618785999951 ], [ -73.140354323999986, -36.724942548999934 ], [ -73.140398946999937, -36.725348672999985 ], [ -73.140908061999937, -36.725604859999976 ], [ -73.141262142999949, -36.726249357999961 ], [ -73.142765348999944, -36.726563747999933 ], [ -73.143638396999961, -36.725353017999964 ], [ -73.143896061999953, -36.725254553999946 ], [ -73.144256847999941, -36.725360952999949 ], [ -73.144084397999961, -36.725166184999978 ], [ -73.144293933999961, -36.725006398999938 ], [ -73.144815948999963, -36.725178314999937 ], [ -73.14471735799998, -36.724859592999962 ], [ -73.144434904999969, -36.72482499299997 ], [ -73.144303252999975, -36.724577321999959 ], [ -73.144666226999959, -36.723903996999979 ], [ -73.144905994999988, -36.723883668999974 ], [ -73.144991361999985, -36.722611122999979 ], [ -73.145296233999943, -36.722537277999947 ], [ -73.145472024999947, -36.722676841999942 ], [ -73.145873001999973, -36.722317413999974 ], [ -73.146150077999948, -36.722443876999932 ], [ -73.146082959999944, -36.721874156999945 ], [ -73.145861148999984, -36.721650861999933 ], [ -73.145982074999949, -36.721315460999961 ], [ -73.145811820999938, -36.720568473999947 ], [ -73.14469485099994, -36.719117015999984 ], [ -73.14477338599994, -36.718212022999978 ], [ -73.143892949999952, -36.717596912999966 ], [ -73.143061546999945, -36.717684712999983 ], [ -73.142443205999939, -36.718028105999963 ] ] ] } },
{ "type": "Feature", "properties": { "CUT": 8110, "COMUNA": "TALCAHUANO", "AREA_C": "URBANO", "DISTRITO": "SAN VICENTE", "LOCALIDAD": "GRAN CONCEPCIÓN", "n_per": 1727.0, "n_hombres": 835.0, "n_mujeres": 892.0, "n_edad_60_mas": 414.0, "n_asistencia_basica": 154.0, "n_asistencia_media": 84.0, "n_asistencia_superior": 63.0, "n_transporte_auto": 62.0, "n_transporte_publico": 295.0, "n_transporte_camina": 31.0, "n_transporte_bicicleta": 2.0 }, "geometry": { "type": "Polygon", "coordinates": [ [ [ -73.13445797199995, -36.722146558999953 ], [ -73.135112852999953, -36.722216230999948 ], [ -73.135618578999981, -36.723017802999948 ], [ -73.136945602999958, -36.723890531999984 ], [ -73.136923534999937, -36.72424775099995 ], [ -73.136498561999986, -36.724726922999935 ], [ -73.135799292999934, -36.725028556999973 ], [ -73.135131764999983, -36.724633310999934 ], [ -73.134295331999965, -36.72480055799997 ], [ -73.13347295799997, -36.723965992999979 ], [ -73.131529986999965, -36.723119147999967 ], [ -73.131071158999987, -36.72322010299996 ], [ -73.130684548999966, -36.723546875999943 ], [ -73.13109768399994, -36.723848848999978 ], [ -73.130189845999951, -36.724574686999972 ], [ -73.131562884999937, -36.724937374999968 ], [ -73.131480465999971, -36.72504487599997 ], [ -73.133053430999951, -36.725970396999969 ], [ -73.132839278999938, -36.726545786999964 ], [ -73.132703808999963, -36.72655092399998 ], [ -73.132799119999959, -36.727086269999973 ], [ -73.133197303999964, -36.727038042999936 ], [ -73.133253389999936, -36.72658496899993 ], [ -73.132938581999952, -36.726543713999945 ], [ -73.133114929999977, -36.726005975999954 ], [ -73.133972245999985, -36.726468211999929 ], [ -73.134431099999972, -36.727093370999967 ], [ -73.134498814999972, -36.727548080999952 ], [ -73.134013878999951, -36.728370526999981 ], [ -73.139103002999946, -36.731884453999953 ], [ -73.139235759999963, -36.731756735999966 ], [ -73.139024616999961, -36.731601466999962 ], [ -73.139437105999946, -36.731250803999956 ], [ -73.140717675999952, -36.731173206999983 ], [ -73.141859885999963, -36.730856649999964 ], [ -73.143220543999973, -36.730745213999967 ], [ -73.143982583999957, -36.730874548999964 ], [ -73.144782630999941, -36.731709326999976 ], [ -73.145808234999947, -36.733363063999946 ], [ -73.146122036999941, -36.733473771999968 ], [ -73.14618607999995, -36.733707047999928 ], [ -73.146470521999959, -36.73366965699995 ], [ -73.143070783999974, -36.728041445999963 ], [ -73.143223219999982, -36.727742323999962 ], [ -73.143122446999939, -36.727426000999969 ], [ -73.142994011999974, -36.727430665999975 ], [ -73.14313531199997, -36.727328855999929 ], [ -73.142765348999944, -36.726563747999933 ], [ -73.141262142999949, -36.726249357999961 ], [ -73.140887133999968, -36.725581187999978 ], [ -73.140398946999937, -36.725348672999985 ], [ -73.140380898999979, -36.724987400999964 ], [ -73.139910332999989, -36.724618785999951 ], [ -73.139551519999941, -36.723911295999983 ], [ -73.138579755999956, -36.72346534299993 ], [ -73.137010094999937, -36.722041524999952 ], [ -73.136435662999986, -36.721950686999946 ], [ -73.135270283999944, -36.721174215999952 ], [ -73.135121007999942, -36.720179852999934 ], [ -73.134727229999953, -36.71917050199994 ], [ -73.136243244999946, -36.718188903999931 ], [ -73.135820272999979, -36.717741395999951 ], [ -73.135217044999933, -36.717546355999957 ], [ -73.134755048999978, -36.717535329999976 ], [ -73.132776910999951, -36.718086125999946 ], [ -73.132552841999939, -36.719132589999958 ], [ -73.132254281999963, -36.719338819999962 ], [ -73.132495615999972, -36.720654248999949 ], [ -73.133061225999938, -36.721659203999934 ], [ -73.13445797199995, -36.722146558999953 ] ] ] } },
{ "type": "Feature", "properties": { "CUT": 8110, "COMUNA": "TALCAHUANO", "AREA_C": "URBANO", "DISTRITO": "EL PORTÓN", "LOCALIDAD": "GRAN CONCEPCIÓN", "n_per": 770.0, "n_hombres": 403.0, "n_mujeres": 367.0, "n_edad_60_mas": 180.0, "n_asistencia_basica": 61.0, "n_asistencia_media": 18.0, "n_asistencia_superior": 33.0, "n_transporte_auto": 72.0, "n_transporte_publico": 131.0, "n_transporte_camina": 80.0, "n_transporte_bicicleta": 5.0 }, "geometry": { "type": "Polygon", "coordinates": [ [ [ -73.11375675499994, -36.724357044999977 ], [ -73.113680620999958, -36.720067270999948 ], [ -73.110103724999988, -36.720085382999969 ], [ -73.109818304999976, -36.722763789999931 ], [ -73.109845476999965, -36.723856920999935 ], [ -73.11375675499994, -36.724357044999977 ] ] ] } },
{ "type": "Feature", "properties": { "CUT": 8110, "COMUNA": "TALCAHUANO", "AREA_C": "URBANO", "DISTRITO": "HUACHIPATO", "LOCALIDAD": "GRAN CONCEPCIÓN", "n_per": 1562.0, "n_hombres": 770.0, "n_mujeres": 792.0, "n_edad_60_mas": 428.0, "n_asistencia_basica": 123.0, "n_asistencia_media": 67.0, "n_asistencia_superior": 70.0, "n_transporte_auto": 113.0, "n_transporte_publico": 230.0, "n_transporte_camina": 90.0, "n_transporte_bicicleta": 11.0 }, "geometry": { "type": "Polygon", "coordinates": [ [ [ -73.126366219999966, -36.720809614999951 ], [ -73.117808666999963, -36.72491667099996 ], [ -73.117945934999966, -36.724936107999952 ], [ -73.116500296999959, -36.726587356999971 ], [ -73.116693879999957, -36.727092507999942 ], [ -73.118196219999959, -36.72545411599998 ], [ -73.124568125999986, -36.726389038999969 ], [ -73.125194998999973, -36.726386929999933 ], [ -73.126138148999985, -36.726070027999981 ], [ -73.127815907999945, -36.72628335099995 ], [ -73.128052649999972, -36.726436097999965 ], [ -73.127456835999965, -36.727585285999965 ], [ -73.126489782999954, -36.728278878999959 ], [ -73.126794328999949, -36.728823151999961 ], [ -73.126740650999977, -36.72909965599996 ], [ -73.127520089999962, -36.729347508999979 ], [ -73.128917829999978, -36.726845097999956 ], [ -73.129949516999943, -36.72633871599993 ], [ -73.129984471999933, -36.726185585999929 ], [ -73.129629756999975, -36.725880402999962 ], [ -73.129689837999933, -36.725679265999929 ], [ -73.130047684999965, -36.725682263999943 ], [ -73.130383857999959, -36.726018093999983 ], [ -73.130096103999961, -36.725473609999938 ], [ -73.130479440999977, -36.725233189999983 ], [ -73.130766063999943, -36.725822895999954 ], [ -73.130858891999935, -36.725781239999947 ], [ -73.130513122999957, -36.725209983999946 ], [ -73.130938418999961, -36.724874505999935 ], [ -73.131049729999972, -36.72490135299995 ], [ -73.130974637999941, -36.725075864999951 ], [ -73.131296684999938, -36.725179036999975 ], [ -73.131562884999937, -36.724937374999968 ], [ -73.130189845999951, -36.724574686999972 ], [ -73.13109768399994, -36.723848848999978 ], [ -73.126366219999966, -36.720809614999951 ] ] ] } },
{ "type": "Feature", "properties": { "CUT": 8110, "COMUNA": "TALCAHUANO", "AREA_C": "URBANO", "DISTRITO": "VALDIVIESO", "LOCALIDAD": "GRAN CONCEPCIÓN", "n_per": 2187.0, "n_hombres": 1023.0, "n_mujeres": 1164.0, "n_edad_60_mas": 524.0, "n_asistencia_basica": 203.0, "n_asistencia_media": 114.0, "n_asistencia_superior": 106.0, "n_transporte_auto": 216.0, "n_transporte_publico": 441.0, "n_transporte_camina": 129.0, "n_transporte_bicicleta": 15.0 }, "geometry": { "type": "Polygon", "coordinates": [ [ [ -73.103218129999959, -36.723649244999933 ], [ -73.103094204999934, -36.724487497999974 ], [ -73.100932476999958, -36.72102340999993 ], [ -73.103001991999975, -36.724629344999983 ], [ -73.102210562999971, -36.724935258999949 ], [ -73.100587153999982, -36.725206166999953 ], [ -73.098644351999951, -36.726023431999977 ], [ -73.101525896999988, -36.731631040999957 ], [ -73.106116437999958, -36.734432284999968 ], [ -73.108301953999955, -36.73241930699993 ], [ -73.109686954999972, -36.730571771999962 ], [ -73.11019730299995, -36.729557107999938 ], [ -73.110659043999988, -36.727644759999976 ], [ -73.109893659999955, -36.724727843999972 ], [ -73.109818304999976, -36.722763789999931 ], [ -73.109944027999973, -36.72186949099995 ], [ -73.106796870999972, -36.721492314999978 ], [ -73.106121464999944, -36.722295344999964 ], [ -73.104123028999936, -36.723454554999932 ], [ -73.103408194999986, -36.72366976099994 ], [ -73.101547412999935, -36.720808517999956 ], [ -73.103218129999959, -36.723649244999933 ] ] ] } },
{ "type": "Feature", "properties": { "CUT": 8110, "COMUNA": "TALCAHUANO", "AREA_C": "URBANO", "DISTRITO": "EL ARENAL", "LOCALIDAD": "GRAN CONCEPCIÓN", "n_per": 1954.0, "n_hombres": 961.0, "n_mujeres": 993.0, "n_edad_60_mas": 465.0, "n_asistencia_basica": 189.0, "n_asistencia_media": 82.0, "n_asistencia_superior": 68.0, "n_transporte_auto": 160.0, "n_transporte_publico": 369.0, "n_transporte_camina": 67.0, "n_transporte_bicicleta": 8.0 }, "geometry": { "type": "Polygon", "coordinates": [ [ [ -73.109711635999986, -36.732356770999957 ], [ -73.11568764499998, -36.726377624999941 ], [ -73.116957708999962, -36.72531098099995 ], [ -73.117334004999975, -36.724844652999934 ], [ -73.109845476999965, -36.723856920999935 ], [ -73.109893659999955, -36.724727843999972 ], [ -73.110659043999988, -36.727644759999976 ], [ -73.11019730299995, -36.729557107999938 ], [ -73.109822259999987, -36.730352590999985 ], [ -73.110012634999975, -36.730526035999958 ], [ -73.109996520999971, -36.731064569999944 ], [ -73.109575003999964, -36.732293459999937 ], [ -73.109711635999986, -36.732356770999957 ] ] ] } },
{ "type": "Feature", "properties": { "CUT": 8110, "COMUNA": "TALCAHUANO", "AREA_C": "URBANO", "DISTRITO": "ESTADIO", "LOCALIDAD": "GRAN CONCEPCIÓN", "n_per": 3256.0, "n_hombres": 1547.0, "n_mujeres": 1709.0, "n_edad_60_mas": 750.0, "n_asistencia_basica": 303.0, "n_asistencia_media": 179.0, "n_asistencia_superior": 164.0, "n_transporte_auto": 240.0, "n_transporte_publico": 554.0, "n_transporte_camina": 201.0, "n_transporte_bicicleta": 40.0 }, "geometry": { "type": "Polygon", "coordinates": [ [ [ -73.117334004999975, -36.724844652999934 ], [ -73.106728024999938, -36.73551174399995 ], [ -73.106512458999987, -36.736163317999967 ], [ -73.106554443999983, -36.736870277999969 ], [ -73.106941165999956, -36.737557485999957 ], [ -73.107469569999978, -36.738002682999934 ], [ -73.108269474999986, -36.738323392999973 ], [ -73.109442122999951, -36.738430539999968 ], [ -73.110780517999956, -36.736368772999981 ], [ -73.111614980999946, -36.736030275999951 ], [ -73.111722971999939, -36.735387600999957 ], [ -73.112921446999962, -36.734417115999975 ], [ -73.112727990999986, -36.734282849999943 ], [ -73.117381358999978, -36.73050825699994 ], [ -73.117530686999942, -36.730585851999933 ], [ -73.117779870999982, -36.729835700999956 ], [ -73.116500296999959, -36.726587356999971 ], [ -73.117945934999966, -36.724936107999952 ], [ -73.117334004999975, -36.724844652999934 ] ] ] } },
{ "type": "Feature", "properties": { "CUT": 8110, "COMUNA": "TALCAHUANO", "AREA_C": "URBANO", "DISTRITO": "ESTADIO", "LOCALIDAD": "GRAN CONCEPCIÓN", "n_per": 3446.0, "n_hombres": 1700.0, "n_mujeres": 1746.0, "n_edad_60_mas": 662.0, "n_asistencia_basica": 314.0, "n_asistencia_media": 184.0, "n_asistencia_superior": 134.0, "n_transporte_auto": 259.0, "n_transporte_publico": 517.0, "n_transporte_camina": 276.0, "n_transporte_bicicleta": 56.0 }, "geometry": { "type": "Polygon", "coordinates": [ [ [ -73.117539961999967, -36.730500811999946 ], [ -73.112727990999986, -36.734282849999943 ], [ -73.112921446999962, -36.734417115999975 ], [ -73.111722971999939, -36.735387600999957 ], [ -73.111748854999973, -36.735821973999975 ], [ -73.111490461999949, -36.736088627999948 ], [ -73.112295591999953, -36.736203768999928 ], [ -73.118058428999973, -36.740027422999958 ], [ -73.118722685999956, -36.740214231999971 ], [ -73.119258333999937, -36.740177993999964 ], [ -73.120027581999977, -36.739940480999962 ], [ -73.120434968999973, -36.739634511999952 ], [ -73.120755858999985, -36.739072815999975 ], [ -73.120897861999936, -36.738143934999982 ], [ -73.117779870999982, -36.729835700999956 ], [ -73.117539961999967, -36.730500811999946 ] ] ] } },
{ "type": "Feature", "properties": { "CUT": 8110, "COMUNA": "TALCAHUANO", "AREA_C": "URBANO", "DISTRITO": "LAS SALINAS", "LOCALIDAD": "GRAN CONCEPCIÓN", "n_per": 2961.0, "n_hombres": 1461.0, "n_mujeres": 1500.0, "n_edad_60_mas": 632.0, "n_asistencia_basica": 283.0, "n_asistencia_media": 127.0, "n_asistencia_superior": 115.0, "n_transporte_auto": 344.0, "n_transporte_publico": 600.0, "n_transporte_camina": 145.0, "n_transporte_bicicleta": 31.0 }, "geometry": { "type": "Polygon", "coordinates": [ [ [ -73.108301953999955, -36.73241930699993 ], [ -73.106116437999958, -36.734432284999968 ], [ -73.103216897999971, -36.732662924999943 ], [ -73.097425201999954, -36.734302408999952 ], [ -73.095307509999941, -36.735045170999967 ], [ -73.091887732999965, -36.73548126999998 ], [ -73.094351754999934, -36.741240096999945 ], [ -73.098064244999989, -36.742524030999959 ], [ -73.097446125999966, -36.743701931999965 ], [ -73.098795012999972, -36.744144037999945 ], [ -73.099988795999934, -36.742386540999973 ], [ -73.101114444999951, -36.741060164999965 ], [ -73.109764809999945, -36.732381409999959 ], [ -73.109575003999964, -36.732293459999937 ], [ -73.109947550999948, -36.731431359999931 ], [ -73.110012634999975, -36.730526035999958 ], [ -73.109822259999987, -36.730352590999985 ], [ -73.108301953999955, -36.73241930699993 ] ] ] } },
{ "type": "Feature", "properties": { "CUT": 8110, "COMUNA": "TALCAHUANO", "AREA_C": "URBANO", "DISTRITO": "ZUNICO", "LOCALIDAD": "GRAN CONCEPCIÓN", "n_per": 1609.0, "n_hombres": 725.0, "n_mujeres": 884.0, "n_edad_60_mas": 562.0, "n_asistencia_basica": 113.0, "n_asistencia_media": 80.0, "n_asistencia_superior": 79.0, "n_transporte_auto": 131.0, "n_transporte_publico": 249.0, "n_transporte_camina": 111.0, "n_transporte_bicicleta": 15.0 }, "geometry": { "type": "Polygon", "coordinates": [ [ [ -73.102899694999962, -36.739250432999938 ], [ -73.107994477999966, -36.740714332999971 ], [ -73.109442122999951, -36.738430539999968 ], [ -73.108269474999986, -36.738323392999973 ], [ -73.107128197999941, -36.737743974999944 ], [ -73.106554443999983, -36.736870277999969 ], [ -73.10654386899995, -36.735974265999971 ], [ -73.106728024999938, -36.73551174399995 ], [ -73.109431406999988, -36.732722057999979 ], [ -73.102899694999962, -36.739250432999938 ] ] ] } },
{ "type": "Feature", "properties": { "CUT": 8110, "COMUNA": "TALCAHUANO", "AREA_C": "URBANO", "DISTRITO": "CARRIEL", "LOCALIDAD": "GRAN CONCEPCIÓN", "n_per": 5041.0, "n_hombres": 2382.0, "n_mujeres": 2659.0, "n_edad_60_mas": 788.0, "n_asistencia_basica": 448.0, "n_asistencia_media": 297.0, "n_asistencia_superior": 402.0, "n_transporte_auto": 740.0, "n_transporte_publico": 946.0, "n_transporte_camina": 123.0, "n_transporte_bicicleta": 48.0 }, "geometry": { "type": "Polygon", "coordinates": [ [ [ -73.086603191999984, -36.739457739999978 ], [ -73.083495390999985, -36.74210868199998 ], [ -73.082980821999968, -36.74283442899997 ], [ -73.082044045999965, -36.743428093999967 ], [ -73.087360052999941, -36.74515054699998 ], [ -73.088647363999939, -36.742547189999982 ], [ -73.087178669999957, -36.742045874999974 ], [ -73.088681740999959, -36.740907306999929 ], [ -73.093634897999948, -36.739544596999963 ], [ -73.091887732999965, -36.73548126999998 ], [ -73.09018701499997, -36.735944601999961 ], [ -73.089068314999963, -36.737483922999957 ], [ -73.087899443999959, -36.738555761999976 ], [ -73.086603191999984, -36.739457739999978 ] ] ] } },
{ "type": "Feature", "properties": { "CUT": 8110, "COMUNA": "TALCAHUANO", "AREA_C": "URBANO", "DISTRITO": "HUACHIPATO", "LOCALIDAD": "GRAN CONCEPCIÓN", "n_per": 2777.0, "n_hombres": 1284.0, "n_mujeres": 1493.0, "n_edad_60_mas": 1007.0, "n_asistencia_basica": 199.0, "n_asistencia_media": 101.0, "n_asistencia_superior": 152.0, "n_transporte_auto": 355.0, "n_transporte_publico": 348.0, "n_transporte_camina": 92.0, "n_transporte_bicicleta": 13.0 }, "geometry": { "type": "Polygon", "coordinates": [ [ [ -73.103288278999969, -36.747868159999939 ], [ -73.105167126999959, -36.750411197999938 ], [ -73.105952356999978, -36.750052715999971 ], [ -73.109512459999962, -36.74913193499998 ], [ -73.110926176999953, -36.750246998999955 ], [ -73.111733744999981, -36.750603501999933 ], [ -73.116968678999967, -36.751678886999969 ], [ -73.116863424999963, -36.752420712999935 ], [ -73.116506795999953, -36.753005444999928 ], [ -73.116242706999969, -36.755015759999935 ], [ -73.116643934999956, -36.755671078999967 ], [ -73.117636077999975, -36.755867051999985 ], [ -73.118033837999974, -36.755490275999932 ], [ -73.118880974999968, -36.755345940999973 ], [ -73.120729532999974, -36.754500859999951 ], [ -73.121865668999988, -36.754820752999933 ], [ -73.122605129999954, -36.754670184999952 ], [ -73.122854582999935, -36.754115289999959 ], [ -73.123425285999986, -36.754097225999942 ], [ -73.123790110999948, -36.753161287999944 ], [ -73.123769261999939, -36.752180356999929 ], [ -73.123269198999935, -36.751297206999936 ], [ -73.123244451999938, -36.750772865999977 ], [ -73.123429832999989, -36.750413901999934 ], [ -73.124150694999969, -36.749812087999942 ], [ -73.124347843999942, -36.749342171999956 ], [ -73.12419181599995, -36.748804133999954 ], [ -73.118678775999967, -36.74049899299996 ], [ -73.112295591999953, -36.736203768999928 ], [ -73.111634501999959, -36.73608712999993 ], [ -73.110993012999984, -36.736247702999947 ], [ -73.110531532999971, -36.736688972999957 ], [ -73.108495255999969, -36.739990389999946 ], [ -73.106148229999974, -36.743388079999932 ], [ -73.104521579999982, -36.746934725999949 ], [ -73.104141101999971, -36.747362837999958 ], [ -73.103288278999969, -36.747868159999939 ] ] ] } },
{ "type": "Feature", "properties": { "CUT": 8110, "COMUNA": "TALCAHUANO", "AREA_C": "URBANO", "DISTRITO": "ZUNICO", "LOCALIDAD": "GRAN CONCEPCIÓN", "n_per": 2186.0, "n_hombres": 1005.0, "n_mujeres": 1181.0, "n_edad_60_mas": 649.0, "n_asistencia_basica": 178.0, "n_asistencia_media": 91.0, "n_asistencia_superior": 95.0, "n_transporte_auto": 161.0, "n_transporte_publico": 370.0, "n_transporte_camina": 124.0, "n_transporte_bicicleta": 18.0 }, "geometry": { "type": "Polygon", "coordinates": [ [ [ -73.105552038999974, -36.744611259999942 ], [ -73.106148229999974, -36.743388079999932 ], [ -73.107994477999966, -36.740714332999971 ], [ -73.102899694999962, -36.739250432999938 ], [ -73.100035088999959, -36.742329518999952 ], [ -73.103019922999977, -36.743286531999956 ], [ -73.102965963999964, -36.74347350599993 ], [ -73.103494216999934, -36.743639273999975 ], [ -73.103418638999983, -36.743970574999935 ], [ -73.105552038999974, -36.744611259999942 ] ] ] } },
{ "type": "Feature", "properties": { "CUT": 8110, "COMUNA": "TALCAHUANO", "AREA_C": "URBANO", "DISTRITO": "CARRIEL", "LOCALIDAD": "GRAN CONCEPCIÓN", "n_per": 3223.0, "n_hombres": 1545.0, "n_mujeres": 1678.0, "n_edad_60_mas": 902.0, "n_asistencia_basica": 246.0, "n_asistencia_media": 117.0, "n_asistencia_superior": 209.0, "n_transporte_auto": 377.0, "n_transporte_publico": 608.0, "n_transporte_camina": 98.0, "n_transporte_bicicleta": 31.0 }, "geometry": { "type": "Polygon", "coordinates": [ [ [ -73.093634897999948, -36.739544596999963 ], [ -73.088681740999959, -36.740907306999929 ], [ -73.087178669999957, -36.742045874999974 ], [ -73.088647363999939, -36.742547189999982 ], [ -73.087360052999941, -36.74515054699998 ], [ -73.094446420999986, -36.747462863999942 ], [ -73.095123604999969, -36.746251914999959 ], [ -73.09672016199994, -36.744585331999929 ], [ -73.097876479999968, -36.742458953999972 ], [ -73.094351754999934, -36.741240096999945 ], [ -73.093634897999948, -36.739544596999963 ] ] ] } },
{ "type": "Feature", "properties": { "CUT": 8110, "COMUNA": "TALCAHUANO", "AREA_C": "URBANO", "DISTRITO": "ZUNICO", "LOCALIDAD": "GRAN CONCEPCIÓN", "n_per": 2158.0, "n_hombres": 1038.0, "n_mujeres": 1120.0, "n_edad_60_mas": 654.0, "n_asistencia_basica": 159.0, "n_asistencia_media": 70.0, "n_asistencia_superior": 107.0, "n_transporte_auto": 185.0, "n_transporte_publico": 391.0, "n_transporte_camina": 68.0, "n_transporte_bicicleta": 19.0 }, "geometry": { "type": "Polygon", "coordinates": [ [ [ -73.098795833999986, -36.744142579999959 ], [ -73.09727572099996, -36.746834538999963 ], [ -73.099550884999985, -36.746205552999982 ], [ -73.101400903999945, -36.750498428999947 ], [ -73.101951164999946, -36.750326942999948 ], [ -73.101653302999978, -36.749619963999976 ], [ -73.103789562999964, -36.748553473999948 ], [ -73.103288278999969, -36.747868159999939 ], [ -73.104141101999971, -36.747362837999958 ], [ -73.104521579999982, -36.746934725999949 ], [ -73.105552327999987, -36.744611350999946 ], [ -73.103418638999983, -36.743970574999935 ], [ -73.103494216999934, -36.743639273999975 ], [ -73.102965963999964, -36.74347350599993 ], [ -73.103019922999977, -36.743286531999956 ], [ -73.100035088999959, -36.742329518999952 ], [ -73.098795833999986, -36.744142579999959 ] ] ] } },
{ "type": "Feature", "properties": { "CUT": 8110, "COMUNA": "TALCAHUANO", "AREA_C": "URBANO", "DISTRITO": "CARRIEL", "LOCALIDAD": "GRAN CONCEPCIÓN", "n_per": 1557.0, "n_hombres": 717.0, "n_mujeres": 840.0, "n_edad_60_mas": 499.0, "n_asistencia_basica": 94.0, "n_asistencia_media": 48.0, "n_asistencia_superior": 94.0, "n_transporte_auto": 186.0, "n_transporte_publico": 297.0, "n_transporte_camina": 49.0, "n_transporte_bicicleta": 7.0 }, "geometry": { "type": "Polygon", "coordinates": [ [ [ -73.094458752999969, -36.747437715999979 ], [ -73.093276164999963, -36.74707381099995 ], [ -73.091075598999964, -36.751645978999932 ], [ -73.089726850999966, -36.754013129999976 ], [ -73.091862958999968, -36.754597854999929 ], [ -73.09182025399997, -36.754943294999975 ], [ -73.092537718999949, -36.755117169999949 ], [ -73.098795012999972, -36.744144037999945 ], [ -73.097446125999966, -36.743701931999965 ], [ -73.098064244999989, -36.742524030999959 ], [ -73.097876479999968, -36.742458953999972 ], [ -73.09672016199994, -36.744585331999929 ], [ -73.095123604999969, -36.746251914999959 ], [ -73.094458752999969, -36.747437715999979 ] ] ] } },
{ "type": "Feature", "properties": { "CUT": 8110, "COMUNA": "TALCAHUANO", "AREA_C": "URBANO", "DISTRITO": "CARRIEL", "LOCALIDAD": "GRAN CONCEPCIÓN", "n_per": 5608.0, "n_hombres": 2727.0, "n_mujeres": 2881.0, "n_edad_60_mas": 865.0, "n_asistencia_basica": 653.0, "n_asistencia_media": 312.0, "n_asistencia_superior": 360.0, "n_transporte_auto": 964.0, "n_transporte_publico": 726.0, "n_transporte_camina": 84.0, "n_transporte_bicicleta": 33.0 }, "geometry": { "type": "Polygon", "coordinates": [ [ [ -73.087175936999984, -36.75192852899994 ], [ -73.087802533999934, -36.750668184999938 ], [ -73.087099712999986, -36.749088558999972 ], [ -73.087632023999959, -36.748964169999965 ], [ -73.085837333999962, -36.744664267999951 ], [ -73.082044045999965, -36.743428093999967 ], [ -73.077844800999969, -36.746792445999972 ], [ -73.085059637999962, -36.750899143999959 ], [ -73.087175936999984, -36.75192852899994 ] ] ] } },
{ "type": "Feature", "properties": { "CUT": 8110, "COMUNA": "TALCAHUANO", "AREA_C": "URBANO", "DISTRITO": "CARRIEL", "LOCALIDAD": "GRAN CONCEPCIÓN", "n_per": 3063.0, "n_hombres": 1466.0, "n_mujeres": 1597.0, "n_edad_60_mas": 989.0, "n_asistencia_basica": 229.0, "n_asistencia_media": 110.0, "n_asistencia_superior": 173.0, "n_transporte_auto": 318.0, "n_transporte_publico": 444.0, "n_transporte_camina": 77.0, "n_transporte_bicicleta": 27.0 }, "geometry": { "type": "Polygon", "coordinates": [ [ [ -73.090375825999956, -36.752830281999934 ], [ -73.093276164999963, -36.74707381099995 ], [ -73.085837333999962, -36.744664267999951 ], [ -73.087632023999959, -36.748964169999965 ], [ -73.087099712999986, -36.749088558999972 ], [ -73.087802533999934, -36.750668184999938 ], [ -73.087176615999965, -36.751928717999931 ], [ -73.090375825999956, -36.752830281999934 ] ] ] } },
{ "type": "Feature", "properties": { "CUT": 8110, "COMUNA": "TALCAHUANO", "AREA_C": "URBANO", "DISTRITO": "ZUNICO", "LOCALIDAD": "GRAN CONCEPCIÓN", "n_per": 3488.0, "n_hombres": 1669.0, "n_mujeres": 1819.0, "n_edad_60_mas": 1299.0, "n_asistencia_basica": 244.0, "n_asistencia_media": 110.0, "n_asistencia_superior": 200.0, "n_transporte_auto": 402.0, "n_transporte_publico": 485.0, "n_transporte_camina": 67.0, "n_transporte_bicicleta": 10.0 }, "geometry": { "type": "Polygon", "coordinates": [ [ [ -73.093158597999945, -36.754034417999947 ], [ -73.093769484999939, -36.75427015899993 ], [ -73.101456322999979, -36.752112709999949 ], [ -73.101835857999959, -36.751852872999962 ], [ -73.101846794999972, -36.751551097999936 ], [ -73.099550884999985, -36.746205552999982 ], [ -73.09727572099996, -36.746834538999963 ], [ -73.093158597999945, -36.754034417999947 ] ] ] } },
{ "type": "Feature", "properties": { "CUT": 8110, "COMUNA": "TALCAHUANO", "AREA_C": "URBANO", "DISTRITO": "CARRIEL", "LOCALIDAD": "GRAN CONCEPCIÓN", "n_per": 3312.0, "n_hombres": 1556.0, "n_mujeres": 1756.0, "n_edad_60_mas": 599.0, "n_asistencia_basica": 287.0, "n_asistencia_media": 173.0, "n_asistencia_superior": 273.0, "n_transporte_auto": 538.0, "n_transporte_publico": 586.0, "n_transporte_camina": 67.0, "n_transporte_bicicleta": 27.0 }, "geometry": { "type": "Polygon", "coordinates": [ [ [ -73.076740171999973, -36.758842812999944 ], [ -73.078134220999971, -36.760316847999945 ], [ -73.081921745999978, -36.759595872999967 ], [ -73.08440479799998, -36.759523221999984 ], [ -73.085077481999974, -36.754545160999953 ], [ -73.085151221999979, -36.753099703999965 ], [ -73.08480777799997, -36.750733642999933 ], [ -73.077844800999969, -36.746792445999972 ], [ -73.076342261999969, -36.74799614799997 ], [ -73.079168378999952, -36.749587172999952 ], [ -73.078068411999936, -36.749968642999931 ], [ -73.078122514999961, -36.750093242999981 ], [ -73.07606956099994, -36.750512845999936 ], [ -73.077189091999969, -36.75572673399995 ], [ -73.076749437999979, -36.758475598999951 ], [ -73.076740171999973, -36.758842812999944 ] ] ] } },
{ "type": "Feature", "properties": { "CUT": 8110, "COMUNA": "TALCAHUANO", "AREA_C": "URBANO", "DISTRITO": "ESTADIO HIGUERAS", "LOCALIDAD": "GRAN CONCEPCIÓN", "n_per": 2890.0, "n_hombres": 1336.0, "n_mujeres": 1554.0, "n_edad_60_mas": 949.0, "n_asistencia_basica": 230.0, "n_asistencia_media": 103.0, "n_asistencia_superior": 144.0, "n_transporte_auto": 338.0, "n_transporte_publico": 418.0, "n_transporte_camina": 35.0, "n_transporte_bicicleta": 4.0 }, "geometry": { "type": "Polygon", "coordinates": [ [ [ -73.101587337999945, -36.752051707999954 ], [ -73.093769484999939, -36.75427015899993 ], [ -73.093158597999945, -36.754034417999947 ], [ -73.09006928499997, -36.759471063999968 ], [ -73.092695196999955, -36.760444372999984 ], [ -73.093386227999986, -36.759203343999957 ], [ -73.09448998299996, -36.759613112999943 ], [ -73.095041933999937, -36.75861245599998 ], [ -73.095591168999988, -36.758400423999944 ], [ -73.096725425999978, -36.758408506999956 ], [ -73.097123450999959, -36.75790137599995 ], [ -73.103747238999972, -36.756136065999954 ], [ -73.104387016999965, -36.756967223999936 ], [ -73.104732583999976, -36.757101739999939 ], [ -73.106641001999947, -36.757629590999954 ], [ -73.108580409999945, -36.757941169999981 ], [ -73.109724467999968, -36.756429594999929 ], [ -73.103789562999964, -36.748553473999948 ], [ -73.101653302999978, -36.749619963999976 ], [ -73.101953597999966, -36.750313460999962 ], [ -73.101400903999945, -36.750498428999947 ], [ -73.101885673999959, -36.751677905999941 ], [ -73.101587337999945, -36.752051707999954 ] ] ] } },
{ "type": "Feature", "properties": { "CUT": 8110, "COMUNA": "TALCAHUANO", "AREA_C": "URBANO", "DISTRITO": "HUACHIPATO", "LOCALIDAD": "GRAN CONCEPCIÓN", "n_per": 1964.0, "n_hombres": 898.0, "n_mujeres": 1066.0, "n_edad_60_mas": 723.0, "n_asistencia_basica": 130.0, "n_asistencia_media": 71.0, "n_asistencia_superior": 101.0, "n_transporte_auto": 205.0, "n_transporte_publico": 249.0, "n_transporte_camina": 28.0, "n_transporte_bicicleta": 15.0 }, "geometry": { "type": "Polygon", "coordinates": [ [ [ -73.105167126999959, -36.750411197999938 ], [ -73.114704133999965, -36.762889150999968 ], [ -73.117780548999974, -36.761838839999939 ], [ -73.118244976999961, -36.761809090999975 ], [ -73.119056, -36.760401083999966 ], [ -73.121936244999972, -36.757808551999972 ], [ -73.123425285999986, -36.754097225999942 ], [ -73.122854582999935, -36.754115289999959 ], [ -73.122605129999954, -36.754670184999952 ], [ -73.122424439999975, -36.75473042699997 ], [ -73.121794177999959, -36.754824130999964 ], [ -73.120729532999974, -36.754500859999951 ], [ -73.118880974999968, -36.755345940999973 ], [ -73.118033837999974, -36.755490275999932 ], [ -73.117758067999944, -36.755859967999982 ], [ -73.11709680499996, -36.75581795599993 ], [ -73.116535235999947, -36.755592743999955 ], [ -73.11623577499995, -36.754898475999937 ], [ -73.116506795999953, -36.753005444999928 ], [ -73.116863424999963, -36.752420712999935 ], [ -73.116968678999967, -36.751678886999969 ], [ -73.111733744999981, -36.750603501999933 ], [ -73.110926176999953, -36.750246998999955 ], [ -73.109512459999962, -36.74913193499998 ], [ -73.105952356999978, -36.750052715999971 ], [ -73.105167126999959, -36.750411197999938 ] ] ] } },
{ "type": "Feature", "properties": { "CUT": 8110, "COMUNA": "TALCAHUANO", "AREA_C": "URBANO", "DISTRITO": "CARRIEL", "LOCALIDAD": "GRAN CONCEPCIÓN", "n_per": 4568.0, "n_hombres": 2110.0, "n_mujeres": 2458.0, "n_edad_60_mas": 1333.0, "n_asistencia_basica": 353.0, "n_asistencia_media": 180.0, "n_asistencia_superior": 289.0, "n_transporte_auto": 801.0, "n_transporte_publico": 688.0, "n_transporte_camina": 88.0, "n_transporte_bicicleta": 24.0 }, "geometry": { "type": "Polygon", "coordinates": [ [ [ -73.089555131999987, -36.760353528999929 ], [ -73.092537718999949, -36.755117169999949 ], [ -73.09182025399997, -36.754943294999975 ], [ -73.091862958999968, -36.754597854999929 ], [ -73.089726850999966, -36.754013129999976 ], [ -73.09039467499997, -36.752835436999931 ], [ -73.086889955999936, -36.751848593999966 ], [ -73.08480777799997, -36.750733642999933 ], [ -73.085132855999973, -36.753613169999937 ], [ -73.08440479799998, -36.759523221999984 ], [ -73.087756420999938, -36.759856567999975 ], [ -73.089555131999987, -36.760353528999929 ] ] ] } },
{ "type": "Feature", "properties": { "CUT": 8110, "COMUNA": "TALCAHUANO", "AREA_C": "URBANO", "DISTRITO": "ESTADIO HIGUERAS", "LOCALIDAD": "GRAN CONCEPCIÓN", "n_per": 3931.0, "n_hombres": 1837.0, "n_mujeres": 2094.0, "n_edad_60_mas": 1272.0, "n_asistencia_basica": 254.0, "n_asistencia_media": 161.0, "n_asistencia_superior": 254.0, "n_transporte_auto": 505.0, "n_transporte_publico": 584.0, "n_transporte_camina": 48.0, "n_transporte_bicicleta": 20.0 }, "geometry": { "type": "Polygon", "coordinates": [ [ [ -73.097123450999959, -36.75790137599995 ], [ -73.096725425999978, -36.758408506999956 ], [ -73.095591168999988, -36.758400423999944 ], [ -73.095041933999937, -36.75861245599998 ], [ -73.094297561999952, -36.759948030999965 ], [ -73.094308677999948, -36.760247440999933 ], [ -73.093752537999933, -36.760696420999977 ], [ -73.093271727999934, -36.761508928999945 ], [ -73.093881439999961, -36.761720769999954 ], [ -73.093855676999965, -36.762158238999973 ], [ -73.093024136999986, -36.764862437999966 ], [ -73.092996017999951, -36.76537574799994 ], [ -73.095604908999974, -36.765120109999941 ], [ -73.100774471999955, -36.763467697999943 ], [ -73.112723568999968, -36.760320139999976 ], [ -73.109724467999968, -36.756429594999929 ], [ -73.108580409999945, -36.757941169999981 ], [ -73.106641001999947, -36.757629590999954 ], [ -73.104732583999976, -36.757101739999939 ], [ -73.104387016999965, -36.756967223999936 ], [ -73.103747238999972, -36.756136065999954 ], [ -73.097123450999959, -36.75790137599995 ] ] ] } },
{ "type": "Feature", "properties": { "CUT": 8110, "COMUNA": "TALCAHUANO", "AREA_C": "URBANO", "DISTRITO": "CARRIEL", "LOCALIDAD": "GRAN CONCEPCIÓN", "n_per": 8947.0, "n_hombres": 4337.0, "n_mujeres": 4610.0, "n_edad_60_mas": 739.0, "n_asistencia_basica": 1024.0, "n_asistencia_media": 327.0, "n_asistencia_superior": 763.0, "n_transporte_auto": 2796.0, "n_transporte_publico": 731.0, "n_transporte_camina": 119.0, "n_transporte_bicicleta": 33.0 }, "geometry": { "type": "Polygon", "coordinates": [ [ [ -73.077145861999952, -36.75965636799998 ], [ -73.077559686999962, -36.760460531999968 ], [ -73.077927206999959, -36.760558346999971 ], [ -73.078230057999974, -36.760868264999942 ], [ -73.078158987999984, -36.761153766999939 ], [ -73.078548194999939, -36.761755404999974 ], [ -73.078549241999951, -36.762262570999951 ], [ -73.079644163999944, -36.76344486499994 ], [ -73.07839755699996, -36.767007108999962 ], [ -73.076551395999957, -36.766954836999957 ], [ -73.065137437999965, -36.768472968999959 ], [ -73.064770958999986, -36.768311995999966 ], [ -73.064601829999958, -36.767817135999962 ], [ -73.064395288999947, -36.765569350999954 ], [ -73.064637631999972, -36.765347137999981 ], [ -73.064729980999971, -36.76462128299994 ], [ -73.064586231999954, -36.764443412999981 ], [ -73.060848916999987, -36.765423719999944 ], [ -73.057530211999961, -36.75971561199998 ], [ -73.057177162999949, -36.759690082999953 ], [ -73.052010360999986, -36.761745254999937 ], [ -73.053551682999966, -36.764499247999936 ], [ -73.056723915999953, -36.763330447999977 ], [ -73.05789952899994, -36.763643110999965 ], [ -73.070886629999961, -36.786058450999974 ], [ -73.074566623999942, -36.778870406999943 ], [ -73.074768267999957, -36.778139130999932 ], [ -73.075613732999955, -36.778441350999969 ], [ -73.075640607999958, -36.775042409999969 ], [ -73.076310216999957, -36.775008176999961 ], [ -73.077573062999988, -36.775774633999958 ], [ -73.079743118999943, -36.773667889999956 ], [ -73.080759911999962, -36.774181988999942 ], [ -73.081549404999976, -36.772852997999962 ], [ -73.081646952999961, -36.772394891999966 ], [ -73.083817461999956, -36.768747934999965 ], [ -73.083840627999962, -36.768351720999931 ], [ -73.082738619999986, -36.767531773999963 ], [ -73.081957741999986, -36.766442088999952 ], [ -73.081520878999982, -36.764754054999969 ], [ -73.081217008999943, -36.761747709999952 ], [ -73.080711744999974, -36.759804319999944 ], [ -73.078134220999971, -36.760316847999945 ], [ -73.076740171999973, -36.758842812999944 ], [ -73.076706004999949, -36.759360520999962 ], [ -73.077145861999952, -36.75965636799998 ] ] ] } },
{ "type": "Feature", "properties": { "CUT": 8110, "COMUNA": "TALCAHUANO", "AREA_C": "URBANO", "DISTRITO": "ESTADIO HIGUERAS", "LOCALIDAD": "GRAN CONCEPCIÓN", "n_per": 2642.0, "n_hombres": 1193.0, "n_mujeres": 1449.0, "n_edad_60_mas": 800.0, "n_asistencia_basica": 206.0, "n_asistencia_media": 104.0, "n_asistencia_superior": 157.0, "n_transporte_auto": 279.0, "n_transporte_publico": 384.0, "n_transporte_camina": 30.0, "n_transporte_bicicleta": 12.0 }, "geometry": { "type": "Polygon", "coordinates": [ [ [ -73.093386227999986, -36.759203343999957 ], [ -73.092695196999955, -36.760444372999984 ], [ -73.09006928499997, -36.759471063999968 ], [ -73.087131169999964, -36.76464664699995 ], [ -73.08995555599995, -36.765669465999963 ], [ -73.092996017999951, -36.76537574799994 ], [ -73.093024136999986, -36.764862437999966 ], [ -73.093855676999965, -36.762158238999973 ], [ -73.093881439999961, -36.761720769999954 ], [ -73.093271727999934, -36.761508928999945 ], [ -73.093752537999933, -36.760696420999977 ], [ -73.094308677999948, -36.760247440999933 ], [ -73.09448998299996, -36.759613112999943 ], [ -73.093386227999986, -36.759203343999957 ] ] ] } },
{ "type": "Feature", "properties": { "CUT": 8110, "COMUNA": "TALCAHUANO", "AREA_C": "URBANO", "DISTRITO": "CARRIEL", "LOCALIDAD": "GRAN CONCEPCIÓN", "n_per": 3764.0, "n_hombres": 1757.0, "n_mujeres": 2007.0, "n_edad_60_mas": 879.0, "n_asistencia_basica": 335.0, "n_asistencia_media": 160.0, "n_asistencia_superior": 212.0, "n_transporte_auto": 583.0, "n_transporte_publico": 632.0, "n_transporte_camina": 79.0, "n_transporte_bicicleta": 30.0 }, "geometry": { "type": "Polygon", "coordinates": [ [ [ -73.080777242999943, -36.775652696999941 ], [ -73.08520303499995, -36.775706013999979 ], [ -73.085212457999944, -36.77636864599998 ], [ -73.085564794999982, -36.776355787999933 ], [ -73.085547985999938, -36.769848211999943 ], [ -73.085920482999938, -36.767506050999941 ], [ -73.086691066999947, -36.765440332999958 ], [ -73.089565248999975, -36.760357398999929 ], [ -73.087756420999938, -36.759856567999975 ], [ -73.085489249999966, -36.759581242999957 ], [ -73.083204938999984, -36.759483251999939 ], [ -73.080711744999974, -36.759804319999944 ], [ -73.081217008999943, -36.761747709999952 ], [ -73.081520878999982, -36.764754054999969 ], [ -73.081957741999986, -36.766442088999952 ], [ -73.082738619999986, -36.767531773999963 ], [ -73.083840627999962, -36.768351720999931 ], [ -73.083817461999956, -36.768747934999965 ], [ -73.080467609999971, -36.774662557999932 ], [ -73.080509633999952, -36.774814645999982 ], [ -73.080785426999967, -36.774819096999977 ], [ -73.080777242999943, -36.775652696999941 ] ] ] } },
{ "type": "Feature", "properties": { "CUT": 8110, "COMUNA": "TALCAHUANO", "AREA_C": "URBANO", "DISTRITO": "ESTADIO HIGUERAS", "LOCALIDAD": "GRAN CONCEPCIÓN", "n_per": 3380.0, "n_hombres": 1637.0, "n_mujeres": 1743.0, "n_edad_60_mas": 868.0, "n_asistencia_basica": 272.0, "n_asistencia_media": 158.0, "n_asistencia_superior": 242.0, "n_transporte_auto": 401.0, "n_transporte_publico": 431.0, "n_transporte_camina": 23.0, "n_transporte_bicicleta": 10.0 }, "geometry": { "type": "Polygon", "coordinates": [ [ [ -73.103311821999966, -36.762799107999967 ], [ -73.095091418999971, -36.765215539999929 ], [ -73.08995555599995, -36.765669465999963 ], [ -73.087131169999964, -36.76464664699995 ], [ -73.086466924999968, -36.765936121999971 ], [ -73.086669747999963, -36.766361192999966 ], [ -73.087175894999973, -36.766352865999977 ], [ -73.087090065999973, -36.767626364999956 ], [ -73.087246666999988, -36.768183346999933 ], [ -73.088541300999964, -36.769349532999968 ], [ -73.103208244999962, -36.768870298999957 ], [ -73.105619248999972, -36.767924294999943 ], [ -73.105251661999944, -36.768510223999954 ], [ -73.105238055999962, -36.768802261999951 ], [ -73.106633220999981, -36.770187834999945 ], [ -73.107173717999956, -36.771280653999952 ], [ -73.107851753999967, -36.771386083999971 ], [ -73.113941714999953, -36.76967112899996 ], [ -73.114827605999949, -36.769707793999942 ], [ -73.117297899999983, -36.764001868999969 ], [ -73.117517756999973, -36.763038675999951 ], [ -73.118244976999961, -36.761809090999975 ], [ -73.117780548999974, -36.761838839999939 ], [ -73.114704133999965, -36.762889150999968 ], [ -73.112723568999968, -36.760320139999976 ], [ -73.103311821999966, -36.762799107999967 ] ] ] } },
{ "type": "Feature", "properties": { "CUT": 8110, "COMUNA": "TALCAHUANO", "AREA_C": "URBANO", "DISTRITO": "CARRIEL", "LOCALIDAD": "GRAN CONCEPCIÓN", "n_per": 4077.0, "n_hombres": 1950.0, "n_mujeres": 2127.0, "n_edad_60_mas": 855.0, "n_asistencia_basica": 344.0, "n_asistencia_media": 175.0, "n_asistencia_superior": 266.0, "n_transporte_auto": 608.0, "n_transporte_publico": 651.0, "n_transporte_camina": 108.0, "n_transporte_bicicleta": 42.0 }, "geometry": { "type": "Polygon", "coordinates": [ [ [ -73.058230243999958, -36.780388936999941 ], [ -73.060349673999951, -36.787009195999929 ], [ -73.061458224999967, -36.789288957999929 ], [ -73.066197272999943, -36.795584589999976 ], [ -73.068415492999975, -36.794316402999982 ], [ -73.069280846999959, -36.79342145499993 ], [ -73.074320094999962, -36.785133212999938 ], [ -73.077258576999952, -36.785025588999929 ], [ -73.084446255999978, -36.783499907999953 ], [ -73.085583135999968, -36.783119744999965 ], [ -73.085564794999982, -36.776355787999933 ], [ -73.085212457999944, -36.77636864599998 ], [ -73.08520303499995, -36.775706013999979 ], [ -73.080777242999943, -36.775652696999941 ], [ -73.080785426999967, -36.774819096999977 ], [ -73.080509633999952, -36.774814645999982 ], [ -73.080467609999971, -36.774662557999932 ], [ -73.080759911999962, -36.774181988999942 ], [ -73.079743118999943, -36.773667889999956 ], [ -73.077573062999988, -36.775774633999958 ], [ -73.076310216999957, -36.775008176999961 ], [ -73.075640607999958, -36.775042409999969 ], [ -73.075613732999955, -36.778441350999969 ], [ -73.074768267999957, -36.778139130999932 ], [ -73.074566623999942, -36.778870406999943 ], [ -73.070886629999961, -36.786058450999974 ], [ -73.05789952899994, -36.763643110999965 ], [ -73.056723915999953, -36.763330447999977 ], [ -73.053551682999966, -36.764499247999936 ], [ -73.057395761999942, -36.77086380399993 ], [ -73.053945784999939, -36.772064858999954 ], [ -73.053408520999938, -36.77236493099997 ], [ -73.053291397999942, -36.772653789999936 ], [ -73.053838508999945, -36.773622393999972 ], [ -73.055460349999976, -36.775189982999962 ], [ -73.057579386999976, -36.778512076999959 ], [ -73.058296791999965, -36.778757267999936 ], [ -73.058171218999973, -36.779588633999936 ], [ -73.057908844999986, -36.779857126999957 ], [ -73.058230243999958, -36.780388936999941 ] ] ] } },
{ "type": "Feature", "properties": { "CUT": 8110, "COMUNA": "TALCAHUANO", "AREA_C": "URBANO", "DISTRITO": "SAN MIGUEL", "LOCALIDAD": "GRAN CONCEPCIÓN", "n_per": 2427.0, "n_hombres": 1196.0, "n_mujeres": 1231.0, "n_edad_60_mas": 648.0, "n_asistencia_basica": 176.0, "n_asistencia_media": 106.0, "n_asistencia_superior": 120.0, "n_transporte_auto": 173.0, "n_transporte_publico": 374.0, "n_transporte_camina": 52.0, "n_transporte_bicicleta": 15.0 }, "geometry": { "type": "Polygon", "coordinates": [ [ [ -73.086466924999968, -36.765936121999971 ], [ -73.085632868999937, -36.768849727999964 ], [ -73.08554557399998, -36.772096570999963 ], [ -73.088802285999975, -36.771955932999958 ], [ -73.088908379999964, -36.776271357999974 ], [ -73.091706149999936, -36.77614504099995 ], [ -73.091708092999966, -36.775188654999965 ], [ -73.093979527999977, -36.775203260999945 ], [ -73.093963627999983, -36.774908770999957 ], [ -73.093501939999953, -36.774176204999947 ], [ -73.093501550999974, -36.773531563999938 ], [ -73.09407067099994, -36.773094524999976 ], [ -73.094030958999952, -36.772563085999934 ], [ -73.09497298499997, -36.771868537999978 ], [ -73.095874973999969, -36.771782870999971 ], [ -73.096053618999974, -36.771918858999982 ], [ -73.096848277999982, -36.769076015999929 ], [ -73.088541300999964, -36.769349532999968 ], [ -73.087528845999941, -36.768519246999972 ], [ -73.087137699999971, -36.767946096999935 ], [ -73.087175894999973, -36.766352865999977 ], [ -73.086669747999963, -36.766361192999966 ], [ -73.086466924999968, -36.765936121999971 ] ] ] } },
{ "type": "Feature", "properties": { "CUT": 8110, "COMUNA": "TALCAHUANO", "AREA_C": "URBANO", "DISTRITO": "SAN MIGUEL", "LOCALIDAD": "GRAN CONCEPCIÓN", "n_per": 2660.0, "n_hombres": 1338.0, "n_mujeres": 1322.0, "n_edad_60_mas": 412.0, "n_asistencia_basica": 283.0, "n_asistencia_media": 142.0, "n_asistencia_superior": 85.0, "n_transporte_auto": 201.0, "n_transporte_publico": 421.0, "n_transporte_camina": 61.0, "n_transporte_bicicleta": 33.0 }, "geometry": { "type": "Polygon", "coordinates": [ [ [ -73.096468325999979, -36.770794301999956 ], [ -73.096053618999974, -36.771918858999982 ], [ -73.095874973999969, -36.771782870999971 ], [ -73.09497298499997, -36.771868537999978 ], [ -73.094030958999952, -36.772563085999934 ], [ -73.09407067099994, -36.773094524999976 ], [ -73.093648898999959, -36.77330931299997 ], [ -73.093488524999941, -36.773677460999977 ], [ -73.093501939999953, -36.774176204999947 ], [ -73.093963627999983, -36.774908770999957 ], [ -73.093979527999977, -36.775203260999945 ], [ -73.091708092999966, -36.775188654999965 ], [ -73.091706149999936, -36.77614504099995 ], [ -73.092211753999948, -36.776179640999942 ], [ -73.092282796999939, -36.776825684999949 ], [ -73.092684671999962, -36.777487987999962 ], [ -73.096994974999973, -36.776358563999963 ], [ -73.098240412999985, -36.778620203999935 ], [ -73.099968693999983, -36.77809973799998 ], [ -73.100584223999988, -36.777575529999979 ], [ -73.103146100999936, -36.776962307999952 ], [ -73.103766982999957, -36.778593179999973 ], [ -73.112966279999966, -36.776373338999974 ], [ -73.114827605999949, -36.769707793999942 ], [ -73.113941714999953, -36.76967112899996 ], [ -73.108540233999975, -36.771095087999981 ], [ -73.108028808999961, -36.771361860999946 ], [ -73.107347745999959, -36.771351022999966 ], [ -73.107173717999956, -36.771280653999952 ], [ -73.106518460999951, -36.770048113999962 ], [ -73.105238055999962, -36.768802261999951 ], [ -73.105251661999944, -36.768510223999954 ], [ -73.105619248999972, -36.767924294999943 ], [ -73.103208244999962, -36.768870298999957 ], [ -73.096848277999982, -36.769076015999929 ], [ -73.096498650999933, -36.770086788999947 ], [ -73.096468325999979, -36.770794301999956 ] ] ] } },
{ "type": "Feature", "properties": { "CUT": 8110, "COMUNA": "TALCAHUANO", "AREA_C": "URBANO", "DISTRITO": "SAN MIGUEL", "LOCALIDAD": "GRAN CONCEPCIÓN", "n_per": 2346.0, "n_hombres": 1109.0, "n_mujeres": 1237.0, "n_edad_60_mas": 638.0, "n_asistencia_basica": 163.0, "n_asistencia_media": 89.0, "n_asistencia_superior": 144.0, "n_transporte_auto": 263.0, "n_transporte_publico": 432.0, "n_transporte_camina": 69.0, "n_transporte_bicicleta": 21.0 }, "geometry": { "type": "Polygon", "coordinates": [ [ [ -73.08558316999995, -36.783113807999939 ], [ -73.088622639999983, -36.782269373999952 ], [ -73.088308294999933, -36.782035294999957 ], [ -73.087683818999949, -36.780309656999975 ], [ -73.089016493999964, -36.77975594399993 ], [ -73.088802285999975, -36.771955932999958 ], [ -73.08554557399998, -36.772096570999963 ], [ -73.08558316999995, -36.783113807999939 ] ] ] } },
{ "type": "Feature", "properties": { "CUT": 8110, "COMUNA": "TALCAHUANO", "AREA_C": "URBANO", "DISTRITO": "SAN MIGUEL", "LOCALIDAD": "GRAN CONCEPCIÓN", "n_per": 3330.0, "n_hombres": 1546.0, "n_mujeres": 1784.0, "n_edad_60_mas": 866.0, "n_asistencia_basica": 282.0, "n_asistencia_media": 139.0, "n_asistencia_superior": 169.0, "n_transporte_auto": 328.0, "n_transporte_publico": 532.0, "n_transporte_camina": 77.0, "n_transporte_bicicleta": 38.0 }, "geometry": { "type": "Polygon", "coordinates": [ [ [ -73.088621478999983, -36.782266247999985 ], [ -73.094688789999964, -36.78076542499997 ], [ -73.094149204999951, -36.77922981599994 ], [ -73.093514693999964, -36.778799262999939 ], [ -73.092282796999939, -36.776825684999949 ], [ -73.092169159999969, -36.776144165999938 ], [ -73.088908379999964, -36.776271357999974 ], [ -73.089016493999964, -36.77975594399993 ], [ -73.087683818999949, -36.780309656999975 ], [ -73.088308294999933, -36.782035294999957 ], [ -73.088621478999983, -36.782266247999985 ] ] ] } },
{ "type": "Feature", "properties": { "CUT": 8110, "COMUNA": "TALCAHUANO", "AREA_C": "URBANO", "DISTRITO": "SAN MIGUEL", "LOCALIDAD": "GRAN CONCEPCIÓN", "n_per": 2083.0, "n_hombres": 987.0, "n_mujeres": 1096.0, "n_edad_60_mas": 538.0, "n_asistencia_basica": 167.0, "n_asistencia_media": 92.0, "n_asistencia_superior": 106.0, "n_transporte_auto": 212.0, "n_transporte_publico": 362.0, "n_transporte_camina": 64.0, "n_transporte_bicicleta": 30.0 }, "geometry": { "type": "Polygon", "coordinates": [ [ [ -73.092684671999962, -36.777487987999962 ], [ -73.093514693999964, -36.778799262999939 ], [ -73.094149204999951, -36.77922981599994 ], [ -73.094688789999964, -36.78076542499997 ], [ -73.103766982999957, -36.778593179999973 ], [ -73.103146100999936, -36.776962307999952 ], [ -73.100584223999988, -36.777575529999979 ], [ -73.099968693999983, -36.77809973799998 ], [ -73.098240412999985, -36.778620203999935 ], [ -73.096994974999973, -36.776358563999963 ], [ -73.092684671999962, -36.777487987999962 ] ] ] } },
{ "type": "Feature", "properties": { "CUT": 8110, "COMUNA": "TALCAHUANO", "AREA_C": "URBANO", "DISTRITO": "CARRIEL", "LOCALIDAD": "GRAN CONCEPCIÓN", "n_per": 2380.0, "n_hombres": 1166.0, "n_mujeres": 1214.0, "n_edad_60_mas": 93.0, "n_asistencia_basica": 337.0, "n_asistencia_media": 101.0, "n_asistencia_superior": 105.0, "n_transporte_auto": 941.0, "n_transporte_publico": 97.0, "n_transporte_camina": 16.0, "n_transporte_bicicleta": 8.0 }, "geometry": { "type": "Polygon", "coordinates": [ [ [ -73.055764455999963, -36.777688927999975 ], [ -73.056526922999979, -36.778009692999944 ], [ -73.057754346999957, -36.779891998999972 ], [ -73.058171218999973, -36.779588633999936 ], [ -73.058296791999965, -36.778757267999936 ], [ -73.057579386999976, -36.778512076999959 ], [ -73.055460349999976, -36.775189982999962 ], [ -73.053838508999945, -36.773622393999972 ], [ -73.053294191999953, -36.772676731999979 ], [ -73.053391558999976, -36.77238062899994 ], [ -73.053945784999939, -36.772064858999954 ], [ -73.057395761999942, -36.77086380399993 ], [ -73.05666318699997, -36.769638346999955 ], [ -73.044363457999964, -36.771271614999932 ], [ -73.043904571999974, -36.772451647999958 ], [ -73.04388567999996, -36.772968936999973 ], [ -73.043413072999954, -36.773643498999945 ], [ -73.043958189999955, -36.774065832999952 ], [ -73.045478203999949, -36.77444864399996 ], [ -73.045268671999963, -36.774893922999979 ], [ -73.055764455999963, -36.777688927999975 ] ] ] } },
{ "type": "Feature", "properties": { "CUT": 8110, "COMUNA": "TALCAHUANO", "AREA_C": "URBANO", "DISTRITO": "CERRO FUENTES", "LOCALIDAD": "GRAN CONCEPCIÓN", "n_per": 1823.0, "n_hombres": 866.0, "n_mujeres": 957.0, "n_edad_60_mas": 536.0, "n_asistencia_basica": 146.0, "n_asistencia_media": 63.0, "n_asistencia_superior": 91.0, "n_transporte_auto": 176.0, "n_transporte_publico": 292.0, "n_transporte_camina": 116.0, "n_transporte_bicicleta": 3.0 }, "geometry": { "type": "Polygon", "coordinates": [ [ [ -73.116931751999971, -36.713781709999978 ], [ -73.113852044999987, -36.715026302999945 ], [ -73.113383342999953, -36.714411094999946 ], [ -73.111416985999938, -36.71543176199998 ], [ -73.110933154999941, -36.714899977999949 ], [ -73.110125982999989, -36.715488617999938 ], [ -73.109922774999973, -36.715982019999956 ], [ -73.109309230999941, -36.715827762999936 ], [ -73.10886796799997, -36.716831800999955 ], [ -73.108681801999978, -36.717736824999974 ], [ -73.109755032999942, -36.717554502999974 ], [ -73.110083762999977, -36.718752914999982 ], [ -73.110105079999983, -36.719621841999981 ], [ -73.108311926999988, -36.71961132499996 ], [ -73.108190010999976, -36.720648814999947 ], [ -73.108734530999982, -36.721724545999962 ], [ -73.109944027999973, -36.72186949099995 ], [ -73.110103724999988, -36.720085382999969 ], [ -73.113680620999958, -36.720067270999948 ], [ -73.113021232999984, -36.718900777999977 ], [ -73.114009929999952, -36.718477346999975 ], [ -73.114110049999965, -36.718623841999943 ], [ -73.115093933999958, -36.718241889999945 ], [ -73.115132313999936, -36.718007895999961 ], [ -73.117447742999957, -36.71706207699998 ], [ -73.118491952999989, -36.717176631999962 ], [ -73.11845995699997, -36.717856911999945 ], [ -73.118653885999947, -36.717790481999941 ], [ -73.118679363999945, -36.716903692999949 ], [ -73.118504236999968, -36.71608772899998 ], [ -73.116931751999971, -36.713781709999978 ] ] ] } },
{ "type": "Feature", "properties": { "CUT": 8110, "COMUNA": "TALCAHUANO", "AREA_C": "URBANO", "DISTRITO": "LA ADUANA", "LOCALIDAD": "GRAN CONCEPCIÓN", "n_per": 292.0, "n_hombres": 151.0, "n_mujeres": 141.0, "n_edad_60_mas": 90.0, "n_asistencia_basica": 34.0, "n_asistencia_media": 12.0, "n_asistencia_superior": 14.0, "n_transporte_auto": 22.0, "n_transporte_publico": 50.0, "n_transporte_camina": 33.0, "n_transporte_bicicleta": 0.0 }, "geometry": { "type": "Polygon", "coordinates": [ [ [ -73.111981788999969, -36.70845511899995 ], [ -73.110486801999969, -36.708992208999973 ], [ -73.111997493999979, -36.708609317999958 ], [ -73.11193379499997, -36.708774064999943 ], [ -73.11223907599998, -36.708682463999935 ], [ -73.112263534999954, -36.708886105999966 ], [ -73.11260499499997, -36.708784531999981 ], [ -73.113555890999976, -36.709218644999964 ], [ -73.113721578999957, -36.711100127999941 ], [ -73.113379932999976, -36.711579725999968 ], [ -73.110309605999987, -36.713694149999981 ], [ -73.109756881999942, -36.713169080999933 ], [ -73.109207128999969, -36.71222628299995 ], [ -73.109121288999972, -36.711599474999957 ], [ -73.109273578999989, -36.710574811999948 ], [ -73.108103692999975, -36.710443099999964 ], [ -73.107827924999981, -36.711882309999964 ], [ -73.10819294199996, -36.713715049999962 ], [ -73.107896061999952, -36.714795819999949 ], [ -73.107234216999984, -36.715839145999951 ], [ -73.107181835999938, -36.716267352999978 ], [ -73.107749524999974, -36.716296661999934 ], [ -73.108093665999945, -36.716562081999939 ], [ -73.108399814999984, -36.716993464999973 ], [ -73.108395050999945, -36.717438743999935 ], [ -73.108137023999973, -36.718190238999966 ], [ -73.107674523999947, -36.71837243799996 ], [ -73.108008834999964, -36.718650950999972 ], [ -73.107965629999967, -36.719106794999959 ], [ -73.107688694999979, -36.719428407999942 ], [ -73.107316484999956, -36.720912949999956 ], [ -73.106796870999972, -36.721492314999978 ], [ -73.108734530999982, -36.721724545999962 ], [ -73.108190010999976, -36.720648814999947 ], [ -73.108311926999988, -36.71961132499996 ], [ -73.110105079999983, -36.719621841999981 ], [ -73.110083762999977, -36.718752914999982 ], [ -73.109755032999942, -36.717554502999974 ], [ -73.108681801999978, -36.717736824999974 ], [ -73.10886796799997, -36.716831800999955 ], [ -73.109309230999941, -36.715827762999936 ], [ -73.109922774999973, -36.715982019999956 ], [ -73.110125982999989, -36.715488617999938 ], [ -73.110933154999941, -36.714899977999949 ], [ -73.111416985999938, -36.71543176199998 ], [ -73.113383342999953, -36.714411094999946 ], [ -73.113852044999987, -36.715026302999945 ], [ -73.116931751999971, -36.713781709999978 ], [ -73.114904790999958, -36.711025656999936 ], [ -73.115001442999983, -36.710332598999969 ], [ -73.114778193999939, -36.710379484999976 ], [ -73.114822462999939, -36.710022462999973 ], [ -73.114174179999964, -36.707095104999951 ], [ -73.112655930999949, -36.707342080999979 ], [ -73.112594377999983, -36.70764399799998 ], [ -73.111981788999969, -36.70845511899995 ] ] ] } },
{ "type": "Feature", "properties": { "CUT": 8112, "COMUNA": "HUALPÉN", "AREA_C": "URBANO", "DISTRITO": "RAMUNTCHO", "LOCALIDAD": "GRAN CONCEPCIÓN", "n_per": 1763.0, "n_hombres": 851.0, "n_mujeres": 912.0, "n_edad_60_mas": 461.0, "n_asistencia_basica": 161.0, "n_asistencia_media": 96.0, "n_asistencia_superior": 72.0, "n_transporte_auto": 142.0, "n_transporte_publico": 328.0, "n_transporte_camina": 65.0, "n_transporte_bicicleta": 23.0 }, "geometry": { "type": "Polygon", "coordinates": [ [ [ -73.111643133999962, -36.781248384999969 ], [ -73.116525099999933, -36.782078424999952 ], [ -73.117331449999938, -36.781924445999948 ], [ -73.118769460999943, -36.786784685999976 ], [ -73.118710009999972, -36.787784979999969 ], [ -73.119356978999974, -36.788220788999979 ], [ -73.119206617999964, -36.788412198999936 ], [ -73.119064162999962, -36.791399294999962 ], [ -73.122657359999948, -36.791256819999944 ], [ -73.12630754099996, -36.790330069999982 ], [ -73.125647062999974, -36.788168748999965 ], [ -73.135902471999941, -36.78606255699998 ], [ -73.135137000999975, -36.783678615999975 ], [ -73.131953991999978, -36.784235639999963 ], [ -73.130400205999933, -36.779346664999935 ], [ -73.132070881999937, -36.77900849699995 ], [ -73.131223914999964, -36.776310549999948 ], [ -73.137216356999943, -36.774739893999936 ], [ -73.135497976999943, -36.768746758999953 ], [ -73.116210466999974, -36.775545643999976 ], [ -73.112966279999966, -36.776373338999974 ], [ -73.112602770999956, -36.778099927999961 ], [ -73.111643133999962, -36.781248384999969 ] ] ] } },
{ "type": "Feature", "properties": { "CUT": 8112, "COMUNA": "HUALPÉN", "AREA_C": "URBANO", "DISTRITO": "HUALPENCILLO", "LOCALIDAD": "GRAN CONCEPCIÓN", "n_per": 2526.0, "n_hombres": 1203.0, "n_mujeres": 1323.0, "n_edad_60_mas": 687.0, "n_asistencia_basica": 214.0, "n_asistencia_media": 99.0, "n_asistencia_superior": 137.0, "n_transporte_auto": 232.0, "n_transporte_publico": 453.0, "n_transporte_camina": 77.0, "n_transporte_bicicleta": 28.0 }, "geometry": { "type": "Polygon", "coordinates": [ [ [ -73.10575692599997, -36.780109218999939 ], [ -73.111643133999962, -36.781248384999969 ], [ -73.112602770999956, -36.778099927999961 ], [ -73.112966279999966, -36.776373338999974 ], [ -73.105126007999957, -36.778276380999955 ], [ -73.10575692599997, -36.780109218999939 ] ] ] } },
{ "type": "Feature", "properties": { "CUT": 8112, "COMUNA": "HUALPÉN", "AREA_C": "URBANO", "DISTRITO": "HUALPENCILLO", "LOCALIDAD": "GRAN CONCEPCIÓN", "n_per": 2556.0, "n_hombres": 1209.0, "n_mujeres": 1347.0, "n_edad_60_mas": 779.0, "n_asistencia_basica": 194.0, "n_asistencia_media": 112.0, "n_asistencia_superior": 123.0, "n_transporte_auto": 205.0, "n_transporte_publico": 452.0, "n_transporte_camina": 61.0, "n_transporte_bicicleta": 25.0 }, "geometry": { "type": "Polygon", "coordinates": [ [ [ -73.094814682999981, -36.780735628999935 ], [ -73.095376564999981, -36.78241307199994 ], [ -73.098987113999954, -36.78154968299998 ], [ -73.101605803999973, -36.783558228999937 ], [ -73.10575692599997, -36.780109218999939 ], [ -73.105126007999957, -36.778276380999955 ], [ -73.094814682999981, -36.780735628999935 ] ] ] } },
{ "type": "Feature", "properties": { "CUT": 8112, "COMUNA": "HUALPÉN", "AREA_C": "URBANO", "DISTRITO": "HUALPENCILLO", "LOCALIDAD": "GRAN CONCEPCIÓN", "n_per": 1932.0, "n_hombres": 920.0, "n_mujeres": 1012.0, "n_edad_60_mas": 571.0, "n_asistencia_basica": 140.0, "n_asistencia_media": 71.0, "n_asistencia_superior": 107.0, "n_transporte_auto": 192.0, "n_transporte_publico": 365.0, "n_transporte_camina": 47.0, "n_transporte_bicicleta": 13.0 }, "geometry": { "type": "Polygon", "coordinates": [ [ [ -73.101605803999973, -36.783558228999937 ], [ -73.101602594999974, -36.784653299999945 ], [ -73.107967567999935, -36.784533916999976 ], [ -73.109109143999945, -36.780743930999961 ], [ -73.10575692599997, -36.780109218999939 ], [ -73.101605803999973, -36.783558228999937 ] ] ] } },
{ "type": "Feature", "properties": { "CUT": 8112, "COMUNA": "HUALPÉN", "AREA_C": "URBANO", "DISTRITO": "HUALPENCILLO", "LOCALIDAD": "GRAN CONCEPCIÓN", "n_per": 2145.0, "n_hombres": 1012.0, "n_mujeres": 1133.0, "n_edad_60_mas": 618.0, "n_asistencia_basica": 156.0, "n_asistencia_media": 73.0, "n_asistencia_superior": 102.0, "n_transporte_auto": 216.0, "n_transporte_publico": 374.0, "n_transporte_camina": 38.0, "n_transporte_bicicleta": 20.0 }, "geometry": { "type": "Polygon", "coordinates": [ [ [ -73.109109143999945, -36.780743930999961 ], [ -73.107967567999935, -36.784533916999976 ], [ -73.106384712999954, -36.784621387999948 ], [ -73.106383252999933, -36.786843155999975 ], [ -73.108917620999989, -36.790245467999966 ], [ -73.111643133999962, -36.781248384999969 ], [ -73.109109143999945, -36.780743930999961 ] ] ] } },
{ "type": "Feature", "properties": { "CUT": 8112, "COMUNA": "HUALPÉN", "AREA_C": "URBANO", "DISTRITO": "CLUB HÍPICO", "LOCALIDAD": "GRAN CONCEPCIÓN", "n_per": 2691.0, "n_hombres": 1247.0, "n_mujeres": 1444.0, "n_edad_60_mas": 518.0, "n_asistencia_basica": 223.0, "n_asistencia_media": 91.0, "n_asistencia_superior": 169.0, "n_transporte_auto": 324.0, "n_transporte_publico": 618.0, "n_transporte_camina": 68.0, "n_transporte_bicicleta": 31.0 }, "geometry": { "type": "Polygon", "coordinates": [ [ [ -73.086903440999947, -36.782675525999935 ], [ -73.086791003999963, -36.790015281999956 ], [ -73.090688562999958, -36.790030767999951 ], [ -73.09130085399994, -36.790371174999962 ], [ -73.091530342999988, -36.790147934999936 ], [ -73.091561098999989, -36.786790964999966 ], [ -73.095120104999978, -36.786802964999936 ], [ -73.095348039999976, -36.786648882999941 ], [ -73.095376199999976, -36.782399546999955 ], [ -73.094814682999981, -36.780735628999935 ], [ -73.086903440999947, -36.782675525999935 ] ] ] } },
{ "type": "Feature", "properties": { "CUT": 8112, "COMUNA": "HUALPÉN", "AREA_C": "URBANO", "DISTRITO": "RAMUNTCHO", "LOCALIDAD": "GRAN CONCEPCIÓN", "n_per": 2496.0, "n_hombres": 1213.0, "n_mujeres": 1283.0, "n_edad_60_mas": 610.0, "n_asistencia_basica": 265.0, "n_asistencia_media": 134.0, "n_asistencia_superior": 109.0, "n_transporte_auto": 246.0, "n_transporte_publico": 441.0, "n_transporte_camina": 91.0, "n_transporte_bicicleta": 37.0 }, "geometry": { "type": "Polygon", "coordinates": [ [ [ -73.111643133999962, -36.781248384999969 ], [ -73.110461932999954, -36.785024043999954 ], [ -73.115466544999947, -36.786037714999964 ], [ -73.115686801999971, -36.786310439999966 ], [ -73.117788128999962, -36.786731294999981 ], [ -73.118720474999975, -36.786610847999953 ], [ -73.117331449999938, -36.781924445999948 ], [ -73.116525099999933, -36.782078424999952 ], [ -73.111643133999962, -36.781248384999969 ] ] ] } },
{ "type": "Feature", "properties": { "CUT": 8112, "COMUNA": "HUALPÉN", "AREA_C": "URBANO", "DISTRITO": "HUALPENCILLO", "LOCALIDAD": "GRAN CONCEPCIÓN", "n_per": 1470.0, "n_hombres": 679.0, "n_mujeres": 791.0, "n_edad_60_mas": 424.0, "n_asistencia_basica": 98.0, "n_asistencia_media": 51.0, "n_asistencia_superior": 87.0, "n_transporte_auto": 147.0, "n_transporte_publico": 262.0, "n_transporte_camina": 38.0, "n_transporte_bicicleta": 10.0 }, "geometry": { "type": "Polygon", "coordinates": [ [ [ -73.095375012999966, -36.784625820999963 ], [ -73.101602594999974, -36.784653299999945 ], [ -73.101605803999973, -36.783558228999937 ], [ -73.098987113999954, -36.78154968299998 ], [ -73.095376564999981, -36.78241307199994 ], [ -73.095375012999966, -36.784625820999963 ] ] ] } },
{ "type": "Feature", "properties": { "CUT": 8112, "COMUNA": "HUALPÉN", "AREA_C": "URBANO", "DISTRITO": "CIUDAD DEL NIÑO", "LOCALIDAD": "GRAN CONCEPCIÓN", "n_per": 5314.0, "n_hombres": 2545.0, "n_mujeres": 2769.0, "n_edad_60_mas": 1097.0, "n_asistencia_basica": 544.0, "n_asistencia_media": 244.0, "n_asistencia_superior": 380.0, "n_transporte_auto": 908.0, "n_transporte_publico": 857.0, "n_transporte_camina": 73.0, "n_transporte_bicicleta": 47.0 }, "geometry": { "type": "Polygon", "coordinates": [ [ [ -73.077259592999951, -36.785025349999955 ], [ -73.074320094999962, -36.785133212999938 ], [ -73.069280846999959, -36.79342145499993 ], [ -73.068415492999975, -36.794316402999982 ], [ -73.066197272999943, -36.795584589999976 ], [ -73.06876776699994, -36.798791690999963 ], [ -73.070516299999952, -36.800505459999954 ], [ -73.076348188999987, -36.804605490999961 ], [ -73.077118637999945, -36.803881843999932 ], [ -73.07786353299997, -36.802807788999985 ], [ -73.084686690999945, -36.791498050999962 ], [ -73.085246453999957, -36.789776510999957 ], [ -73.085366978999957, -36.786723343999938 ], [ -73.08682773299995, -36.786687861999951 ], [ -73.086903440999947, -36.782675525999935 ], [ -73.084446255999978, -36.783499907999953 ], [ -73.077259592999951, -36.785025349999955 ] ] ] } },
{ "type": "Feature", "properties": { "CUT": 8112, "COMUNA": "HUALPÉN", "AREA_C": "URBANO", "DISTRITO": "HUALPENCILLO", "LOCALIDAD": "GRAN CONCEPCIÓN", "n_per": 2586.0, "n_hombres": 1253.0, "n_mujeres": 1333.0, "n_edad_60_mas": 850.0, "n_asistencia_basica": 191.0, "n_asistencia_media": 71.0, "n_asistencia_superior": 118.0, "n_transporte_auto": 247.0, "n_transporte_publico": 457.0, "n_transporte_camina": 62.0, "n_transporte_bicicleta": 14.0 }, "geometry": { "type": "Polygon", "coordinates": [ [ [ -73.106384712999954, -36.784621387999948 ], [ -73.095375012999966, -36.784625820999963 ], [ -73.095348039999976, -36.786648882999941 ], [ -73.106413568999983, -36.786681397999985 ], [ -73.106384712999954, -36.784621387999948 ] ] ] } },
{ "type": "Feature", "properties": { "CUT": 8112, "COMUNA": "HUALPÉN", "AREA_C": "URBANO", "DISTRITO": "RAMUNTCHO", "LOCALIDAD": "GRAN CONCEPCIÓN", "n_per": 5638.0, "n_hombres": 2681.0, "n_mujeres": 2957.0, "n_edad_60_mas": 752.0, "n_asistencia_basica": 683.0, "n_asistencia_media": 306.0, "n_asistencia_superior": 292.0, "n_transporte_auto": 850.0, "n_transporte_publico": 1153.0, "n_transporte_camina": 121.0, "n_transporte_bicicleta": 55.0 }, "geometry": { "type": "Polygon", "coordinates": [ [ [ -73.116248559999974, -36.786679874999948 ], [ -73.113499719999936, -36.788330807999955 ], [ -73.113880628999937, -36.788706397999931 ], [ -73.111491129999933, -36.790200849999962 ], [ -73.111662172999957, -36.790368928999953 ], [ -73.109739900999955, -36.791556464999985 ], [ -73.108575887999962, -36.791367826999931 ], [ -73.108317866999982, -36.792218863999949 ], [ -73.109766139999977, -36.792512296999973 ], [ -73.111876750999954, -36.791333534999978 ], [ -73.112187871999936, -36.791699008999956 ], [ -73.112656712999978, -36.791431544999966 ], [ -73.113036488999967, -36.791739519999965 ], [ -73.114559048999979, -36.793811740999956 ], [ -73.118045857999959, -36.79181639199993 ], [ -73.118289425999933, -36.791495914999985 ], [ -73.118559843999947, -36.791452131999961 ], [ -73.118720474999975, -36.786610847999953 ], [ -73.117788128999962, -36.786731294999981 ], [ -73.116328616999965, -36.786442288999979 ], [ -73.116248559999974, -36.786679874999948 ] ] ] } },
{ "type": "Feature", "properties": { "CUT": 8112, "COMUNA": "HUALPÉN", "AREA_C": "URBANO", "DISTRITO": "BREMEN", "LOCALIDAD": "GRAN CONCEPCIÓN", "n_per": 1981.0, "n_hombres": 907.0, "n_mujeres": 1074.0, "n_edad_60_mas": 502.0, "n_asistencia_basica": 157.0, "n_asistencia_media": 82.0, "n_asistencia_superior": 93.0, "n_transporte_auto": 205.0, "n_transporte_publico": 421.0, "n_transporte_camina": 49.0, "n_transporte_bicicleta": 25.0 }, "geometry": { "type": "Polygon", "coordinates": [ [ [ -73.103994226999987, -36.786674392999942 ], [ -73.103971194999986, -36.789058055999931 ], [ -73.105227768999953, -36.790619366999977 ], [ -73.105716374999986, -36.790374778999933 ], [ -73.106831697999951, -36.791758063999964 ], [ -73.10837967599997, -36.792012540999963 ], [ -73.108917620999989, -36.790245467999966 ], [ -73.10641710799996, -36.786947347999956 ], [ -73.106413568999983, -36.786681397999985 ], [ -73.103994226999987, -36.786674392999942 ] ] ] } },
{ "type": "Feature", "properties": { "CUT": 8112, "COMUNA": "HUALPÉN", "AREA_C": "URBANO", "DISTRITO": "BREMEN", "LOCALIDAD": "GRAN CONCEPCIÓN", "n_per": 1689.0, "n_hombres": 775.0, "n_mujeres": 914.0, "n_edad_60_mas": 423.0, "n_asistencia_basica": 144.0, "n_asistencia_media": 65.0, "n_asistencia_superior": 69.0, "n_transporte_auto": 150.0, "n_transporte_publico": 325.0, "n_transporte_camina": 39.0, "n_transporte_bicicleta": 17.0 }, "geometry": { "type": "Polygon", "coordinates": [ [ [ -73.101685473999964, -36.786673499999949 ], [ -73.101696188999938, -36.789431864999983 ], [ -73.104473070999973, -36.792964326999936 ], [ -73.106831697999951, -36.791758063999964 ], [ -73.105716374999986, -36.790374778999933 ], [ -73.105227768999953, -36.790619366999977 ], [ -73.103971194999986, -36.789058055999931 ], [ -73.103994226999987, -36.786674392999942 ], [ -73.101685473999964, -36.786673499999949 ] ] ] } },
{ "type": "Feature", "properties": { "CUT": 8112, "COMUNA": "HUALPÉN", "AREA_C": "URBANO", "DISTRITO": "BREMEN", "LOCALIDAD": "GRAN CONCEPCIÓN", "n_per": 1542.0, "n_hombres": 742.0, "n_mujeres": 800.0, "n_edad_60_mas": 474.0, "n_asistencia_basica": 103.0, "n_asistencia_media": 54.0, "n_asistencia_superior": 72.0, "n_transporte_auto": 130.0, "n_transporte_publico": 285.0, "n_transporte_camina": 22.0, "n_transporte_bicicleta": 5.0 }, "geometry": { "type": "Polygon", "coordinates": [ [ [ -73.097349150999946, -36.786657656999978 ], [ -73.097317961999977, -36.791754926999943 ], [ -73.098456028999976, -36.791759611999964 ], [ -73.09846186599998, -36.790871891999984 ], [ -73.09978906799995, -36.790875082999946 ], [ -73.099794022999959, -36.789653854999983 ], [ -73.101846057999978, -36.789659590999975 ], [ -73.101653348999946, -36.789323020999973 ], [ -73.101685473999964, -36.786673499999949 ], [ -73.097349150999946, -36.786657656999978 ] ] ] } },
{ "type": "Feature", "properties": { "CUT": 8112, "COMUNA": "HUALPÉN", "AREA_C": "URBANO", "DISTRITO": "BREMEN", "LOCALIDAD": "GRAN CONCEPCIÓN", "n_per": 1675.0, "n_hombres": 791.0, "n_mujeres": 884.0, "n_edad_60_mas": 460.0, "n_asistencia_basica": 134.0, "n_asistencia_media": 67.0, "n_asistencia_superior": 82.0, "n_transporte_auto": 114.0, "n_transporte_publico": 312.0, "n_transporte_camina": 36.0, "n_transporte_bicicleta": 15.0 }, "geometry": { "type": "Polygon", "coordinates": [ [ [ -73.094147299999975, -36.79277693399996 ], [ -73.094877301999986, -36.793025919999934 ], [ -73.095907026999953, -36.793718076999937 ], [ -73.096793357999957, -36.792886716999931 ], [ -73.097306904999982, -36.792881414999954 ], [ -73.097349150999946, -36.786657656999978 ], [ -73.095348039999976, -36.786648882999941 ], [ -73.094403562999958, -36.787314257999981 ], [ -73.094340428999942, -36.792585823999957 ], [ -73.094147299999975, -36.79277693399996 ] ] ] } },
{ "type": "Feature", "properties": { "CUT": 8112, "COMUNA": "HUALPÉN", "AREA_C": "URBANO", "DISTRITO": "CLUB HÍPICO", "LOCALIDAD": "GRAN CONCEPCIÓN", "n_per": 1341.0, "n_hombres": 642.0, "n_mujeres": 699.0, "n_edad_60_mas": 378.0, "n_asistencia_basica": 103.0, "n_asistencia_media": 48.0, "n_asistencia_superior": 73.0, "n_transporte_auto": 96.0, "n_transporte_publico": 236.0, "n_transporte_camina": 37.0, "n_transporte_bicicleta": 15.0 }, "geometry": { "type": "Polygon", "coordinates": [ [ [ -73.091561098999989, -36.786790964999966 ], [ -73.091530342999988, -36.790147934999936 ], [ -73.09130085399994, -36.790371174999962 ], [ -73.092183162999959, -36.790965103999952 ], [ -73.094367444999989, -36.790954743999976 ], [ -73.094403562999958, -36.787314257999981 ], [ -73.095120104999978, -36.786802964999936 ], [ -73.091561098999989, -36.786790964999966 ] ] ] } },
{ "type": "Feature", "properties": { "CUT": 8112, "COMUNA": "HUALPÉN", "AREA_C": "URBANO", "DISTRITO": "CIUDAD DEL NIÑO", "LOCALIDAD": "GRAN CONCEPCIÓN", "n_per": 3841.0, "n_hombres": 1747.0, "n_mujeres": 2094.0, "n_edad_60_mas": 846.0, "n_asistencia_basica": 310.0, "n_asistencia_media": 151.0, "n_asistencia_superior": 219.0, "n_transporte_auto": 485.0, "n_transporte_publico": 842.0, "n_transporte_camina": 108.0, "n_transporte_bicicleta": 34.0 }, "geometry": { "type": "Polygon", "coordinates": [ [ [ -73.077118637999945, -36.803881843999932 ], [ -73.076388425999937, -36.804578225999933 ], [ -73.079206921999969, -36.806476409999959 ], [ -73.080861650999964, -36.804010613999935 ], [ -73.083846451999989, -36.801204200999962 ], [ -73.084764531999951, -36.800127549999956 ], [ -73.085702719999972, -36.798039779999954 ], [ -73.086686330999953, -36.794746801999963 ], [ -73.08682773299995, -36.786687861999951 ], [ -73.085366978999957, -36.786723343999938 ], [ -73.085246453999957, -36.789776510999957 ], [ -73.084686690999945, -36.791498050999962 ], [ -73.077118637999945, -36.803881843999932 ] ] ] } },
{ "type": "Feature", "properties": { "CUT": 8112, "COMUNA": "HUALPÉN", "AREA_C": "URBANO", "DISTRITO": "RAMUNTCHO", "LOCALIDAD": "GRAN CONCEPCIÓN", "n_per": 8375.0, "n_hombres": 4018.0, "n_mujeres": 4357.0, "n_edad_60_mas": 447.0, "n_asistencia_basica": 1293.0, "n_asistencia_media": 512.0, "n_asistencia_superior": 453.0, "n_transporte_auto": 1795.0, "n_transporte_publico": 1482.0, "n_transporte_camina": 92.0, "n_transporte_bicicleta": 64.0 }, "geometry": { "type": "Polygon", "coordinates": [ [ [ -73.118710009999972, -36.787784979999969 ], [ -73.118559843999947, -36.791452131999961 ], [ -73.118289425999933, -36.791495914999985 ], [ -73.118045857999959, -36.79181639199993 ], [ -73.11485653799997, -36.793704702999946 ], [ -73.114559048999979, -36.793811740999956 ], [ -73.114446414999975, -36.793654689999983 ], [ -73.111208929999975, -36.795054454999956 ], [ -73.112661363999962, -36.797294913999963 ], [ -73.110474385999964, -36.798036348999972 ], [ -73.106822875999967, -36.797323659999961 ], [ -73.105545598999981, -36.801629713999944 ], [ -73.105176176999976, -36.801935864999962 ], [ -73.105652482999972, -36.801990474999968 ], [ -73.105838093999978, -36.80240794599996 ], [ -73.105601482999987, -36.802697794999972 ], [ -73.105226469999934, -36.802737190999949 ], [ -73.103802263999967, -36.807460232999972 ], [ -73.105922360999955, -36.806982240999957 ], [ -73.106464244999984, -36.806652872999962 ], [ -73.107315545999938, -36.806594322999956 ], [ -73.108320522999975, -36.806216795999944 ], [ -73.110392926999964, -36.80610283599998 ], [ -73.111375391999957, -36.805836205999981 ], [ -73.110447458999943, -36.803790281999966 ], [ -73.110760523999943, -36.803711414999952 ], [ -73.110712366999962, -36.803300720999971 ], [ -73.110414631999959, -36.802718575999961 ], [ -73.109227243999953, -36.80141442799993 ], [ -73.115848823999954, -36.799003716999948 ], [ -73.117486544999963, -36.797895233999952 ], [ -73.118053157999952, -36.797137112999962 ], [ -73.118488150999951, -36.795969136999929 ], [ -73.11870072399995, -36.791416309999931 ], [ -73.119064162999962, -36.791399294999962 ], [ -73.119206617999964, -36.788412198999936 ], [ -73.119356978999974, -36.788220788999979 ], [ -73.118710009999972, -36.787784979999969 ] ] ] } },
{ "type": "Feature", "properties": { "CUT": 8112, "COMUNA": "HUALPÉN", "AREA_C": "URBANO", "DISTRITO": "BREMEN", "LOCALIDAD": "GRAN CONCEPCIÓN", "n_per": 2349.0, "n_hombres": 1118.0, "n_mujeres": 1231.0, "n_edad_60_mas": 777.0, "n_asistencia_basica": 159.0, "n_asistencia_media": 69.0, "n_asistencia_superior": 144.0, "n_transporte_auto": 259.0, "n_transporte_publico": 374.0, "n_transporte_camina": 35.0, "n_transporte_bicicleta": 16.0 }, "geometry": { "type": "Polygon", "coordinates": [ [ [ -73.09978906799995, -36.790875082999946 ], [ -73.09846186599998, -36.790871891999984 ], [ -73.098456028999976, -36.791759611999964 ], [ -73.097317961999977, -36.791754926999943 ], [ -73.097306904999982, -36.792881414999954 ], [ -73.096793357999957, -36.792886716999931 ], [ -73.095907026999953, -36.793718076999937 ], [ -73.099011291999943, -36.795837587999983 ], [ -73.104473070999973, -36.792964326999936 ], [ -73.101846057999978, -36.789659590999975 ], [ -73.099794022999959, -36.789653854999983 ], [ -73.09978906799995, -36.790875082999946 ] ] ] } },
{ "type": "Feature", "properties": { "CUT": 8112, "COMUNA": "HUALPÉN", "AREA_C": "URBANO", "DISTRITO": "CLUB HÍPICO", "LOCALIDAD": "GRAN CONCEPCIÓN", "n_per": 1870.0, "n_hombres": 866.0, "n_mujeres": 1004.0, "n_edad_60_mas": 519.0, "n_asistencia_basica": 153.0, "n_asistencia_media": 70.0, "n_asistencia_superior": 92.0, "n_transporte_auto": 211.0, "n_transporte_publico": 399.0, "n_transporte_camina": 56.0, "n_transporte_bicicleta": 23.0 }, "geometry": { "type": "Polygon", "coordinates": [ [ [ -73.086791003999963, -36.790015281999956 ], [ -73.086764993999964, -36.792617614999983 ], [ -73.093172802999959, -36.792661962999944 ], [ -73.093787063999969, -36.793086424999956 ], [ -73.094340428999942, -36.792585823999957 ], [ -73.094367444999989, -36.790954743999976 ], [ -73.092183162999959, -36.790965103999952 ], [ -73.090688562999958, -36.790030767999951 ], [ -73.086791003999963, -36.790015281999956 ] ] ] } },
{ "type": "Feature", "properties": { "CUT": 8112, "COMUNA": "HUALPÉN", "AREA_C": "URBANO", "DISTRITO": "RAMUNTCHO", "LOCALIDAD": "GRAN CONCEPCIÓN", "n_per": 4818.0, "n_hombres": 2254.0, "n_mujeres": 2564.0, "n_edad_60_mas": 565.0, "n_asistencia_basica": 498.0, "n_asistencia_media": 364.0, "n_asistencia_superior": 405.0, "n_transporte_auto": 787.0, "n_transporte_publico": 967.0, "n_transporte_camina": 77.0, "n_transporte_bicicleta": 30.0 }, "geometry": { "type": "Polygon", "coordinates": [ [ [ -73.111876750999954, -36.791333534999978 ], [ -73.109856902999979, -36.792495712999937 ], [ -73.108317866999982, -36.792218863999949 ], [ -73.106822875999967, -36.797323659999961 ], [ -73.110474385999964, -36.798036348999972 ], [ -73.112661363999962, -36.797294913999963 ], [ -73.111208929999975, -36.795054454999956 ], [ -73.114446414999975, -36.793654689999983 ], [ -73.113036488999967, -36.791739519999965 ], [ -73.112656712999978, -36.791431544999966 ], [ -73.112187871999936, -36.791699008999956 ], [ -73.111876750999954, -36.791333534999978 ] ] ] } },
{ "type": "Feature", "properties": { "CUT": 8112, "COMUNA": "HUALPÉN", "AREA_C": "URBANO", "DISTRITO": "BREMEN", "LOCALIDAD": "GRAN CONCEPCIÓN", "n_per": 2566.0, "n_hombres": 1198.0, "n_mujeres": 1368.0, "n_edad_60_mas": 748.0, "n_asistencia_basica": 215.0, "n_asistencia_media": 100.0, "n_asistencia_superior": 124.0, "n_transporte_auto": 212.0, "n_transporte_publico": 448.0, "n_transporte_camina": 41.0, "n_transporte_bicicleta": 10.0 }, "geometry": { "type": "Polygon", "coordinates": [ [ [ -73.103945207999971, -36.797016417999941 ], [ -73.106469363999963, -36.798480750999943 ], [ -73.10837967599997, -36.792012540999963 ], [ -73.106812683999976, -36.791762267999957 ], [ -73.101797758999965, -36.794341246999977 ], [ -73.103945207999971, -36.797016417999941 ] ] ] } },
{ "type": "Feature", "properties": { "CUT": 8112, "COMUNA": "HUALPÉN", "AREA_C": "URBANO", "DISTRITO": "CLUB HÍPICO", "LOCALIDAD": "GRAN CONCEPCIÓN", "n_per": 1412.0, "n_hombres": 668.0, "n_mujeres": 744.0, "n_edad_60_mas": 375.0, "n_asistencia_basica": 113.0, "n_asistencia_media": 45.0, "n_asistencia_superior": 149.0, "n_transporte_auto": 133.0, "n_transporte_publico": 265.0, "n_transporte_camina": 27.0, "n_transporte_bicicleta": 10.0 }, "geometry": { "type": "Polygon", "coordinates": [ [ [ -73.094147299999975, -36.79277693399996 ], [ -73.093225621999977, -36.79366547099994 ], [ -73.093409189999988, -36.795784361999949 ], [ -73.09468643799994, -36.795912996999959 ], [ -73.095335172999967, -36.796247869999945 ], [ -73.096152150999956, -36.797567885999968 ], [ -73.095404275999954, -36.797894333999977 ], [ -73.096678040999961, -36.799131102999979 ], [ -73.098979876999977, -36.79740131799997 ], [ -73.099350711999989, -36.796786134999934 ], [ -73.099353915999984, -36.796148731999949 ], [ -73.099111274999984, -36.795802315999936 ], [ -73.094877301999986, -36.793025919999934 ], [ -73.094147299999975, -36.79277693399996 ] ] ] } },
{ "type": "Feature", "properties": { "CUT": 8112, "COMUNA": "HUALPÉN", "AREA_C": "URBANO", "DISTRITO": "CLUB HÍPICO", "LOCALIDAD": "GRAN CONCEPCIÓN", "n_per": 2363.0, "n_hombres": 1095.0, "n_mujeres": 1268.0, "n_edad_60_mas": 732.0, "n_asistencia_basica": 162.0, "n_asistencia_media": 77.0, "n_asistencia_superior": 129.0, "n_transporte_auto": 220.0, "n_transporte_publico": 480.0, "n_transporte_camina": 62.0, "n_transporte_bicicleta": 17.0 }, "geometry": { "type": "Polygon", "coordinates": [ [ [ -73.086764993999964, -36.792617614999983 ], [ -73.086747340999977, -36.794338768999978 ], [ -73.086405379999974, -36.795951258999935 ], [ -73.093436638999947, -36.795807334999949 ], [ -73.093225621999977, -36.79366547099994 ], [ -73.093787063999969, -36.793086424999956 ], [ -73.093172802999959, -36.792661962999944 ], [ -73.086764993999964, -36.792617614999983 ] ] ] } },
{ "type": "Feature", "properties": { "CUT": 8112, "COMUNA": "HUALPÉN", "AREA_C": "URBANO", "DISTRITO": "BREMEN", "LOCALIDAD": "GRAN CONCEPCIÓN", "n_per": 3722.0, "n_hombres": 1753.0, "n_mujeres": 1969.0, "n_edad_60_mas": 782.0, "n_asistencia_basica": 374.0, "n_asistencia_media": 184.0, "n_asistencia_superior": 177.0, "n_transporte_auto": 325.0, "n_transporte_publico": 659.0, "n_transporte_camina": 140.0, "n_transporte_bicicleta": 65.0 }, "geometry": { "type": "Polygon", "coordinates": [ [ [ -73.099116667999965, -36.79720649799998 ], [ -73.100334992999933, -36.798070762999942 ], [ -73.100072406999971, -36.798288566999929 ], [ -73.100686248999978, -36.798558395999976 ], [ -73.100917378999952, -36.798439981999934 ], [ -73.10348301099998, -36.800354720999962 ], [ -73.105730605999952, -36.801026084999933 ], [ -73.106469363999963, -36.798480750999943 ], [ -73.106101207999984, -36.798411793999946 ], [ -73.103945207999971, -36.797016417999941 ], [ -73.101797758999965, -36.794341246999977 ], [ -73.099149927999974, -36.795832359999963 ], [ -73.099407778999989, -36.796360728999957 ], [ -73.099116667999965, -36.79720649799998 ] ] ] } },
{ "type": "Feature", "properties": { "CUT": 8112, "COMUNA": "HUALPÉN", "AREA_C": "URBANO", "DISTRITO": "CERRO VERDE", "LOCALIDAD": "GRAN CONCEPCIÓN", "n_per": 2543.0, "n_hombres": 1211.0, "n_mujeres": 1332.0, "n_edad_60_mas": 889.0, "n_asistencia_basica": 172.0, "n_asistencia_media": 74.0, "n_asistencia_superior": 143.0, "n_transporte_auto": 388.0, "n_transporte_publico": 337.0, "n_transporte_camina": 37.0, "n_transporte_bicicleta": 8.0 }, "geometry": { "type": "Polygon", "coordinates": [ [ [ -73.094202044999975, -36.79581509999997 ], [ -73.086361861999933, -36.795914829999958 ], [ -73.085334457999977, -36.798920091999946 ], [ -73.09302444399998, -36.80042455499995 ], [ -73.095289206999951, -36.799856966999982 ], [ -73.096678040999961, -36.799131102999979 ], [ -73.095404275999954, -36.797894333999977 ], [ -73.096152150999956, -36.797567885999968 ], [ -73.095335172999967, -36.796247869999945 ], [ -73.094202044999975, -36.79581509999997 ] ] ] } },
{ "type": "Feature", "properties": { "CUT": 8112, "COMUNA": "HUALPÉN", "AREA_C": "URBANO", "DISTRITO": "CERRO VERDE", "LOCALIDAD": "GRAN CONCEPCIÓN", "n_per": 3910.0, "n_hombres": 1807.0, "n_mujeres": 2103.0, "n_edad_60_mas": 1040.0, "n_asistencia_basica": 342.0, "n_asistencia_media": 167.0, "n_asistencia_superior": 237.0, "n_transporte_auto": 725.0, "n_transporte_publico": 558.0, "n_transporte_camina": 41.0, "n_transporte_bicicleta": 16.0 }, "geometry": { "type": "Polygon", "coordinates": [ [ [ -73.099116667999965, -36.79720649799998 ], [ -73.096053471999937, -36.799544728999933 ], [ -73.095289206999951, -36.799856966999982 ], [ -73.08746175999994, -36.802002662999939 ], [ -73.087576064999951, -36.802504739999961 ], [ -73.087950242999966, -36.802416118999929 ], [ -73.089444532999948, -36.805964341999982 ], [ -73.091019697999968, -36.806881961999977 ], [ -73.091987026999959, -36.808352342999967 ], [ -73.094675223999957, -36.807103689999963 ], [ -73.097550793999972, -36.805999085999929 ], [ -73.095208094999975, -36.80383319699996 ], [ -73.099420097999939, -36.800675685999977 ], [ -73.101767018999965, -36.799111375999985 ], [ -73.100917378999952, -36.798439981999934 ], [ -73.100686248999978, -36.798558395999976 ], [ -73.100072406999971, -36.798288566999929 ], [ -73.100334992999933, -36.798070762999942 ], [ -73.099116667999965, -36.79720649799998 ] ] ] } },
{ "type": "Feature", "properties": { "CUT": 8112, "COMUNA": "HUALPÉN", "AREA_C": "URBANO", "DISTRITO": "CERRO VERDE", "LOCALIDAD": "GRAN CONCEPCIÓN", "n_per": 4939.0, "n_hombres": 2322.0, "n_mujeres": 2617.0, "n_edad_60_mas": 849.0, "n_asistencia_basica": 446.0, "n_asistencia_media": 244.0, "n_asistencia_superior": 368.0, "n_transporte_auto": 918.0, "n_transporte_publico": 850.0, "n_transporte_camina": 74.0, "n_transporte_bicicleta": 38.0 }, "geometry": { "type": "Polygon", "coordinates": [ [ [ -73.101767018999965, -36.799111375999985 ], [ -73.095208094999975, -36.80383319699996 ], [ -73.097550793999972, -36.805999085999929 ], [ -73.094675223999957, -36.807103689999963 ], [ -73.091987026999959, -36.808352342999967 ], [ -73.093189652999968, -36.81016716299996 ], [ -73.094640672999958, -36.809396715999981 ], [ -73.094842590999974, -36.809499187999961 ], [ -73.095762488999981, -36.809256866999931 ], [ -73.096628472999953, -36.809335630999954 ], [ -73.100248804999978, -36.807913282999948 ], [ -73.10174454099996, -36.807595750999951 ], [ -73.103063409999947, -36.807649700999946 ], [ -73.103802263999967, -36.807460232999972 ], [ -73.105226469999934, -36.802737190999949 ], [ -73.105601482999987, -36.802697794999972 ], [ -73.105838093999978, -36.80240794599996 ], [ -73.105652482999972, -36.801990474999968 ], [ -73.105176176999976, -36.801935864999962 ], [ -73.105545598999981, -36.801629713999944 ], [ -73.105730605999952, -36.801026084999933 ], [ -73.10348301099998, -36.800354720999962 ], [ -73.101767018999965, -36.799111375999985 ] ] ] } },
{ "type": "Feature", "properties": { "CUT": 8112, "COMUNA": "HUALPÉN", "AREA_C": "URBANO", "DISTRITO": "CERRO VERDE", "LOCALIDAD": "GRAN CONCEPCIÓN", "n_per": 2380.0, "n_hombres": 1110.0, "n_mujeres": 1270.0, "n_edad_60_mas": 856.0, "n_asistencia_basica": 172.0, "n_asistencia_media": 88.0, "n_asistencia_superior": 140.0, "n_transporte_auto": 473.0, "n_transporte_publico": 209.0, "n_transporte_camina": 28.0, "n_transporte_bicicleta": 7.0 }, "geometry": { "type": "Polygon", "coordinates": [ [ [ -73.084473732999982, -36.800570156999981 ], [ -73.080861650999964, -36.804010613999935 ], [ -73.079206921999969, -36.806476409999959 ], [ -73.080491728999959, -36.807599058999983 ], [ -73.081163283999956, -36.808753584999977 ], [ -73.081389220999938, -36.809682521999946 ], [ -73.081460308999965, -36.811776381999948 ], [ -73.081977320999954, -36.813464063999959 ], [ -73.082541253999977, -36.814277838999942 ], [ -73.084289095999964, -36.816134620999946 ], [ -73.084749554999973, -36.815772675999938 ], [ -73.085347829999989, -36.813806962999934 ], [ -73.086343891999945, -36.812922123999954 ], [ -73.087404521999986, -36.812536388999945 ], [ -73.088144550999971, -36.811897984999973 ], [ -73.089111399999979, -36.811468993999938 ], [ -73.091970559999936, -36.811458224999967 ], [ -73.093189652999968, -36.81016716299996 ], [ -73.091019697999968, -36.806881961999977 ], [ -73.089444532999948, -36.805964341999982 ], [ -73.087950242999966, -36.802416118999929 ], [ -73.087576064999951, -36.802504739999961 ], [ -73.08746175999994, -36.802002662999939 ], [ -73.09302444399998, -36.80042455499995 ], [ -73.085334457999977, -36.798920091999946 ], [ -73.084473732999982, -36.800570156999981 ] ] ] } },
{ "type": "Feature", "properties": { "CUT": 8112, "COMUNA": "HUALPÉN", "AREA_C": "URBANO", "DISTRITO": "RAMUNTCHO", "LOCALIDAD": "GRAN CONCEPCIÓN", "n_per": 2206.0, "n_hombres": 1105.0, "n_mujeres": 1101.0, "n_edad_60_mas": 573.0, "n_asistencia_basica": 179.0, "n_asistencia_media": 89.0, "n_asistencia_superior": 107.0, "n_transporte_auto": 216.0, "n_transporte_publico": 386.0, "n_transporte_camina": 99.0, "n_transporte_bicicleta": 39.0 }, "geometry": { "type": "Polygon", "coordinates": [ [ [ -73.108575887999962, -36.791367826999931 ], [ -73.109739900999955, -36.791556464999985 ], [ -73.111662172999957, -36.790368928999953 ], [ -73.111491129999933, -36.790200849999962 ], [ -73.113880628999937, -36.788706397999931 ], [ -73.113499719999936, -36.788330807999955 ], [ -73.116248559999974, -36.786679874999948 ], [ -73.116328616999965, -36.786442288999979 ], [ -73.115686801999971, -36.786310439999966 ], [ -73.115466544999947, -36.786037714999964 ], [ -73.110461932999954, -36.785024043999954 ], [ -73.108575887999962, -36.791367826999931 ] ] ] } },
{ "type": "Feature", "properties": { "CUT": 8104, "COMUNA": "FLORIDA", "AREA_C": "URBANO", "DISTRITO": "DANQUILCO", "LOCALIDAD": "FLORIDA", "n_per": 2395.0, "n_hombres": 1150.0, "n_mujeres": 1245.0, "n_edad_60_mas": 537.0, "n_asistencia_basica": 232.0, "n_asistencia_media": 136.0, "n_asistencia_superior": 101.0, "n_transporte_auto": 282.0, "n_transporte_publico": 232.0, "n_transporte_camina": 146.0, "n_transporte_bicicleta": 3.0 }, "geometry": { "type": "Polygon", "coordinates": [ [ [ -72.65077026299997, -36.810182801999929 ], [ -72.649399832999961, -36.810633725999935 ], [ -72.649006666999981, -36.810225120999974 ], [ -72.645712944999957, -36.81114617399993 ], [ -72.645857492999937, -36.811811974999955 ], [ -72.646514683999953, -36.812184975999969 ], [ -72.646443849999969, -36.812814733999971 ], [ -72.646605900999987, -36.813293976999944 ], [ -72.645500010999967, -36.814394662999973 ], [ -72.645437460999972, -36.814897878999943 ], [ -72.645260411999971, -36.81510041599995 ], [ -72.645300166999959, -36.815629340999976 ], [ -72.645062673999973, -36.815785682999945 ], [ -72.644988551999973, -36.816089727999952 ], [ -72.645156413999985, -36.816571455999963 ], [ -72.644782857999985, -36.817052596999929 ], [ -72.64439434999997, -36.817256196999949 ], [ -72.644214588999944, -36.818443595999952 ], [ -72.644014542999969, -36.818734169999971 ], [ -72.64359948699996, -36.818764359999932 ], [ -72.64335325199994, -36.819002791999935 ], [ -72.643297571999938, -36.820038977999957 ], [ -72.643520058999968, -36.820574839999949 ], [ -72.643366793999974, -36.821417 ], [ -72.643776223999964, -36.822215073999985 ], [ -72.64633276099994, -36.821387483999956 ], [ -72.649166606999984, -36.821750459999976 ], [ -72.648674944999982, -36.822703720999982 ], [ -72.650565569999969, -36.823923860999969 ], [ -72.651008282999953, -36.825935654999967 ], [ -72.651762857999984, -36.825943510999934 ], [ -72.651706096999987, -36.827749002999951 ], [ -72.659070456999984, -36.827708108999957 ], [ -72.658439407999936, -36.827150772999971 ], [ -72.658555572999944, -36.826855970999929 ], [ -72.658450851999987, -36.826378378999948 ], [ -72.657969715999968, -36.825976428999979 ], [ -72.657786061999957, -36.824025619999929 ], [ -72.657523671999968, -36.823061692999943 ], [ -72.65777718399994, -36.82258236499996 ], [ -72.657650434999937, -36.821970285999953 ], [ -72.657769027999962, -36.821850351999956 ], [ -72.654697579999947, -36.821649838999974 ], [ -72.65469006099994, -36.820247122999945 ], [ -72.654409982999937, -36.820210682999971 ], [ -72.654455355999971, -36.818019083999957 ], [ -72.654584398999987, -36.817809423999961 ], [ -72.654379412999958, -36.817383814999971 ], [ -72.654616372999953, -36.816892186999951 ], [ -72.654391394999948, -36.816201492999937 ], [ -72.654651055999977, -36.815378165999959 ], [ -72.654253533999963, -36.815293606999944 ], [ -72.654240928999968, -36.815527876999965 ], [ -72.653843691999953, -36.815770775999965 ], [ -72.652774399999942, -36.81593793199994 ], [ -72.652496978999977, -36.815003899999965 ], [ -72.651902164999967, -36.814631550999934 ], [ -72.651980291999962, -36.812291036999966 ], [ -72.65129834399994, -36.810775529999944 ], [ -72.65077026299997, -36.810182801999929 ] ] ] } },
{ "type": "Feature", "properties": { "CUT": 8104, "COMUNA": "FLORIDA", "AREA_C": "URBANO", "DISTRITO": "FLORIDA", "LOCALIDAD": "FLORIDA", "n_per": 1826.0, "n_hombres": 876.0, "n_mujeres": 950.0, "n_edad_60_mas": 468.0, "n_asistencia_basica": 167.0, "n_asistencia_media": 66.0, "n_asistencia_superior": 81.0, "n_transporte_auto": 221.0, "n_transporte_publico": 185.0, "n_transporte_camina": 203.0, "n_transporte_bicicleta": 2.0 }, "geometry": { "type": "Polygon", "coordinates": [ [ [ -72.659546248999959, -36.821512492999943 ], [ -72.659243903999936, -36.82139314799997 ], [ -72.657817335999937, -36.821606156999962 ], [ -72.657650434999937, -36.821970285999953 ], [ -72.65777718399994, -36.82258236499996 ], [ -72.657523671999968, -36.823061692999943 ], [ -72.657786061999957, -36.824025619999929 ], [ -72.657969715999968, -36.825976428999979 ], [ -72.658450851999987, -36.826378378999948 ], [ -72.658555572999944, -36.826855970999929 ], [ -72.658439407999936, -36.827150772999971 ], [ -72.659351206999986, -36.828068641999948 ], [ -72.659395248999942, -36.828767978999963 ], [ -72.659238463999941, -36.829118760999961 ], [ -72.659408239999948, -36.829350807999958 ], [ -72.659349106999969, -36.830029569999965 ], [ -72.659993098999962, -36.831227487999968 ], [ -72.659855910999966, -36.832196770999929 ], [ -72.661467500999947, -36.832270454999957 ], [ -72.661870130999944, -36.833033 ], [ -72.66210969499997, -36.832918803999974 ], [ -72.662004062999983, -36.832104615999981 ], [ -72.662232542999959, -36.831671794999977 ], [ -72.662831627999935, -36.831189085999938 ], [ -72.663583212999981, -36.83087471999994 ], [ -72.664906899999949, -36.830964093999967 ], [ -72.665544399999987, -36.830228699999964 ], [ -72.666523020999989, -36.83015986099997 ], [ -72.666968932999964, -36.829908984999975 ], [ -72.667119834999937, -36.829371095999932 ], [ -72.666313189999983, -36.828335366999966 ], [ -72.666339065999978, -36.828116444999978 ], [ -72.66656674799998, -36.827961750999975 ], [ -72.666475500999979, -36.826961175999941 ], [ -72.667503231999945, -36.826894590999984 ], [ -72.668326591999971, -36.826502905999973 ], [ -72.668848182999966, -36.826680755999973 ], [ -72.670131338999965, -36.82654357499996 ], [ -72.670226408999952, -36.82670460199995 ], [ -72.672482146999982, -36.826986944999931 ], [ -72.672729880999952, -36.824956290999978 ], [ -72.671464483999955, -36.824717393999947 ], [ -72.669077559999948, -36.823963945999935 ], [ -72.667460193999943, -36.822710960999984 ], [ -72.667008771999974, -36.822582190999981 ], [ -72.666507147999937, -36.820165109999948 ], [ -72.665338688999952, -36.819461443999955 ], [ -72.663887116999945, -36.820371897999962 ], [ -72.663824925999961, -36.820544900999948 ], [ -72.659546248999959, -36.821512492999943 ] ] ] } },
{ "type": "Feature", "properties": { "CUT": 8107, "COMUNA": "PENCO", "AREA_C": "URBANO", "DISTRITO": "LIRQUÉN", "LOCALIDAD": "GRAN CONCEPCIÓN", "n_per": 2689.0, "n_hombres": 1328.0, "n_mujeres": 1361.0, "n_edad_60_mas": 692.0, "n_asistencia_basica": 242.0, "n_asistencia_media": 123.0, "n_asistencia_superior": 141.0, "n_transporte_auto": 224.0, "n_transporte_publico": 462.0, "n_transporte_camina": 166.0, "n_transporte_bicicleta": 0.0 }, "geometry": { "type": "Polygon", "coordinates": [ [ [ -72.968847517999961, -36.703465113999982 ], [ -72.968878804999974, -36.703730034999978 ], [ -72.969501634999972, -36.703749676999962 ], [ -72.970477933999973, -36.703753924999944 ], [ -72.970916766999949, -36.70349665599997 ], [ -72.971684601999982, -36.704034767999929 ], [ -72.972399524999958, -36.704303828999969 ], [ -72.972519929999976, -36.704860194999981 ], [ -72.972967568999934, -36.70494443399997 ], [ -72.973488844999963, -36.705687891999958 ], [ -72.973910614999966, -36.705771685999935 ], [ -72.974171183999943, -36.706186224999954 ], [ -72.974004875999981, -36.707057679999934 ], [ -72.97330395399996, -36.708438290999936 ], [ -72.97324537999998, -36.70910990699997 ], [ -72.973552856999959, -36.709418427999935 ], [ -72.973178885999971, -36.709995452999976 ], [ -72.973816405999969, -36.711475457999938 ], [ -72.973808020999968, -36.712247046999948 ], [ -72.974877059999983, -36.719716975999972 ], [ -72.975380906999987, -36.720158382999955 ], [ -72.977432060999945, -36.720901540999932 ], [ -72.978016066999942, -36.721337145999939 ], [ -72.979521661999968, -36.725881004999962 ], [ -72.980213388999971, -36.72576205799993 ], [ -72.982297624999944, -36.72709082199998 ], [ -72.983311183999945, -36.726788035999959 ], [ -72.983701139999937, -36.726005986999951 ], [ -72.983238773999972, -36.725570020999953 ], [ -72.98318992999998, -36.725136557999974 ], [ -72.983396067999934, -36.724639816999968 ], [ -72.985805629999959, -36.722972621999929 ], [ -72.984024673999954, -36.720698159999984 ], [ -72.984879041999989, -36.720197893999966 ], [ -72.984260973999938, -36.71920616899996 ], [ -72.985357346999933, -36.718807698999967 ], [ -72.98540677799997, -36.717006468999955 ], [ -72.986904359999983, -36.715983478999931 ], [ -72.986841287999937, -36.713484003999952 ], [ -72.98904823099997, -36.709912716999952 ], [ -72.989302474999988, -36.709014314999934 ], [ -72.989484496999978, -36.708951796999941 ], [ -72.990022150999948, -36.706555765999951 ], [ -72.989481404999935, -36.706465419999972 ], [ -72.988953429999981, -36.708861611999964 ], [ -72.989200869999934, -36.708893904999968 ], [ -72.989026553999963, -36.709628110999972 ], [ -72.987009800999942, -36.712980122999966 ], [ -72.986224116999949, -36.713388427999973 ], [ -72.984269127999937, -36.713332342999934 ], [ -72.981490486999974, -36.712328947999936 ], [ -72.983729049999965, -36.707542382999975 ], [ -72.983506556999941, -36.707459473999961 ], [ -72.981364626999948, -36.712293568999939 ], [ -72.978447974999938, -36.710924936999959 ], [ -72.977708009999958, -36.710318299999983 ], [ -72.976829460999966, -36.709152824999933 ], [ -72.976794825999946, -36.708245321999982 ], [ -72.977430761999983, -36.707421775999933 ], [ -72.977501596999957, -36.70708966899997 ], [ -72.97738249799994, -36.706683760999965 ], [ -72.977476817999957, -36.706245696999929 ], [ -72.976992967999934, -36.705184363999933 ], [ -72.977006307999943, -36.704436489999978 ], [ -72.977370213999961, -36.702732859999969 ], [ -72.977774598999986, -36.702683038999965 ], [ -72.977368798999976, -36.701902893999943 ], [ -72.977368933999969, -36.702337605999958 ], [ -72.977232654999966, -36.702390901999934 ], [ -72.976556353999968, -36.702108826999961 ], [ -72.976221015999954, -36.701656311999955 ], [ -72.975578234999944, -36.701909672999932 ], [ -72.97514651399996, -36.702344428999936 ], [ -72.975081875999933, -36.703007515999957 ], [ -72.97434663599995, -36.703506086999937 ], [ -72.974603870999943, -36.703689471999951 ], [ -72.974431311999979, -36.703886869999963 ], [ -72.973653274999947, -36.702617137999937 ], [ -72.970965079999985, -36.701523983999948 ], [ -72.96927164799996, -36.702519950999942 ], [ -72.968847517999961, -36.703465113999982 ] ] ] } },
{ "type": "Feature", "properties": { "CUT": 8107, "COMUNA": "PENCO", "AREA_C": "URBANO", "DISTRITO": "LIRQUÉN", "LOCALIDAD": "GRAN CONCEPCIÓN", "n_per": 4071.0, "n_hombres": 1949.0, "n_mujeres": 2122.0, "n_edad_60_mas": 736.0, "n_asistencia_basica": 422.0, "n_asistencia_media": 211.0, "n_asistencia_superior": 199.0, "n_transporte_auto": 353.0, "n_transporte_publico": 932.0, "n_transporte_camina": 138.0, "n_transporte_bicicleta": 4.0 }, "geometry": { "type": "Polygon", "coordinates": [ [ [ -72.970479419999947, -36.703752836999968 ], [ -72.968878804999974, -36.703730034999978 ], [ -72.969092502999956, -36.704379488999962 ], [ -72.970949791999942, -36.706529384999953 ], [ -72.97149355099998, -36.707660085999976 ], [ -72.972638850999942, -36.708370297999977 ], [ -72.972552958999984, -36.709073107999984 ], [ -72.97182677099994, -36.709115864999944 ], [ -72.970977076999986, -36.708660103999932 ], [ -72.970576522999977, -36.709269852999967 ], [ -72.970105047999937, -36.709278307999966 ], [ -72.969258628999967, -36.708283754999968 ], [ -72.969141655999977, -36.707874187999948 ], [ -72.968531178999967, -36.707486278999966 ], [ -72.967023463999965, -36.70821744899996 ], [ -72.966477343999941, -36.708817532999944 ], [ -72.965362668999944, -36.708902312999953 ], [ -72.964878147999968, -36.709405431999983 ], [ -72.963998540999967, -36.708848898999975 ], [ -72.962849160999951, -36.709015545999932 ], [ -72.961811734999969, -36.708685309999964 ], [ -72.961128714999973, -36.708788289999973 ], [ -72.96386684099997, -36.711791325999968 ], [ -72.962342715999966, -36.712540671999932 ], [ -72.962896625999974, -36.713211504999947 ], [ -72.964472956999941, -36.712446415999977 ], [ -72.965626739999948, -36.713751036999952 ], [ -72.967044174999955, -36.713388172999942 ], [ -72.968315598999936, -36.713508998999941 ], [ -72.968285525999988, -36.71376562699993 ], [ -72.968486848999987, -36.714088144999948 ], [ -72.968972537999946, -36.714368592999961 ], [ -72.969186928999989, -36.714681947999964 ], [ -72.969305514999974, -36.715266916999951 ], [ -72.969930810999983, -36.715383480999947 ], [ -72.969625018999977, -36.716370259999962 ], [ -72.970613725999954, -36.716206921999969 ], [ -72.971150811999962, -36.715260677999936 ], [ -72.974128884999971, -36.714518349999935 ], [ -72.973781277999933, -36.711301330999959 ], [ -72.973178885999971, -36.709995452999976 ], [ -72.973552856999959, -36.709418427999935 ], [ -72.97324537999998, -36.70910990699997 ], [ -72.97330395399996, -36.708438290999936 ], [ -72.974004875999981, -36.707057679999934 ], [ -72.974171183999943, -36.706186224999954 ], [ -72.973910614999966, -36.705771685999935 ], [ -72.973488844999963, -36.705687891999958 ], [ -72.972967568999934, -36.70494443399997 ], [ -72.972519929999976, -36.704860194999981 ], [ -72.972399524999958, -36.704303828999969 ], [ -72.971684601999982, -36.704034767999929 ], [ -72.970877146999953, -36.703480207999974 ], [ -72.970479419999947, -36.703752836999968 ] ] ] } },
{ "type": "Feature", "properties": { "CUT": 8107, "COMUNA": "PENCO", "AREA_C": "URBANO", "DISTRITO": "LIRQUÉN", "LOCALIDAD": "GRAN CONCEPCIÓN", "n_per": 3279.0, "n_hombres": 1597.0, "n_mujeres": 1682.0, "n_edad_60_mas": 892.0, "n_asistencia_basica": 295.0, "n_asistencia_media": 126.0, "n_asistencia_superior": 141.0, "n_transporte_auto": 337.0, "n_transporte_publico": 583.0, "n_transporte_camina": 104.0, "n_transporte_bicicleta": 14.0 }, "geometry": { "type": "Polygon", "coordinates": [ [ [ -72.970613725999954, -36.716206921999969 ], [ -72.969193707999978, -36.716430558999946 ], [ -72.968747610999969, -36.71581268999995 ], [ -72.968053094999959, -36.715737721999972 ], [ -72.967834365999977, -36.716029099999957 ], [ -72.96793465199994, -36.717426347999947 ], [ -72.968608762999963, -36.718248805999963 ], [ -72.969020856999975, -36.718437881999932 ], [ -72.969524221999961, -36.718432750999966 ], [ -72.969865904999949, -36.718994580999947 ], [ -72.970375735999937, -36.720556645999977 ], [ -72.971032320999939, -36.72123189499996 ], [ -72.971276867999961, -36.722385699999961 ], [ -72.971183243999974, -36.722640025999965 ], [ -72.972268002999954, -36.724183343999982 ], [ -72.972129697999947, -36.724547472999973 ], [ -72.972319001999949, -36.724879681999937 ], [ -72.972562, -36.725059580999982 ], [ -72.972895826999945, -36.72577731399997 ], [ -72.973564966999959, -36.726464704999955 ], [ -72.973683512999969, -36.727093142999934 ], [ -72.97454374199998, -36.727551655999946 ], [ -72.975721445999966, -36.727066718999936 ], [ -72.977792531999967, -36.72823720699995 ], [ -72.979406693999977, -36.729412297999943 ], [ -72.979968246999988, -36.728460512999959 ], [ -72.979878548999977, -36.727063843999929 ], [ -72.978138495999985, -36.721582471999966 ], [ -72.977585638999983, -36.720975693999947 ], [ -72.975380906999987, -36.720158382999955 ], [ -72.974817602999963, -36.719612226999971 ], [ -72.974128884999971, -36.714518349999935 ], [ -72.971150811999962, -36.715260677999936 ], [ -72.970613725999954, -36.716206921999969 ] ] ] } },
{ "type": "Feature", "properties": { "CUT": 8107, "COMUNA": "PENCO", "AREA_C": "URBANO", "DISTRITO": "FÁBRICA", "LOCALIDAD": "GRAN CONCEPCIÓN", "n_per": 2626.0, "n_hombres": 1281.0, "n_mujeres": 1345.0, "n_edad_60_mas": 643.0, "n_asistencia_basica": 226.0, "n_asistencia_media": 112.0, "n_asistencia_superior": 101.0, "n_transporte_auto": 218.0, "n_transporte_publico": 568.0, "n_transporte_camina": 161.0, "n_transporte_bicicleta": 10.0 }, "geometry": { "type": "Polygon", "coordinates": [ [ [ -72.984024673999954, -36.720698159999984 ], [ -72.986713325999972, -36.723934375999931 ], [ -72.986381282999957, -36.72550156799997 ], [ -72.986643905999983, -36.726163979999967 ], [ -72.986652036999942, -36.726790537999932 ], [ -72.986989264999977, -36.72802655199996 ], [ -72.990423641999939, -36.727002621999929 ], [ -72.990438024999946, -36.727687819999971 ], [ -72.990654659999961, -36.728333402999965 ], [ -72.991076487999976, -36.729240318999985 ], [ -72.991463191999969, -36.729306616999963 ], [ -72.991500354999971, -36.729030976999979 ], [ -72.990990200999988, -36.728279130999965 ], [ -72.990970760999971, -36.727396674999966 ], [ -72.991637125999944, -36.726690920999943 ], [ -72.991963007999971, -36.726693356999931 ], [ -72.992297006999934, -36.726483035999934 ], [ -72.992019048999964, -36.725465976999942 ], [ -72.992333862999942, -36.724844146999942 ], [ -72.99200928099998, -36.723932205999972 ], [ -72.99007372899996, -36.723381983999957 ], [ -72.986642186999973, -36.721656891999942 ], [ -72.985670140999957, -36.721024446999934 ], [ -72.984879041999989, -36.720197893999966 ], [ -72.984024673999954, -36.720698159999984 ] ] ] } },
{ "type": "Feature", "properties": { "CUT": 8107, "COMUNA": "PENCO", "AREA_C": "URBANO", "DISTRITO": "FÁBRICA", "LOCALIDAD": "GRAN CONCEPCIÓN", "n_per": 3364.0, "n_hombres": 1618.0, "n_mujeres": 1746.0, "n_edad_60_mas": 769.0, "n_asistencia_basica": 351.0, "n_asistencia_media": 160.0, "n_asistencia_superior": 159.0, "n_transporte_auto": 257.0, "n_transporte_publico": 742.0, "n_transporte_camina": 70.0, "n_transporte_bicicleta": 8.0 }, "geometry": { "type": "Polygon", "coordinates": [ [ [ -72.983311183999945, -36.726788035999959 ], [ -72.982297624999944, -36.72709082199998 ], [ -72.980213388999971, -36.72576205799993 ], [ -72.979521661999968, -36.725881004999962 ], [ -72.980295975999979, -36.728298354999936 ], [ -72.980799137999952, -36.728926023999975 ], [ -72.982917985999961, -36.730742687999964 ], [ -72.984422249999966, -36.729821792999985 ], [ -72.985077075999982, -36.729134358999943 ], [ -72.985654696999973, -36.728026496999973 ], [ -72.986989264999977, -36.72802655199996 ], [ -72.986652036999942, -36.726790537999932 ], [ -72.986643905999983, -36.726163979999967 ], [ -72.986381282999957, -36.72550156799997 ], [ -72.986713325999972, -36.723934375999931 ], [ -72.985805629999959, -36.722972621999929 ], [ -72.983396067999934, -36.724639816999968 ], [ -72.98318992999998, -36.725136557999974 ], [ -72.983238773999972, -36.725570020999953 ], [ -72.983701139999937, -36.726005986999951 ], [ -72.983311183999945, -36.726788035999959 ] ] ] } },
{ "type": "Feature", "properties": { "CUT": 8107, "COMUNA": "PENCO", "AREA_C": "URBANO", "DISTRITO": "FÁBRICA", "LOCALIDAD": "GRAN CONCEPCIÓN", "n_per": 2915.0, "n_hombres": 1380.0, "n_mujeres": 1535.0, "n_edad_60_mas": 915.0, "n_asistencia_basica": 208.0, "n_asistencia_media": 115.0, "n_asistencia_superior": 150.0, "n_transporte_auto": 270.0, "n_transporte_publico": 534.0, "n_transporte_camina": 163.0, "n_transporte_bicicleta": 12.0 }, "geometry": { "type": "Polygon", "coordinates": [ [ [ -72.990423641999939, -36.727002621999929 ], [ -72.986989264999977, -36.72802655199996 ], [ -72.987829412999986, -36.73055996599993 ], [ -72.987760135999963, -36.731664592999948 ], [ -72.987374629999977, -36.731471920999979 ], [ -72.986887158999934, -36.732418779999932 ], [ -72.986441841999977, -36.732614041999966 ], [ -72.987015043999975, -36.734489481999958 ], [ -72.992561097999953, -36.736525547999975 ], [ -72.993848622999963, -36.734082292999972 ], [ -72.993044673999975, -36.733091818999981 ], [ -72.992081643999938, -36.732382720999965 ], [ -72.991673368999955, -36.73171660099996 ], [ -72.991493180999953, -36.731016744999977 ], [ -72.991680457999962, -36.73004341099994 ], [ -72.991867753999941, -36.729885865999961 ], [ -72.99211979599994, -36.729985299999953 ], [ -72.991818692999971, -36.729542624999965 ], [ -72.991076487999976, -36.729240318999985 ], [ -72.990508520999981, -36.727977434999957 ], [ -72.990423641999939, -36.727002621999929 ] ] ] } },
{ "type": "Feature", "properties": { "CUT": 8107, "COMUNA": "PENCO", "AREA_C": "URBANO", "DISTRITO": "FÁBRICA", "LOCALIDAD": "GRAN CONCEPCIÓN", "n_per": 2293.0, "n_hombres": 1106.0, "n_mujeres": 1187.0, "n_edad_60_mas": 590.0, "n_asistencia_basica": 214.0, "n_asistencia_media": 75.0, "n_asistencia_superior": 116.0, "n_transporte_auto": 248.0, "n_transporte_publico": 347.0, "n_transporte_camina": 156.0, "n_transporte_bicicleta": 5.0 }, "geometry": { "type": "Polygon", "coordinates": [ [ [ -72.98684998799996, -36.740129051999929 ], [ -72.986463956999955, -36.739165290999949 ], [ -72.986846661999948, -36.739218791999974 ], [ -72.987136678999946, -36.73958152299997 ], [ -72.988913026999967, -36.739673492999941 ], [ -72.989613790999954, -36.740063267999972 ], [ -72.989068864999979, -36.740280349999978 ], [ -72.990329233999944, -36.740656350999984 ], [ -72.992561097999953, -36.736525547999975 ], [ -72.987126133999936, -36.734604026999932 ], [ -72.986468104999972, -36.732975015999955 ], [ -72.986098919999961, -36.732693862999952 ], [ -72.983264265999935, -36.731548374999932 ], [ -72.982282975999965, -36.73020155699993 ], [ -72.980520275999936, -36.728589568999951 ], [ -72.979786583999953, -36.727096183999947 ], [ -72.980018413999971, -36.728058293999936 ], [ -72.979968246999988, -36.728460512999959 ], [ -72.979381544999967, -36.729428673999962 ], [ -72.979751022999949, -36.729658918999974 ], [ -72.980066301999955, -36.730509575999974 ], [ -72.980482785999982, -36.730870422999942 ], [ -72.981039332999956, -36.731113574999938 ], [ -72.981161216999965, -36.73134528099996 ], [ -72.981533703999958, -36.731273126999952 ], [ -72.982360737999954, -36.733018995999942 ], [ -72.984906768999963, -36.736401470999965 ], [ -72.983481882999968, -36.73670195699998 ], [ -72.982003979999945, -36.736690410999984 ], [ -72.980515972999967, -36.73633536799997 ], [ -72.978979700999957, -36.736516421999966 ], [ -72.978863913999987, -36.736181046999945 ], [ -72.979221795999933, -36.735718357999929 ], [ -72.979453165999985, -36.734902084999931 ], [ -72.979309778999948, -36.734124511999937 ], [ -72.97880792899997, -36.73345749899994 ], [ -72.977179406999937, -36.734307711999975 ], [ -72.975938757999984, -36.735366180999961 ], [ -72.975455734999969, -36.736488049999934 ], [ -72.97543587499996, -36.737190742999985 ], [ -72.974962021999943, -36.738382427999966 ], [ -72.974975567999934, -36.738785933999964 ], [ -72.975756874999945, -36.738459119999959 ], [ -72.978650124999945, -36.73844330999998 ], [ -72.979253547999974, -36.738377797999931 ], [ -72.979264210999986, -36.738196572999982 ], [ -72.980357923999975, -36.738818178999963 ], [ -72.981234843999971, -36.738717330999975 ], [ -72.98303942299998, -36.739658830999929 ], [ -72.983694989999947, -36.739573453999981 ], [ -72.984904682999968, -36.739908200999935 ], [ -72.985796530999949, -36.739850738999962 ], [ -72.98684998799996, -36.740129051999929 ] ] ] } },
{ "type": "Feature", "properties": { "CUT": 8107, "COMUNA": "PENCO", "AREA_C": "URBANO", "DISTRITO": "FÁBRICA", "LOCALIDAD": "GRAN CONCEPCIÓN", "n_per": 1411.0, "n_hombres": 661.0, "n_mujeres": 750.0, "n_edad_60_mas": 385.0, "n_asistencia_basica": 129.0, "n_asistencia_media": 46.0, "n_asistencia_superior": 73.0, "n_transporte_auto": 127.0, "n_transporte_publico": 293.0, "n_transporte_camina": 27.0, "n_transporte_bicicleta": 3.0 }, "geometry": { "type": "Polygon", "coordinates": [ [ [ -72.984422249999966, -36.729821792999985 ], [ -72.982917985999961, -36.730742687999964 ], [ -72.982369224999957, -36.730306776999953 ], [ -72.983264265999935, -36.731548374999932 ], [ -72.986098919999961, -36.732693862999952 ], [ -72.986525297999947, -36.733099293999942 ], [ -72.986643795999953, -36.732979511999929 ], [ -72.986441841999977, -36.732614041999966 ], [ -72.986887158999934, -36.732418779999932 ], [ -72.987374629999977, -36.731471920999979 ], [ -72.987760135999963, -36.731664592999948 ], [ -72.98775907299995, -36.730198245999929 ], [ -72.986958838999954, -36.728012517999957 ], [ -72.985654696999973, -36.728026496999973 ], [ -72.985077075999982, -36.729134358999943 ], [ -72.984422249999966, -36.729821792999985 ] ] ] } },
{ "type": "Feature", "properties": { "CUT": 8107, "COMUNA": "PENCO", "AREA_C": "URBANO", "DISTRITO": "PENCO", "LOCALIDAD": "GRAN CONCEPCIÓN", "n_per": 2350.0, "n_hombres": 1100.0, "n_mujeres": 1250.0, "n_edad_60_mas": 788.0, "n_asistencia_basica": 168.0, "n_asistencia_media": 72.0, "n_asistencia_superior": 116.0, "n_transporte_auto": 249.0, "n_transporte_publico": 362.0, "n_transporte_camina": 182.0, "n_transporte_bicicleta": 7.0 }, "geometry": { "type": "Polygon", "coordinates": [ [ [ -72.993848622999963, -36.734082292999972 ], [ -72.990329159999987, -36.740656486999967 ], [ -72.996935692999955, -36.742980662999969 ], [ -72.997093203999952, -36.743249204999984 ], [ -72.998147463999942, -36.740928014999952 ], [ -72.999948177999954, -36.741557683999929 ], [ -73.000050334999969, -36.741451242999972 ], [ -73.000015102999953, -36.740004023999973 ], [ -73.001155620999953, -36.737562957999955 ], [ -73.004801550999957, -36.737969265999936 ], [ -73.004925069999956, -36.73745465199994 ], [ -73.007815896999944, -36.737556779999977 ], [ -73.008149657999979, -36.737779414999977 ], [ -73.008112571999959, -36.737314522999952 ], [ -73.002043391999962, -36.736871028999929 ], [ -72.998559656999987, -36.736357120999969 ], [ -72.995761724999966, -36.735495759999935 ], [ -72.996306381999943, -36.735458155999936 ], [ -72.995170856999948, -36.735049742999934 ], [ -72.993848622999963, -36.734082292999972 ] ] ] } },
{ "type": "Feature", "properties": { "CUT": 8107, "COMUNA": "PENCO", "AREA_C": "URBANO", "DISTRITO": "PENCO", "LOCALIDAD": "GRAN CONCEPCIÓN", "n_per": 5907.0, "n_hombres": 2803.0, "n_mujeres": 3104.0, "n_edad_60_mas": 1159.0, "n_asistencia_basica": 639.0, "n_asistencia_media": 317.0, "n_asistencia_superior": 300.0, "n_transporte_auto": 682.0, "n_transporte_publico": 1240.0, "n_transporte_camina": 216.0, "n_transporte_bicicleta": 6.0 }, "geometry": { "type": "Polygon", "coordinates": [ [ [ -73.008161317999964, -36.737328250999951 ], [ -73.008149657999979, -36.737779414999977 ], [ -73.007815896999944, -36.737556779999977 ], [ -73.004925069999956, -36.73745465199994 ], [ -73.004801550999957, -36.737969265999936 ], [ -73.001155620999953, -36.737562957999955 ], [ -73.000015102999953, -36.740004023999973 ], [ -73.00008672499996, -36.741316654999935 ], [ -72.999948177999954, -36.741557683999929 ], [ -73.000742596999942, -36.742071272999965 ], [ -73.00248966099997, -36.744232255999975 ], [ -73.002444147999938, -36.745069722999972 ], [ -73.001521245999982, -36.747015812999962 ], [ -73.00178012899994, -36.747055608999972 ], [ -73.002068464999979, -36.747634102999939 ], [ -73.002998743999967, -36.748038372999929 ], [ -73.003132512999969, -36.748389006999957 ], [ -73.005235945999971, -36.748415895999983 ], [ -73.005385026999988, -36.74907934099997 ], [ -73.007700057999955, -36.749097400999972 ], [ -73.007717757999956, -36.749435174999974 ], [ -73.008768412999984, -36.749499138999965 ], [ -73.008911271999978, -36.749648768999975 ], [ -73.00888787599996, -36.750068461999945 ], [ -73.009833692999962, -36.750020756999959 ], [ -73.009809246999964, -36.746783740999945 ], [ -73.009434857999963, -36.745469125999932 ], [ -73.009010083999954, -36.742872405999947 ], [ -73.009441098999957, -36.74291666299996 ], [ -73.011743306999961, -36.741838452999957 ], [ -73.011971720999952, -36.740893004999975 ], [ -73.011136711999939, -36.74039158599993 ], [ -73.010826896999959, -36.738495340999975 ], [ -73.008776538999939, -36.738086450999958 ], [ -73.008479773999966, -36.737882806999949 ], [ -73.008466512999973, -36.737496919999955 ], [ -73.008161317999964, -36.737328250999951 ] ] ] } },
{ "type": "Feature", "properties": { "CUT": 8107, "COMUNA": "PENCO", "AREA_C": "URBANO", "DISTRITO": "PENCO", "LOCALIDAD": "GRAN CONCEPCIÓN", "n_per": 9568.0, "n_hombres": 4473.0, "n_mujeres": 5095.0, "n_edad_60_mas": 1756.0, "n_asistencia_basica": 1094.0, "n_asistencia_media": 516.0, "n_asistencia_superior": 492.0, "n_transporte_auto": 1233.0, "n_transporte_publico": 1972.0, "n_transporte_camina": 300.0, "n_transporte_bicicleta": 17.0 }, "geometry": { "type": "Polygon", "coordinates": [ [ [ -72.998147463999942, -36.740928014999952 ], [ -72.997093203999952, -36.743249204999984 ], [ -72.996935692999955, -36.742980662999969 ], [ -72.991607895999948, -36.741115223999941 ], [ -72.991286652999975, -36.741704673999948 ], [ -72.991048934999981, -36.742714647999946 ], [ -72.991814584999986, -36.744061534999958 ], [ -72.992035864999934, -36.744998138999961 ], [ -72.994584887999963, -36.749151172999973 ], [ -72.996256519999974, -36.750927910999962 ], [ -72.996708284999954, -36.751160850999952 ], [ -72.99801492499995, -36.751119756999969 ], [ -72.99957631999996, -36.75186257799993 ], [ -73.00010057999998, -36.751764177999974 ], [ -73.001949782999986, -36.75596496299994 ], [ -73.004662861999975, -36.758049974999949 ], [ -73.007264869999972, -36.761144576999982 ], [ -73.00770578099997, -36.760643842999968 ], [ -73.008619046999968, -36.76154581399993 ], [ -73.009329718999936, -36.761354912999934 ], [ -73.009642302999964, -36.760769761999939 ], [ -73.006841154999961, -36.757343123999931 ], [ -73.005446090999953, -36.756155987999932 ], [ -73.00640617199997, -36.755384991999961 ], [ -73.009833655999955, -36.75533454899994 ], [ -73.009833692999962, -36.750020756999959 ], [ -73.00888787599996, -36.750068461999945 ], [ -73.008911271999978, -36.749648768999975 ], [ -73.008768412999984, -36.749499138999965 ], [ -73.007717757999956, -36.749435174999974 ], [ -73.007700057999955, -36.749097400999972 ], [ -73.005385026999988, -36.74907934099997 ], [ -73.005235945999971, -36.748415895999983 ], [ -73.003132512999969, -36.748389006999957 ], [ -73.002998743999967, -36.748038372999929 ], [ -73.002068464999979, -36.747634102999939 ], [ -73.00178012899994, -36.747055608999972 ], [ -73.001521245999982, -36.747015812999962 ], [ -73.002444147999938, -36.745069722999972 ], [ -73.00248966099997, -36.744232255999975 ], [ -73.000439664999988, -36.741795783999976 ], [ -72.998147463999942, -36.740928014999952 ] ] ] } },
{ "type": "Feature", "properties": { "CUT": 8107, "COMUNA": "PENCO", "AREA_C": "URBANO", "DISTRITO": "MARGARITAS", "LOCALIDAD": "GRAN CONCEPCIÓN", "n_per": 2346.0, "n_hombres": 1091.0, "n_mujeres": 1255.0, "n_edad_60_mas": 542.0, "n_asistencia_basica": 231.0, "n_asistencia_media": 115.0, "n_asistencia_superior": 138.0, "n_transporte_auto": 388.0, "n_transporte_publico": 365.0, "n_transporte_camina": 99.0, "n_transporte_bicicleta": 5.0 }, "geometry": { "type": "Polygon", "coordinates": [ [ [ -72.986463956999955, -36.739165290999949 ], [ -72.986873302999982, -36.740175854999961 ], [ -72.987946372999943, -36.741568871999959 ], [ -72.98840731599995, -36.742684238999971 ], [ -72.987767854999959, -36.742752734999954 ], [ -72.986713721999934, -36.743826608999939 ], [ -72.987446233999947, -36.744412850999936 ], [ -72.98748793599998, -36.744702812999947 ], [ -72.988419758999953, -36.744026196999982 ], [ -72.989180037999972, -36.743761951999943 ], [ -72.989562028999956, -36.744463912999947 ], [ -72.989894818999971, -36.746403072999954 ], [ -72.990195111999981, -36.747198410999943 ], [ -72.990623580999966, -36.747682809999958 ], [ -72.992032011999981, -36.748678154999936 ], [ -72.992510890999938, -36.749384835999933 ], [ -72.992602060999957, -36.751473887999964 ], [ -72.994010432999971, -36.753722622999931 ], [ -72.994113830999936, -36.754076020999946 ], [ -72.993950462999976, -36.754664155999933 ], [ -72.994138615999987, -36.755116287999954 ], [ -72.994815856999935, -36.755584514999953 ], [ -72.996184037999967, -36.755756419999955 ], [ -73.00121405699997, -36.75444108399995 ], [ -73.00010057999998, -36.751764177999974 ], [ -72.99957631999996, -36.75186257799993 ], [ -72.997862619999978, -36.751081140999929 ], [ -72.996563208999987, -36.751140380999971 ], [ -72.994584887999963, -36.749151172999973 ], [ -72.992035864999934, -36.744998138999961 ], [ -72.991814584999986, -36.744061534999958 ], [ -72.991048934999981, -36.742714647999946 ], [ -72.991286652999975, -36.741704673999948 ], [ -72.991607895999948, -36.741115223999941 ], [ -72.989068864999979, -36.740280349999978 ], [ -72.989613790999954, -36.740063267999972 ], [ -72.988913026999967, -36.739673492999941 ], [ -72.987136678999946, -36.73958152299997 ], [ -72.986846661999948, -36.739218791999974 ], [ -72.986463956999955, -36.739165290999949 ] ] ] } },
{ "type": "Feature", "properties": { "CUT": 8107, "COMUNA": "PENCO", "AREA_C": "URBANO", "DISTRITO": "ANDALIÉN", "LOCALIDAD": "GRAN CONCEPCIÓN", "n_per": 2099.0, "n_hombres": 1020.0, "n_mujeres": 1079.0, "n_edad_60_mas": 388.0, "n_asistencia_basica": 188.0, "n_asistencia_media": 94.0, "n_asistencia_superior": 91.0, "n_transporte_auto": 331.0, "n_transporte_publico": 492.0, "n_transporte_camina": 27.0, "n_transporte_bicicleta": 10.0 }, "geometry": { "type": "Polygon", "coordinates": [ [ [ -72.998752212999989, -36.755199881999943 ], [ -72.999566305999963, -36.755269755999961 ], [ -73.001171936999981, -36.755884291999962 ], [ -73.001080900999966, -36.756179952999958 ], [ -73.001447599999949, -36.756823066999971 ], [ -73.00223155599997, -36.757586194999931 ], [ -73.003013329999987, -36.757992084999955 ], [ -73.001955095999961, -36.758588472999975 ], [ -73.001781004999941, -36.759229529999971 ], [ -73.001902782999935, -36.759406573999968 ], [ -73.002775332999988, -36.759547334999979 ], [ -73.003207461999978, -36.759772577999968 ], [ -73.003433315999985, -36.760241667999935 ], [ -73.003437403999953, -36.76077543599996 ], [ -73.003829307999979, -36.761390227999982 ], [ -73.004754142999957, -36.761415117999945 ], [ -73.005469819999973, -36.760627773999943 ], [ -73.005916185999979, -36.761261677999983 ], [ -73.006033868999964, -36.762475929999937 ], [ -73.006385070999954, -36.762864879999938 ], [ -73.00659455899995, -36.763481290999948 ], [ -73.007807054999944, -36.763278892999949 ], [ -73.009097507999968, -36.76427285099993 ], [ -73.007933433999938, -36.764858450999952 ], [ -73.008190942999988, -36.765954415999943 ], [ -73.007484657999953, -36.766236182999933 ], [ -73.011047172999952, -36.771146890999944 ], [ -73.010352449999971, -36.771650872999942 ], [ -73.01031001299998, -36.771859669999969 ], [ -73.010693836999963, -36.773301309999965 ], [ -73.010919314999967, -36.773193588999959 ], [ -73.011293260999935, -36.772313820999955 ], [ -73.013106315999948, -36.771092005999947 ], [ -73.014142405999962, -36.770733744999973 ], [ -73.01561255699994, -36.773467048999976 ], [ -73.016743030999976, -36.772921068999949 ], [ -73.015893171999949, -36.771234486999958 ], [ -73.015469051999958, -36.769438013999945 ], [ -73.015793676999976, -36.767058076999945 ], [ -73.014191425999968, -36.766237358999945 ], [ -73.014211474999968, -36.765835741999979 ], [ -73.016686082999968, -36.764766293999969 ], [ -73.015122593999934, -36.762476891999938 ], [ -73.012122224999985, -36.763781686999948 ], [ -73.009642302999964, -36.760769761999939 ], [ -73.009329718999936, -36.761354912999934 ], [ -73.008771027999956, -36.761570891999952 ], [ -73.00770578099997, -36.760643842999968 ], [ -73.007264869999972, -36.761144576999982 ], [ -73.004662861999975, -36.758049974999949 ], [ -73.001949782999986, -36.75596496299994 ], [ -73.00121405699997, -36.75444108399995 ], [ -72.998752212999989, -36.755199881999943 ] ] ] } },
{ "type": "Feature", "properties": { "CUT": 8107, "COMUNA": "PENCO", "AREA_C": "URBANO", "DISTRITO": "ANDALIÉN", "LOCALIDAD": "GRAN CONCEPCIÓN", "n_per": 3241.0, "n_hombres": 1529.0, "n_mujeres": 1712.0, "n_edad_60_mas": 318.0, "n_asistencia_basica": 370.0, "n_asistencia_media": 193.0, "n_asistencia_superior": 171.0, "n_transporte_auto": 484.0, "n_transporte_publico": 685.0, "n_transporte_camina": 102.0, "n_transporte_bicicleta": 13.0 }, "geometry": { "type": "Polygon", "coordinates": [ [ [ -73.011435072999973, -36.772211839999954 ], [ -73.011968056999933, -36.772571152999944 ], [ -73.012242985999933, -36.773084069999982 ], [ -73.012458455999933, -36.772982669999976 ], [ -73.014001841999971, -36.775000643999931 ], [ -73.013162086999955, -36.77492532399998 ], [ -73.011801760999958, -36.775245173999963 ], [ -73.011711158999958, -36.776066257999958 ], [ -73.013757135999981, -36.775938733999965 ], [ -73.018146175999959, -36.782714795999937 ], [ -73.017652897999938, -36.783621414999971 ], [ -73.017933663999941, -36.784601601999952 ], [ -73.018230001999939, -36.784804857999973 ], [ -73.019129890999977, -36.784628472999941 ], [ -73.019567926999969, -36.784780405999982 ], [ -73.022855834999973, -36.786537495999937 ], [ -73.022954456999969, -36.786762490999934 ], [ -73.025266434999935, -36.786943288999964 ], [ -73.025408973999959, -36.78676539199995 ], [ -73.029160383999965, -36.78627989499995 ], [ -73.02899193199994, -36.784275984999965 ], [ -73.028560822999964, -36.783596630999966 ], [ -73.028503396999952, -36.781836474999977 ], [ -73.028203432999987, -36.781322073999945 ], [ -73.028165225999942, -36.780023533999952 ], [ -73.027960848999953, -36.779520540999954 ], [ -73.027359685999954, -36.77898689999995 ], [ -73.026939494999965, -36.778164230999948 ], [ -73.026891598999953, -36.777854461999937 ], [ -73.027130616999955, -36.777577034999979 ], [ -73.02690751199998, -36.77647146399994 ], [ -73.026796183999977, -36.776316030999965 ], [ -73.026430080999944, -36.776388280999981 ], [ -73.026150753999957, -36.775916578999954 ], [ -73.026263463999953, -36.775025597999957 ], [ -73.026046303999976, -36.774895447999938 ], [ -73.025749082999937, -36.774977490999959 ], [ -73.025268074999985, -36.774519563999945 ], [ -73.025118850999945, -36.774180310999952 ], [ -73.02540670999997, -36.773958169999958 ], [ -73.023809787999937, -36.772705219999978 ], [ -73.023555648999945, -36.771885297999972 ], [ -73.023792052999966, -36.77110507499998 ], [ -73.023286480999957, -36.770587423999984 ], [ -73.021843571999966, -36.769856066999978 ], [ -73.021285248999959, -36.769183731999931 ], [ -73.020858874999988, -36.768976671999951 ], [ -73.018718172999968, -36.768793683999945 ], [ -73.015622632999964, -36.76995117599995 ], [ -73.015893171999949, -36.771234486999958 ], [ -73.016744508999977, -36.772919336999962 ], [ -73.015999166999961, -36.773363828999948 ], [ -73.01561255699994, -36.773467048999976 ], [ -73.014142405999962, -36.770733744999973 ], [ -73.013106315999948, -36.771092005999947 ], [ -73.011435072999973, -36.772211839999954 ] ] ] } },
{ "type": "Feature", "properties": { "CUT": 8111, "COMUNA": "TOMÉ", "AREA_C": "URBANO", "DISTRITO": "EL MORRO", "LOCALIDAD": "TOMÉ", "n_per": 3958.0, "n_hombres": 1843.0, "n_mujeres": 2115.0, "n_edad_60_mas": 936.0, "n_asistencia_basica": 369.0, "n_asistencia_media": 207.0, "n_asistencia_superior": 197.0, "n_transporte_auto": 384.0, "n_transporte_publico": 645.0, "n_transporte_camina": 159.0, "n_transporte_bicicleta": 3.0 }, "geometry": { "type": "Polygon", "coordinates": [ [ [ -72.977033904999985, -36.59092001199997 ], [ -72.975928402999955, -36.590620894999972 ], [ -72.975267441999961, -36.591408360999935 ], [ -72.974986230999946, -36.59285549599997 ], [ -72.973098680999954, -36.592675172999975 ], [ -72.97190835899994, -36.592795525999975 ], [ -72.971589429999938, -36.592341689999955 ], [ -72.965593768999952, -36.59352458099994 ], [ -72.965775766999968, -36.595393963999982 ], [ -72.964480076999962, -36.59542190999997 ], [ -72.964537287999974, -36.59615970599998 ], [ -72.963480631999971, -36.597604185999955 ], [ -72.963472323999952, -36.598546375999945 ], [ -72.963048941999944, -36.601282581999953 ], [ -72.962732958999936, -36.601421220999953 ], [ -72.962837944999933, -36.603743569999949 ], [ -72.966728021999984, -36.608121729999937 ], [ -72.970491577999951, -36.604295118999971 ], [ -72.971100717999946, -36.602658343999963 ], [ -72.971063434999962, -36.60166243499998 ], [ -72.972197824999967, -36.600859808999985 ], [ -72.972546773999966, -36.600410250999971 ], [ -72.972711709999942, -36.598967870999957 ], [ -72.973093614999982, -36.598271115999978 ], [ -72.973267035999982, -36.596763772999964 ], [ -72.974371858999973, -36.595196431999966 ], [ -72.976574877999951, -36.594462199999953 ], [ -72.97661296299998, -36.594183826999938 ], [ -72.978313256999968, -36.595064175999937 ], [ -72.979047667999964, -36.59480276599993 ], [ -72.97902785499997, -36.594587022999974 ], [ -72.97875983199998, -36.594377326999961 ], [ -72.978994273999945, -36.593558141999949 ], [ -72.978644543999962, -36.593311157999949 ], [ -72.978945348999957, -36.59323932999996 ], [ -72.97893798299998, -36.593034054999976 ], [ -72.979080325999973, -36.593185202999962 ], [ -72.978876682999953, -36.592945826999937 ], [ -72.978960558999972, -36.592534385999954 ], [ -72.978370527999971, -36.59247821699995 ], [ -72.978358947999936, -36.592190811999956 ], [ -72.979423159999953, -36.59077025299996 ], [ -72.980205337999962, -36.590095744999985 ], [ -72.978183547999947, -36.590249204999964 ], [ -72.977706551999972, -36.590384286999949 ], [ -72.977033904999985, -36.59092001199997 ] ] ] } },
{ "type": "Feature", "properties": { "CUT": 8111, "COMUNA": "TOMÉ", "AREA_C": "URBANO", "DISTRITO": "EL MORRO", "LOCALIDAD": "TOMÉ", "n_per": 3272.0, "n_hombres": 1595.0, "n_mujeres": 1677.0, "n_edad_60_mas": 849.0, "n_asistencia_basica": 298.0, "n_asistencia_media": 142.0, "n_asistencia_superior": 134.0, "n_transporte_auto": 284.0, "n_transporte_publico": 489.0, "n_transporte_camina": 200.0, "n_transporte_bicicleta": 4.0 }, "geometry": { "type": "Polygon", "coordinates": [ [ [ -72.976574877999951, -36.594462199999953 ], [ -72.974371858999973, -36.595196431999966 ], [ -72.973267035999982, -36.596763772999964 ], [ -72.973093614999982, -36.598271115999978 ], [ -72.972711709999942, -36.598967870999957 ], [ -72.972546773999966, -36.600410250999971 ], [ -72.972197824999967, -36.600859808999985 ], [ -72.971063434999962, -36.60166243499998 ], [ -72.971100717999946, -36.602658343999963 ], [ -72.970491577999951, -36.604295118999971 ], [ -72.966728021999984, -36.608121729999937 ], [ -72.96561354399995, -36.608633755999961 ], [ -72.964771806999977, -36.60750915999995 ], [ -72.962997378999944, -36.608489530999975 ], [ -72.962296794999986, -36.607940622999934 ], [ -72.960059545999968, -36.609164006999947 ], [ -72.960274157999947, -36.609500602999958 ], [ -72.959998091999978, -36.609731608999937 ], [ -72.959365827999989, -36.609758935999935 ], [ -72.958956486999966, -36.610026172999937 ], [ -72.958940456999983, -36.611186414999963 ], [ -72.959569092999971, -36.612550969999972 ], [ -72.960742182999979, -36.613832804999959 ], [ -72.962212232999946, -36.614293330999942 ], [ -72.962555010999949, -36.615311296999948 ], [ -72.962878986999954, -36.615469592999943 ], [ -72.96296971299995, -36.616758840999978 ], [ -72.963835348999964, -36.616753876999951 ], [ -72.963905629999942, -36.61647211099995 ], [ -72.96421892799998, -36.616312753999978 ], [ -72.963978344999987, -36.615998221999973 ], [ -72.965022916999942, -36.614028964999932 ], [ -72.966491622999968, -36.612364687999957 ], [ -72.967862232999948, -36.611541285999976 ], [ -72.968548711999972, -36.611234128999968 ], [ -72.969120918999977, -36.611188980999941 ], [ -72.969517810999946, -36.611436480999942 ], [ -72.969507259999943, -36.611639024999931 ], [ -72.969975881999972, -36.611748373999944 ], [ -72.970245008999939, -36.61147421499993 ], [ -72.971235743999955, -36.611151108999934 ], [ -72.972000043999969, -36.611772293999934 ], [ -72.972360261999938, -36.612420383999961 ], [ -72.97263993699994, -36.612543399999936 ], [ -72.972590053999966, -36.612147661999984 ], [ -72.973319428999957, -36.611902445999931 ], [ -72.973672041999976, -36.611340396999935 ], [ -72.973899307999943, -36.611264017999929 ], [ -72.974060465999969, -36.611511716999985 ], [ -72.974021180999955, -36.611211186999981 ], [ -72.974681475999944, -36.611002797999959 ], [ -72.974782274999939, -36.611355054999933 ], [ -72.975140559999943, -36.611276677999967 ], [ -72.975942677999967, -36.61195549699994 ], [ -72.976757139999961, -36.612062247999972 ], [ -72.976741532999938, -36.612458982999954 ], [ -72.976936548999959, -36.612614337999958 ], [ -72.977053023999986, -36.612367134999943 ], [ -72.97687041599994, -36.61193746999993 ], [ -72.977004305999969, -36.611825711999984 ], [ -72.977261313999975, -36.611956232999944 ], [ -72.977709962999938, -36.611685651999949 ], [ -72.977771584999971, -36.61213437899994 ], [ -72.977938820999952, -36.612149887999976 ], [ -72.977921239999944, -36.611820163999937 ], [ -72.978265523999937, -36.611074240999983 ], [ -72.978002820999961, -36.611103569999955 ], [ -72.97834249899995, -36.610634201999972 ], [ -72.978678124999988, -36.609424119999971 ], [ -72.979238424999949, -36.609133777999944 ], [ -72.980178305999971, -36.608945654999957 ], [ -72.980147583999951, -36.608341272999951 ], [ -72.979165413999965, -36.607774893999931 ], [ -72.979401886999938, -36.607620652999969 ], [ -72.978942734999976, -36.607004837999966 ], [ -72.978610542999945, -36.605878937999933 ], [ -72.978459070999975, -36.605151734999936 ], [ -72.978826676999972, -36.604920590999939 ], [ -72.978419610999936, -36.604684634999956 ], [ -72.978330531999973, -36.603941830999929 ], [ -72.978101728999945, -36.60360478399997 ], [ -72.978111019999972, -36.602655421999941 ], [ -72.977851244999954, -36.601526582999952 ], [ -72.977964886999985, -36.601136921999966 ], [ -72.977670721999971, -36.600797764999982 ], [ -72.978151424999965, -36.600320754999984 ], [ -72.977498186999981, -36.599436272999981 ], [ -72.977037821999943, -36.597910136999928 ], [ -72.977126059999989, -36.597138749999942 ], [ -72.977446931999964, -36.596384690999969 ], [ -72.978288505999956, -36.595801579999943 ], [ -72.978184982999949, -36.595556926999961 ], [ -72.97842222099996, -36.595669270999963 ], [ -72.978567239999961, -36.595415705999983 ], [ -72.978158981999968, -36.595149468999978 ], [ -72.977553913999941, -36.595254390999969 ], [ -72.977714783999943, -36.59493914899997 ], [ -72.978313256999968, -36.595064175999937 ], [ -72.976750674999948, -36.594191832999968 ], [ -72.97661296299998, -36.594183826999938 ], [ -72.976574877999951, -36.594462199999953 ] ] ] } },
{ "type": "Feature", "properties": { "CUT": 8111, "COMUNA": "TOMÉ", "AREA_C": "URBANO", "DISTRITO": "RALIHUE", "LOCALIDAD": "TOMÉ", "n_per": 4245.0, "n_hombres": 1961.0, "n_mujeres": 2284.0, "n_edad_60_mas": 1105.0, "n_asistencia_basica": 385.0, "n_asistencia_media": 183.0, "n_asistencia_superior": 210.0, "n_transporte_auto": 351.0, "n_transporte_publico": 624.0, "n_transporte_camina": 216.0, "n_transporte_bicicleta": 6.0 }, "geometry": { "type": "Polygon", "coordinates": [ [ [ -72.941849847999947, -36.605744596999955 ], [ -72.94117158399996, -36.606249114999969 ], [ -72.941024523999943, -36.606608367999968 ], [ -72.940585182999939, -36.606977710999956 ], [ -72.940011037999966, -36.606955254999946 ], [ -72.938951023999948, -36.607382357999938 ], [ -72.938430733999951, -36.607327386999941 ], [ -72.937086622999971, -36.60780931499994 ], [ -72.936440823999988, -36.608486926999944 ], [ -72.935618389999945, -36.608866107999972 ], [ -72.935551843999974, -36.609160591999967 ], [ -72.934998116999964, -36.609134949999941 ], [ -72.934860244999982, -36.60930768399993 ], [ -72.935289574999956, -36.609950942999944 ], [ -72.936413754999933, -36.609591242999954 ], [ -72.937993172999938, -36.60950889399993 ], [ -72.941162649999967, -36.608208311999931 ], [ -72.941959341999961, -36.608084516999952 ], [ -72.941448753999964, -36.60934163099995 ], [ -72.94265246599997, -36.609437036999964 ], [ -72.942950945999939, -36.610115653999969 ], [ -72.944399690999944, -36.610811080999952 ], [ -72.945047474999967, -36.610580789999972 ], [ -72.945577988999958, -36.61079923099993 ], [ -72.945569869999986, -36.611416954999981 ], [ -72.945863237999959, -36.611640316999967 ], [ -72.94574892199995, -36.611949935999974 ], [ -72.945840431999954, -36.612504030999958 ], [ -72.946725335999986, -36.613811710999983 ], [ -72.947426180999969, -36.614113567999937 ], [ -72.947504955999989, -36.614512272999946 ], [ -72.94783812299994, -36.614665869999953 ], [ -72.948976555999934, -36.614684285999942 ], [ -72.949235896999937, -36.615357753999945 ], [ -72.948900891999983, -36.615887369999939 ], [ -72.950055673999941, -36.616908857999931 ], [ -72.950971028999959, -36.617016937999949 ], [ -72.952286222999987, -36.61663447899997 ], [ -72.953202730999976, -36.616783104999968 ], [ -72.953368169999976, -36.616107277999959 ], [ -72.955376330999968, -36.616427023999961 ], [ -72.955668966999951, -36.615927976999956 ], [ -72.955502438999986, -36.615288146999944 ], [ -72.952665730999968, -36.612201952999953 ], [ -72.952550296999959, -36.611943166999936 ], [ -72.952883042999986, -36.61141973499997 ], [ -72.952578078999977, -36.610979476999944 ], [ -72.951782368999943, -36.610412566999969 ], [ -72.951078193999933, -36.61054484899995 ], [ -72.950742100999946, -36.609921213999939 ], [ -72.950361399999963, -36.609593017999941 ], [ -72.948528205999935, -36.609575229999962 ], [ -72.948222185999953, -36.608926462999932 ], [ -72.947339833999933, -36.608762594999973 ], [ -72.947152906999975, -36.60826592799998 ], [ -72.946679519999975, -36.607919315999936 ], [ -72.945222946999934, -36.60781822499996 ], [ -72.945353276999981, -36.607196424999984 ], [ -72.944956950999938, -36.606583136999973 ], [ -72.944616427999961, -36.606339790999982 ], [ -72.943861487999982, -36.606197983999948 ], [ -72.943777918999956, -36.606003373999954 ], [ -72.943976984999949, -36.605756697999936 ], [ -72.943806470999959, -36.605641404999972 ], [ -72.943570414999954, -36.605794015999948 ], [ -72.943369440999959, -36.605706869999949 ], [ -72.94236439499997, -36.604531945999952 ], [ -72.94190716199995, -36.605112657999939 ], [ -72.941849847999947, -36.605744596999955 ] ] ] } },
{ "type": "Feature", "properties": { "CUT": 8111, "COMUNA": "TOMÉ", "AREA_C": "URBANO", "DISTRITO": "EL MORRO", "LOCALIDAD": "TOMÉ", "n_per": 1752.0, "n_hombres": 804.0, "n_mujeres": 948.0, "n_edad_60_mas": 583.0, "n_asistencia_basica": 130.0, "n_asistencia_media": 65.0, "n_asistencia_superior": 79.0, "n_transporte_auto": 138.0, "n_transporte_publico": 251.0, "n_transporte_camina": 88.0, "n_transporte_bicicleta": 5.0 }, "geometry": { "type": "Polygon", "coordinates": [ [ [ -72.955452528999956, -36.606812605999949 ], [ -72.955298951999964, -36.607876866999959 ], [ -72.954803431999949, -36.607976639999947 ], [ -72.954725117999942, -36.608145112999978 ], [ -72.956462697999939, -36.609133462999978 ], [ -72.957154828999933, -36.609920422999949 ], [ -72.957521023999959, -36.611472711999966 ], [ -72.958125252999935, -36.612707008999962 ], [ -72.95813267799997, -36.613222870999948 ], [ -72.95796840099996, -36.613252885999941 ], [ -72.95832385999995, -36.614857475999941 ], [ -72.959371149999981, -36.616501194999955 ], [ -72.959919156999945, -36.616601460999959 ], [ -72.961387142999968, -36.617851714999972 ], [ -72.961443319999944, -36.618165887999965 ], [ -72.961201838999955, -36.618333057999962 ], [ -72.96127746999997, -36.618620589999978 ], [ -72.962145326999973, -36.618742642999962 ], [ -72.962457319999942, -36.619267914999966 ], [ -72.963029314999972, -36.61955103799994 ], [ -72.963659507999978, -36.619478472999958 ], [ -72.963968301999955, -36.618926003999945 ], [ -72.963290083999937, -36.618461364999973 ], [ -72.96372433099998, -36.616828895999959 ], [ -72.96296971299995, -36.616758840999978 ], [ -72.962878986999954, -36.615469592999943 ], [ -72.962555010999949, -36.615311296999948 ], [ -72.962212232999946, -36.614293330999942 ], [ -72.961003755999968, -36.613973916999953 ], [ -72.960354332999941, -36.61355147699993 ], [ -72.959569092999971, -36.612550969999972 ], [ -72.958940456999983, -36.611186414999963 ], [ -72.958891205999976, -36.610294375999956 ], [ -72.959020463999934, -36.609955725999953 ], [ -72.959526683999968, -36.609716379999952 ], [ -72.959998091999978, -36.609731608999937 ], [ -72.960274157999947, -36.609500602999958 ], [ -72.960059545999968, -36.609164006999947 ], [ -72.962296794999986, -36.607940622999934 ], [ -72.960859488999972, -36.607611902999963 ], [ -72.960834591999969, -36.607211915999983 ], [ -72.960108008999953, -36.607178427999941 ], [ -72.958811598999944, -36.606784652999977 ], [ -72.957895320999967, -36.607024577999937 ], [ -72.957765475999963, -36.607487840999966 ], [ -72.957151485999987, -36.606825 ], [ -72.955452528999956, -36.606812605999949 ] ] ] } },
{ "type": "Feature", "properties": { "CUT": 8111, "COMUNA": "TOMÉ", "AREA_C": "URBANO", "DISTRITO": "RALIHUE", "LOCALIDAD": "TOMÉ", "n_per": 2241.0, "n_hombres": 1092.0, "n_mujeres": 1149.0, "n_edad_60_mas": 482.0, "n_asistencia_basica": 245.0, "n_asistencia_media": 121.0, "n_asistencia_superior": 99.0, "n_transporte_auto": 212.0, "n_transporte_publico": 409.0, "n_transporte_camina": 102.0, "n_transporte_bicicleta": 2.0 }, "geometry": { "type": "Polygon", "coordinates": [ [ [ -72.941162649999967, -36.608208311999931 ], [ -72.937993172999938, -36.60950889399993 ], [ -72.936413754999933, -36.609591242999954 ], [ -72.935289574999956, -36.609950942999944 ], [ -72.935732470999938, -36.610600354999974 ], [ -72.936859750999986, -36.610667835999948 ], [ -72.938159645999974, -36.611256199999957 ], [ -72.938633769999967, -36.611798894999936 ], [ -72.937571526999989, -36.611811693999982 ], [ -72.936662458999933, -36.612088522999954 ], [ -72.934936560999972, -36.612927888999934 ], [ -72.935961826999971, -36.614157570999964 ], [ -72.937212426999963, -36.614696139999978 ], [ -72.937449332999961, -36.616202617999932 ], [ -72.939925879999976, -36.616042386999936 ], [ -72.940396546999978, -36.615853043999948 ], [ -72.940432837999936, -36.616135837999934 ], [ -72.946327334999978, -36.617397962999974 ], [ -72.94922377599994, -36.617475738999929 ], [ -72.950971028999959, -36.617016937999949 ], [ -72.950055673999941, -36.616908857999931 ], [ -72.948927781999942, -36.615933143999939 ], [ -72.94923775999996, -36.615287434999971 ], [ -72.948915818999978, -36.61463196699998 ], [ -72.94783812299994, -36.614665869999953 ], [ -72.947504955999989, -36.614512272999946 ], [ -72.947426180999969, -36.614113567999937 ], [ -72.946725335999986, -36.613811710999983 ], [ -72.945840431999954, -36.612504030999958 ], [ -72.94574892199995, -36.611949935999974 ], [ -72.945863237999959, -36.611640316999967 ], [ -72.945569869999986, -36.611416954999981 ], [ -72.945577988999958, -36.61079923099993 ], [ -72.945047474999967, -36.610580789999972 ], [ -72.944399690999944, -36.610811080999952 ], [ -72.942950945999939, -36.610115653999969 ], [ -72.94265246599997, -36.609437036999964 ], [ -72.941448753999964, -36.60934163099995 ], [ -72.941959341999961, -36.608084516999952 ], [ -72.941162649999967, -36.608208311999931 ] ] ] } },
{ "type": "Feature", "properties": { "CUT": 8111, "COMUNA": "TOMÉ", "AREA_C": "URBANO", "DISTRITO": "RALIHUE", "LOCALIDAD": "TOMÉ", "n_per": 2547.0, "n_hombres": 1226.0, "n_mujeres": 1321.0, "n_edad_60_mas": 678.0, "n_asistencia_basica": 260.0, "n_asistencia_media": 116.0, "n_asistencia_superior": 101.0, "n_transporte_auto": 201.0, "n_transporte_publico": 349.0, "n_transporte_camina": 157.0, "n_transporte_bicicleta": 12.0 }, "geometry": { "type": "Polygon", "coordinates": [ [ [ -72.934239737999974, -36.61560660899994 ], [ -72.932691629999965, -36.616786901999944 ], [ -72.932467025999983, -36.617231223999966 ], [ -72.932036148999941, -36.616538046999949 ], [ -72.931923491999953, -36.615639176999935 ], [ -72.931305904999988, -36.615170575999969 ], [ -72.930338064999944, -36.614967749999948 ], [ -72.928954594999936, -36.615041478999956 ], [ -72.927966015999971, -36.615286684999944 ], [ -72.92874599299995, -36.615919787999928 ], [ -72.930446814999982, -36.616650731999982 ], [ -72.931478034999941, -36.620030498999938 ], [ -72.93319328299998, -36.620970188999934 ], [ -72.933775132999983, -36.621564556999942 ], [ -72.934215466999945, -36.622325649999937 ], [ -72.935722407999947, -36.623159708999935 ], [ -72.937207008999962, -36.623070961999929 ], [ -72.938257689999944, -36.623611419999975 ], [ -72.938717488999941, -36.623676613999976 ], [ -72.940069157999972, -36.623413825999933 ], [ -72.941909685999974, -36.623740373999965 ], [ -72.94402946699995, -36.62311396299998 ], [ -72.944568680999964, -36.622628030999977 ], [ -72.945637621999936, -36.622734261999938 ], [ -72.946327083999961, -36.622571171999937 ], [ -72.946859940999957, -36.622042979999947 ], [ -72.947203503999958, -36.620864997999945 ], [ -72.94786512099995, -36.620329169999934 ], [ -72.948382232999961, -36.619478754999932 ], [ -72.94988940099995, -36.619203020999976 ], [ -72.950827008999966, -36.618400143999963 ], [ -72.951761400999942, -36.617899763999958 ], [ -72.95296984099997, -36.617905371999939 ], [ -72.953202730999976, -36.616783104999968 ], [ -72.952286222999987, -36.61663447899997 ], [ -72.94922377599994, -36.617475738999929 ], [ -72.946741320999934, -36.617415586999982 ], [ -72.940432837999936, -36.616135837999934 ], [ -72.940396546999978, -36.615853043999948 ], [ -72.939925879999976, -36.616042386999936 ], [ -72.937449332999961, -36.616202617999932 ], [ -72.937212426999963, -36.614696139999978 ], [ -72.936908946999949, -36.614473183999962 ], [ -72.936273268999969, -36.614369203999956 ], [ -72.935737850999942, -36.613889523999944 ], [ -72.934385985999938, -36.614711735999947 ], [ -72.934983968999973, -36.615326308999954 ], [ -72.934239737999974, -36.61560660899994 ] ] ] } },
{ "type": "Feature", "properties": { "CUT": 8111, "COMUNA": "TOMÉ", "AREA_C": "URBANO", "DISTRITO": "EL PUERTO", "LOCALIDAD": "TOMÉ", "n_per": 3607.0, "n_hombres": 1669.0, "n_mujeres": 1938.0, "n_edad_60_mas": 1216.0, "n_asistencia_basica": 246.0, "n_asistencia_media": 132.0, "n_asistencia_superior": 178.0, "n_transporte_auto": 292.0, "n_transporte_publico": 469.0, "n_transporte_camina": 331.0, "n_transporte_bicicleta": 11.0 }, "geometry": { "type": "Polygon", "coordinates": [ [ [ -72.957138264999969, -36.616039349999937 ], [ -72.955668966999951, -36.615927976999956 ], [ -72.955376330999968, -36.616427023999961 ], [ -72.953368169999976, -36.616107277999959 ], [ -72.95296984099997, -36.617905371999939 ], [ -72.951761400999942, -36.617899763999958 ], [ -72.950827008999966, -36.618400143999963 ], [ -72.94988940099995, -36.619203020999976 ], [ -72.948382232999961, -36.619478754999932 ], [ -72.94786512099995, -36.620329169999934 ], [ -72.947203503999958, -36.620864997999945 ], [ -72.946859940999957, -36.622042979999947 ], [ -72.946412884999972, -36.622523099999967 ], [ -72.94578749599998, -36.622727509999947 ], [ -72.944568680999964, -36.622628030999977 ], [ -72.94402946699995, -36.62311396299998 ], [ -72.942599258999962, -36.623566752999977 ], [ -72.941909685999974, -36.623740373999965 ], [ -72.940991809999957, -36.62365319099996 ], [ -72.941641422999965, -36.624012278999942 ], [ -72.943104791999986, -36.624053681999953 ], [ -72.943614263999962, -36.623715144999949 ], [ -72.944867859999988, -36.62372570499997 ], [ -72.944873409999957, -36.623473178999973 ], [ -72.945628923999948, -36.623209924999969 ], [ -72.947192229999985, -36.623526868999932 ], [ -72.947871803999988, -36.623229912999932 ], [ -72.951446042999976, -36.623838415999955 ], [ -72.95116677599998, -36.624371418999942 ], [ -72.951118895999969, -36.625401654999962 ], [ -72.95068969099998, -36.626323063999962 ], [ -72.949687812999969, -36.627004463999981 ], [ -72.948739211999964, -36.628348126999981 ], [ -72.947983427999986, -36.62907144899998 ], [ -72.946863936999989, -36.62980459299996 ], [ -72.948638068999969, -36.631134815999928 ], [ -72.950137582999957, -36.630460060999951 ], [ -72.951520199999948, -36.629226818999939 ], [ -72.952502445999983, -36.627386246999947 ], [ -72.954377231999956, -36.627811848999954 ], [ -72.95532314999997, -36.627679997999962 ], [ -72.955637839999952, -36.628346654999973 ], [ -72.956704180999964, -36.629164369999955 ], [ -72.956354546999933, -36.628660202999981 ], [ -72.956301408999934, -36.626615328999947 ], [ -72.956600150999975, -36.625639598999953 ], [ -72.957345866999958, -36.625557786999934 ], [ -72.957784793999963, -36.625825249999934 ], [ -72.957381606999945, -36.625527421999948 ], [ -72.957356138999955, -36.625220743999932 ], [ -72.957854727999973, -36.623341608999965 ], [ -72.958022028999949, -36.621545212999933 ], [ -72.958219181999937, -36.621614394999938 ], [ -72.958287319999954, -36.621449002999952 ], [ -72.958102752999935, -36.62128955999998 ], [ -72.958294146999947, -36.620803440999964 ], [ -72.959057086999962, -36.61957416499996 ], [ -72.960065079999936, -36.620277399999964 ], [ -72.960504527999944, -36.620403453999984 ], [ -72.960285524999961, -36.620083239999929 ], [ -72.959109606999959, -36.619513156999972 ], [ -72.959435605999943, -36.619180126999936 ], [ -72.960392337999963, -36.619745117999969 ], [ -72.959509431999948, -36.619128505999981 ], [ -72.96041202899994, -36.618458525999984 ], [ -72.961201838999955, -36.618333057999962 ], [ -72.961457847999952, -36.618096206999951 ], [ -72.961387142999968, -36.617851714999972 ], [ -72.959962350999945, -36.616631299999938 ], [ -72.959371149999981, -36.616501194999955 ], [ -72.959152835999987, -36.616021995999972 ], [ -72.958393468999986, -36.616279135999946 ], [ -72.958061450999935, -36.615697199999943 ], [ -72.957138264999969, -36.616039349999937 ] ] ] } },
{ "type": "Feature", "properties": { "CUT": 8111, "COMUNA": "TOMÉ", "AREA_C": "URBANO", "DISTRITO": "EL PUERTO", "LOCALIDAD": "TOMÉ", "n_per": 110.0, "n_hombres": 52.0, "n_mujeres": 58.0, "n_edad_60_mas": 19.0, "n_asistencia_basica": 11.0, "n_asistencia_media": 7.0, "n_asistencia_superior": 2.0, "n_transporte_auto": 15.0, "n_transporte_publico": 13.0, "n_transporte_camina": 5.0, "n_transporte_bicicleta": 0.0 }, "geometry": { "type": "Polygon", "coordinates": [ [ [ -72.933656544999963, -36.623130441999933 ], [ -72.935398717999988, -36.624031477999949 ], [ -72.936012473999938, -36.624096778999956 ], [ -72.936918546999948, -36.623934108999947 ], [ -72.937659036999946, -36.624376687999984 ], [ -72.938013719999958, -36.624259931999973 ], [ -72.939019232999954, -36.62444660999995 ], [ -72.939816854999947, -36.623979915999939 ], [ -72.940479134999975, -36.62439498699996 ], [ -72.941041627999937, -36.623951541999929 ], [ -72.940980693999961, -36.623575605999974 ], [ -72.94021534999996, -36.623423508999963 ], [ -72.938717488999941, -36.623676613999976 ], [ -72.938257689999944, -36.623611419999975 ], [ -72.937207008999962, -36.623070961999929 ], [ -72.935722407999947, -36.623159708999935 ], [ -72.934360293999987, -36.622429102999945 ], [ -72.93319328299998, -36.620970188999934 ], [ -72.931478034999941, -36.620030498999938 ], [ -72.930446814999982, -36.616650731999982 ], [ -72.92874599299995, -36.615919787999928 ], [ -72.928775046999988, -36.616125251999961 ], [ -72.928397595999968, -36.616777886999955 ], [ -72.929502947999936, -36.617174599999942 ], [ -72.930387964999966, -36.620298373999958 ], [ -72.930930169999954, -36.62089279199995 ], [ -72.932431010999949, -36.621631416999946 ], [ -72.933656544999963, -36.623130441999933 ] ] ] } },
{ "type": "Feature", "properties": { "CUT": 8111, "COMUNA": "TOMÉ", "AREA_C": "URBANO", "DISTRITO": "RAFAEL", "LOCALIDAD": "RAFAEL", "n_per": 1438.0, "n_hombres": 691.0, "n_mujeres": 747.0, "n_edad_60_mas": 332.0, "n_asistencia_basica": 145.0, "n_asistencia_media": 69.0, "n_asistencia_superior": 53.0, "n_transporte_auto": 111.0, "n_transporte_publico": 134.0, "n_transporte_camina": 74.0, "n_transporte_bicicleta": 0.0 }, "geometry": { "type": "Polygon", "coordinates": [ [ [ -72.80007905399998, -36.636930241999949 ], [ -72.80051578299998, -36.635781803999976 ], [ -72.799938868999959, -36.63545290899998 ], [ -72.800116795999941, -36.635237239999981 ], [ -72.799206965999986, -36.634389960999954 ], [ -72.799151675999951, -36.63329082599995 ], [ -72.796881268999982, -36.632649576999938 ], [ -72.798457505999977, -36.628826298999968 ], [ -72.796275144999981, -36.628243034999969 ], [ -72.796338078999952, -36.627978895999945 ], [ -72.796908253999959, -36.627431266999963 ], [ -72.797131327999978, -36.626869863999957 ], [ -72.797760192999988, -36.626655260999939 ], [ -72.797498080999958, -36.625502299999937 ], [ -72.796862192999981, -36.625930490999963 ], [ -72.79623401799995, -36.62601308099994 ], [ -72.795233159999952, -36.62562947999993 ], [ -72.795123345999968, -36.625124976999984 ], [ -72.79465928999997, -36.62449025899997 ], [ -72.793349414999966, -36.624995944999966 ], [ -72.792992402999971, -36.624535928999933 ], [ -72.791987032999941, -36.624354381999979 ], [ -72.791013800999963, -36.62370690299997 ], [ -72.790899769999953, -36.623786160999941 ], [ -72.790966884999989, -36.624121163999973 ], [ -72.792071954999983, -36.625433422999947 ], [ -72.792874950999988, -36.625911860999963 ], [ -72.792912650999938, -36.626471912999932 ], [ -72.792461962999937, -36.626948744999936 ], [ -72.790676351999934, -36.627045427999974 ], [ -72.78993520399996, -36.627489046999983 ], [ -72.789241986999969, -36.627596703999984 ], [ -72.78834435999994, -36.629489872999955 ], [ -72.787875361999966, -36.629986845999952 ], [ -72.787035360999937, -36.63044971599993 ], [ -72.786837205999973, -36.631074815999966 ], [ -72.787488960999951, -36.632955738999954 ], [ -72.788302729999941, -36.633193809999966 ], [ -72.788606560999938, -36.633873326999947 ], [ -72.788544942999977, -36.634180310999966 ], [ -72.787796287999981, -36.634924974999933 ], [ -72.788049625999975, -36.635363379999944 ], [ -72.788684623999984, -36.635899337999945 ], [ -72.790447106999977, -36.636766621999982 ], [ -72.795034901999941, -36.637004444999945 ], [ -72.796145216999946, -36.637422768999954 ], [ -72.796004147999952, -36.638244328999974 ], [ -72.795257387999982, -36.639056455999935 ], [ -72.79492216999995, -36.64019142199993 ], [ -72.794188166999959, -36.641406106999966 ], [ -72.794426161999979, -36.642268854999941 ], [ -72.795230927999967, -36.64306682199998 ], [ -72.79549643699994, -36.642944500999931 ], [ -72.796150933999968, -36.643176939999933 ], [ -72.796518291999973, -36.641117 ], [ -72.798589585999935, -36.639984650999963 ], [ -72.79825666399995, -36.639205850999929 ], [ -72.797931886999947, -36.638892020999947 ], [ -72.798679899999968, -36.63787648999994 ], [ -72.799285024999961, -36.638307517999976 ], [ -72.799896223999951, -36.638270949999935 ], [ -72.799885532999951, -36.637802109999939 ], [ -72.800196451999966, -36.637687713999981 ], [ -72.799220982999941, -36.637367876999974 ], [ -72.799394303999975, -36.63684397399993 ], [ -72.80007905399998, -36.636930241999949 ] ] ] } },
{ "type": "Feature", "properties": { "CUT": 8111, "COMUNA": "TOMÉ", "AREA_C": "URBANO", "DISTRITO": "EL PUERTO", "LOCALIDAD": "TOMÉ", "n_per": 2970.0, "n_hombres": 1393.0, "n_mujeres": 1577.0, "n_edad_60_mas": 783.0, "n_asistencia_basica": 250.0, "n_asistencia_media": 129.0, "n_asistencia_superior": 130.0, "n_transporte_auto": 284.0, "n_transporte_publico": 427.0, "n_transporte_camina": 105.0, "n_transporte_bicicleta": 7.0 }, "geometry": { "type": "Polygon", "coordinates": [ [ [ -72.952502445999983, -36.627386246999947 ], [ -72.951520199999948, -36.629226818999939 ], [ -72.950320243999954, -36.630332597999939 ], [ -72.948656316999973, -36.631120090999957 ], [ -72.946992162999948, -36.632431653999959 ], [ -72.947658581999974, -36.633165850999944 ], [ -72.947855115999971, -36.634274910999977 ], [ -72.948452600999985, -36.635176248999983 ], [ -72.948449804999939, -36.63558594999995 ], [ -72.948904056999936, -36.636008626999967 ], [ -72.948753096999951, -36.637114080999936 ], [ -72.949083204999965, -36.637595738999948 ], [ -72.949500591999936, -36.637699391999945 ], [ -72.950114699999972, -36.637208016999978 ], [ -72.95061782099998, -36.637149380999972 ], [ -72.950964838999937, -36.63731239699996 ], [ -72.951255453999977, -36.637803271999985 ], [ -72.952573432999941, -36.638216510999939 ], [ -72.953026482999974, -36.637986178999938 ], [ -72.953879281999946, -36.636804061999953 ], [ -72.953774584999962, -36.635170799999969 ], [ -72.953945906999934, -36.634868132999941 ], [ -72.955044265999959, -36.63387256599998 ], [ -72.955990338999982, -36.633708859999956 ], [ -72.956851295999968, -36.633343605999983 ], [ -72.956823133999933, -36.632769526999937 ], [ -72.956374821999987, -36.631552072999966 ], [ -72.956162776999975, -36.630352281999933 ], [ -72.956215307999969, -36.629975325999965 ], [ -72.956818651999981, -36.629537980999942 ], [ -72.956855983999958, -36.629283639999983 ], [ -72.955684780999945, -36.628396364999958 ], [ -72.95532314999997, -36.627679997999962 ], [ -72.954377231999956, -36.627811848999954 ], [ -72.952502445999983, -36.627386246999947 ] ] ] } },
{ "type": "Feature", "properties": { "CUT": 8111, "COMUNA": "TOMÉ", "AREA_C": "URBANO", "DISTRITO": "CONUCO", "LOCALIDAD": "RAFAEL", "n_per": 12.0, "n_hombres": 3.0, "n_mujeres": 9.0, "n_edad_60_mas": 4.0, "n_asistencia_basica": 0.0, "n_asistencia_media": 0.0, "n_asistencia_superior": 0.0, "n_transporte_auto": 0.0, "n_transporte_publico": 1.0, "n_transporte_camina": 0.0, "n_transporte_bicicleta": 0.0 }, "geometry": { "type": "Polygon", "coordinates": [ [ [ -72.787778804999959, -36.634894845999952 ], [ -72.788544942999977, -36.634180310999966 ], [ -72.788576252999974, -36.633737487999952 ], [ -72.788302729999941, -36.633193809999966 ], [ -72.787488960999951, -36.632955738999954 ], [ -72.787023494999971, -36.631842336999966 ], [ -72.786832827999945, -36.630901881999932 ], [ -72.787035360999937, -36.63044971599993 ], [ -72.787875361999966, -36.629986845999952 ], [ -72.78826559099997, -36.629575712999952 ], [ -72.787752767999962, -36.62945388199995 ], [ -72.787036099999966, -36.630183657999964 ], [ -72.785781412999938, -36.630894093999984 ], [ -72.787778804999959, -36.634894845999952 ] ] ] } },
{ "type": "Feature", "properties": { "CUT": 8111, "COMUNA": "TOMÉ", "AREA_C": "URBANO", "DISTRITO": "PUNTA DE PARRA", "LOCALIDAD": "TOMÉ", "n_per": 1247.0, "n_hombres": 581.0, "n_mujeres": 666.0, "n_edad_60_mas": 292.0, "n_asistencia_basica": 129.0, "n_asistencia_media": 54.0, "n_asistencia_superior": 70.0, "n_transporte_auto": 115.0, "n_transporte_publico": 193.0, "n_transporte_camina": 17.0, "n_transporte_bicicleta": 4.0 }, "geometry": { "type": "Polygon", "coordinates": [ [ [ -72.957389086999967, -36.633229407999977 ], [ -72.955044265999959, -36.63387256599998 ], [ -72.953945906999934, -36.634868132999941 ], [ -72.953774584999962, -36.635170799999969 ], [ -72.953879281999946, -36.636804061999953 ], [ -72.95278663299996, -36.638208895999981 ], [ -72.951781984999968, -36.637992404999977 ], [ -72.951242977999982, -36.639037597999959 ], [ -72.949797454999953, -36.63934097899994 ], [ -72.948876603999963, -36.639755005999973 ], [ -72.948847097999987, -36.642116858999941 ], [ -72.948630091999974, -36.642666989999952 ], [ -72.948784280999973, -36.643634002999931 ], [ -72.947332890999974, -36.644814357999962 ], [ -72.948857964999945, -36.644943981999972 ], [ -72.948654186999988, -36.645420133999949 ], [ -72.950922571999968, -36.645676009999931 ], [ -72.95092071299996, -36.64540741899998 ], [ -72.951178179999943, -36.645245505999981 ], [ -72.951035631999957, -36.64506387199998 ], [ -72.951366685999972, -36.64438482099996 ], [ -72.951511384999947, -36.643494415999953 ], [ -72.951067232999947, -36.642461916999935 ], [ -72.950771561999943, -36.640281928999968 ], [ -72.951099599999964, -36.639760591999959 ], [ -72.95249916399996, -36.639266327999962 ], [ -72.95342919899997, -36.63819467899998 ], [ -72.954600892999963, -36.637499723999952 ], [ -72.954963138999972, -36.636936423999941 ], [ -72.954816497999957, -36.636068777999981 ], [ -72.954969872999982, -36.635643981999976 ], [ -72.956109357999935, -36.635434380999982 ], [ -72.956699637999975, -36.635492205999981 ], [ -72.956885345999979, -36.635295070999973 ], [ -72.956886546999954, -36.634913526999981 ], [ -72.957247847999952, -36.635985926999979 ], [ -72.958548723999968, -36.637518865999937 ], [ -72.959213542999976, -36.637047276999965 ], [ -72.95922789499997, -36.636583666999968 ], [ -72.958976286999984, -36.636691710999969 ], [ -72.958709906999957, -36.636375412999939 ], [ -72.957282419999956, -36.633705062999979 ], [ -72.957200254999975, -36.633517638999933 ], [ -72.957389086999967, -36.633229407999977 ] ] ] } },
{ "type": "Feature", "properties": { "CUT": 8111, "COMUNA": "TOMÉ", "AREA_C": "URBANO", "DISTRITO": "CORONEY", "LOCALIDAD": "TOMÉ", "n_per": 796.0, "n_hombres": 373.0, "n_mujeres": 423.0, "n_edad_60_mas": 255.0, "n_asistencia_basica": 61.0, "n_asistencia_media": 28.0, "n_asistencia_superior": 26.0, "n_transporte_auto": 86.0, "n_transporte_publico": 120.0, "n_transporte_camina": 19.0, "n_transporte_bicicleta": 8.0 }, "geometry": { "type": "Polygon", "coordinates": [ [ [ -72.946809827999971, -36.643850626999949 ], [ -72.946879441999954, -36.644754579999983 ], [ -72.94749556499994, -36.644749493999939 ], [ -72.948784280999973, -36.643634002999931 ], [ -72.948630091999974, -36.642666989999952 ], [ -72.948847097999987, -36.642116858999941 ], [ -72.948876603999963, -36.639755005999973 ], [ -72.949797454999953, -36.63934097899994 ], [ -72.951242977999982, -36.639037597999959 ], [ -72.951729095999951, -36.638022804999935 ], [ -72.951255453999977, -36.637803271999985 ], [ -72.950964838999937, -36.63731239699996 ], [ -72.95061782099998, -36.637149380999972 ], [ -72.950114699999972, -36.637208016999978 ], [ -72.949500591999936, -36.637699391999945 ], [ -72.949083204999965, -36.637595738999948 ], [ -72.948753096999951, -36.637114080999936 ], [ -72.948873296999977, -36.635960734999969 ], [ -72.947644249999939, -36.635672598999975 ], [ -72.94619867199998, -36.636171876999981 ], [ -72.946077737999985, -36.637208974999965 ], [ -72.946375589999946, -36.637891221999951 ], [ -72.945088564999935, -36.639350934999982 ], [ -72.944967108999947, -36.639947750999966 ], [ -72.947319739999955, -36.640802207999968 ], [ -72.946589630999938, -36.641684246999944 ], [ -72.946666352999955, -36.642871191999973 ], [ -72.946495284999969, -36.643429139999967 ], [ -72.946809827999971, -36.643850626999949 ] ] ] } },
{ "type": "Feature", "properties": { "CUT": 8111, "COMUNA": "TOMÉ", "AREA_C": "URBANO", "DISTRITO": "DICHATO", "LOCALIDAD": "DICHATO", "n_per": 2905.0, "n_hombres": 1406.0, "n_mujeres": 1499.0, "n_edad_60_mas": 533.0, "n_asistencia_basica": 343.0, "n_asistencia_media": 149.0, "n_asistencia_superior": 142.0, "n_transporte_auto": 280.0, "n_transporte_publico": 326.0, "n_transporte_camina": 202.0, "n_transporte_bicicleta": 18.0 }, "geometry": { "type": "Polygon", "coordinates": [ [ [ -72.928399996999985, -36.544208049999952 ], [ -72.927481265999972, -36.543980842999929 ], [ -72.926329971999962, -36.544020061999959 ], [ -72.927411401999962, -36.544669412999951 ], [ -72.927217090999989, -36.544733144999952 ], [ -72.927503655999942, -36.545527534999962 ], [ -72.927106669999944, -36.545869976999938 ], [ -72.926960940999948, -36.546336288999953 ], [ -72.926754554999945, -36.546478945999979 ], [ -72.927574546999949, -36.546613020999985 ], [ -72.927364457999943, -36.547290739999937 ], [ -72.927009809999959, -36.547338490999948 ], [ -72.926722696999946, -36.547640265999974 ], [ -72.926087127999949, -36.547653667999953 ], [ -72.925991769999939, -36.548141301999976 ], [ -72.925718609999933, -36.548310053999955 ], [ -72.926156384999956, -36.548969771999964 ], [ -72.927769041999966, -36.550240972999973 ], [ -72.928652916999965, -36.55294680399993 ], [ -72.931765637999945, -36.552197859999978 ], [ -72.932226088999982, -36.552268645999959 ], [ -72.932408099999975, -36.551933576999943 ], [ -72.936996059999956, -36.551290858999948 ], [ -72.937308597999959, -36.551394935999951 ], [ -72.937933333999979, -36.553247778999946 ], [ -72.937353369999983, -36.553400162999935 ], [ -72.937897200999942, -36.554528827999945 ], [ -72.937142512999969, -36.554703692999965 ], [ -72.936457948999987, -36.554518951999967 ], [ -72.93682119999994, -36.556100052999966 ], [ -72.938136852999946, -36.555897309999978 ], [ -72.940360626999961, -36.555236697999931 ], [ -72.939372344999981, -36.554143153999973 ], [ -72.938310382999987, -36.551998191999985 ], [ -72.938077753999949, -36.550146287999951 ], [ -72.937862274999986, -36.54977035099995 ], [ -72.93638376499996, -36.548619458999951 ], [ -72.935322341999949, -36.549090274999969 ], [ -72.93257174699994, -36.546158279999929 ], [ -72.932368180999958, -36.545614984999929 ], [ -72.932563850999941, -36.545090584999969 ], [ -72.930807562999973, -36.543759772999977 ], [ -72.928399996999985, -36.544208049999952 ] ] ] } },
{ "type": "Feature", "properties": { "CUT": 8111, "COMUNA": "TOMÉ", "AREA_C": "URBANO", "DISTRITO": "DICHATO", "LOCALIDAD": "DICHATO", "n_per": 1230.0, "n_hombres": 600.0, "n_mujeres": 630.0, "n_edad_60_mas": 271.0, "n_asistencia_basica": 109.0, "n_asistencia_media": 62.0, "n_asistencia_superior": 51.0, "n_transporte_auto": 97.0, "n_transporte_publico": 117.0, "n_transporte_camina": 91.0, "n_transporte_bicicleta": 5.0 }, "geometry": { "type": "Polygon", "coordinates": [ [ [ -72.931862985999942, -36.54315121999997 ], [ -72.931860606999976, -36.544224356999962 ], [ -72.932269873999985, -36.544036379999966 ], [ -72.932567305999953, -36.544355227999972 ], [ -72.932444376999968, -36.545023700999934 ], [ -72.932563850999941, -36.545090584999969 ], [ -72.932368180999958, -36.545614984999929 ], [ -72.93257174699994, -36.546158279999929 ], [ -72.935322341999949, -36.549090274999969 ], [ -72.93638376499996, -36.548619458999951 ], [ -72.93793872699996, -36.549851860999979 ], [ -72.938219518999972, -36.551733321999961 ], [ -72.938437998999973, -36.552275665999957 ], [ -72.939372344999981, -36.554143153999973 ], [ -72.940849175999972, -36.555766372999983 ], [ -72.941646099999957, -36.555287673999942 ], [ -72.941730178999933, -36.555023885999958 ], [ -72.941130194999971, -36.554031910999981 ], [ -72.940780883999935, -36.553088841999966 ], [ -72.951074975999973, -36.550454016999936 ], [ -72.950292056999956, -36.54797973999996 ], [ -72.950004537999973, -36.547612786999935 ], [ -72.949122157999966, -36.547110922999934 ], [ -72.948055378999982, -36.547016364999934 ], [ -72.94706800199998, -36.547259911999959 ], [ -72.943701719999979, -36.547260878999964 ], [ -72.93997197799996, -36.546953135999956 ], [ -72.937081534999948, -36.546244400999967 ], [ -72.935681389999957, -36.54562778199994 ], [ -72.933267334999982, -36.544192262999957 ], [ -72.932413794999945, -36.542946201999939 ], [ -72.931862985999942, -36.54315121999997 ] ] ] } },
{ "type": "Feature", "properties": { "CUT": 8111, "COMUNA": "TOMÉ", "AREA_C": "URBANO", "DISTRITO": "DICHATO", "LOCALIDAD": "DICHATO", "n_per": 645.0, "n_hombres": 325.0, "n_mujeres": 320.0, "n_edad_60_mas": 217.0, "n_asistencia_basica": 47.0, "n_asistencia_media": 17.0, "n_asistencia_superior": 19.0, "n_transporte_auto": 102.0, "n_transporte_publico": 33.0, "n_transporte_camina": 24.0, "n_transporte_bicicleta": 3.0 }, "geometry": { "type": "Polygon", "coordinates": [ [ [ -72.932822872999964, -36.524505753999961 ], [ -72.932329961999983, -36.524457625999958 ], [ -72.931623514999956, -36.525091994999968 ], [ -72.930924869999956, -36.525372649999952 ], [ -72.929044123999972, -36.525388502999931 ], [ -72.927577410999959, -36.525976290999949 ], [ -72.926870124999937, -36.526097389999961 ], [ -72.924643627999956, -36.526198977999968 ], [ -72.922582148999936, -36.526069524999969 ], [ -72.921407477999935, -36.526309394999942 ], [ -72.921985157999984, -36.527148432999979 ], [ -72.922372856999971, -36.527164266999932 ], [ -72.922384630999943, -36.528775122999946 ], [ -72.922948503999976, -36.53053863699995 ], [ -72.922399363999943, -36.530974584999967 ], [ -72.922208325999975, -36.531377463999945 ], [ -72.922681968999939, -36.531917255999929 ], [ -72.922784063999984, -36.532662070999947 ], [ -72.921790131999956, -36.534050247999971 ], [ -72.921716834999984, -36.534819979999952 ], [ -72.921402030999957, -36.535390790999941 ], [ -72.92186950699994, -36.536404562999962 ], [ -72.922833380999975, -36.537012843999946 ], [ -72.923217244999989, -36.537578298999961 ], [ -72.924886056999981, -36.54254167299996 ], [ -72.926329971999962, -36.544020061999959 ], [ -72.927481265999972, -36.543980842999929 ], [ -72.928342049999969, -36.544211830999984 ], [ -72.930807562999973, -36.543759772999977 ], [ -72.932444376999968, -36.545023700999934 ], [ -72.932498301999942, -36.544186285999956 ], [ -72.932127105999939, -36.544034 ], [ -72.931860606999976, -36.544224356999962 ], [ -72.931760668999971, -36.543470067999976 ], [ -72.931908195999938, -36.543101251999929 ], [ -72.932413794999945, -36.542946201999939 ], [ -72.932343382999989, -36.542283576999978 ], [ -72.932500905999973, -36.541779335999934 ], [ -72.933006502999945, -36.541219070999944 ], [ -72.93451078399994, -36.54094211499995 ], [ -72.934660640999937, -36.540771518999975 ], [ -72.933881789999987, -36.540386664999971 ], [ -72.93342615499995, -36.539811722999957 ], [ -72.933407064999983, -36.539417445999959 ], [ -72.93363825199998, -36.538852601999963 ], [ -72.933535951999943, -36.538188101999935 ], [ -72.933976635999954, -36.537378998999941 ], [ -72.934793136999986, -36.536900713999955 ], [ -72.935125682999967, -36.536860804999947 ], [ -72.935382599999969, -36.536418605999984 ], [ -72.935136437999972, -36.536319567999954 ], [ -72.935497758999986, -36.535066237999956 ], [ -72.935750660999986, -36.534719121999956 ], [ -72.936342232999948, -36.534661858999982 ], [ -72.93625588499998, -36.534481067999934 ], [ -72.93662461599996, -36.534154161999936 ], [ -72.936876284999983, -36.534205077999957 ], [ -72.936978759999988, -36.533779299999935 ], [ -72.937282338999978, -36.533587912999963 ], [ -72.937092763999942, -36.53315693899998 ], [ -72.937131759999943, -36.532835613999964 ], [ -72.937724401999958, -36.532425547999935 ], [ -72.938053765999939, -36.531836406999957 ], [ -72.937513605999982, -36.531876222999983 ], [ -72.936969914999963, -36.531131870999957 ], [ -72.937340871999936, -36.530811374999985 ], [ -72.937204184999985, -36.530568124999945 ], [ -72.937490981999986, -36.530664032999937 ], [ -72.937368037999988, -36.530362028999946 ], [ -72.936798227999986, -36.530371832999947 ], [ -72.936683759999937, -36.53043867599996 ], [ -72.936787960999936, -36.530528967999942 ], [ -72.936499966999975, -36.530592807999938 ], [ -72.936139986999933, -36.530156424999973 ], [ -72.935325366999962, -36.52975149599996 ], [ -72.933856238999965, -36.528533909999965 ], [ -72.932932625999968, -36.527419168999984 ], [ -72.932872750999934, -36.527049742999964 ], [ -72.93313360999997, -36.52689948699998 ], [ -72.933065148999958, -36.52673301699997 ], [ -72.933480096999972, -36.526531503999934 ], [ -72.933755671999961, -36.525958487999958 ], [ -72.934136649999971, -36.525794203999965 ], [ -72.933750356999951, -36.525505966999958 ], [ -72.933877208999945, -36.52536949499995 ], [ -72.933888574999969, -36.525529372999983 ], [ -72.934187209999948, -36.525594948999981 ], [ -72.934301650999942, -36.525070917999983 ], [ -72.933605368999963, -36.525028126999985 ], [ -72.933334040999966, -36.525210231999949 ], [ -72.932879982999964, -36.524820139999974 ], [ -72.932822872999964, -36.524505753999961 ] ] ] } },
{ "type": "Feature", "properties": { "CUT": 8111, "COMUNA": "TOMÉ", "AREA_C": "URBANO", "DISTRITO": "EL MORRO", "LOCALIDAD": "TOMÉ", "n_per": 3535.0, "n_hombres": 1592.0, "n_mujeres": 1943.0, "n_edad_60_mas": 888.0, "n_asistencia_basica": 315.0, "n_asistencia_media": 150.0, "n_asistencia_superior": 142.0, "n_transporte_auto": 231.0, "n_transporte_publico": 747.0, "n_transporte_camina": 131.0, "n_transporte_bicicleta": 2.0 }, "geometry": { "type": "Polygon", "coordinates": [ [ [ -72.964104805999966, -36.595587917999978 ], [ -72.963454648999971, -36.596485728999937 ], [ -72.962945401999946, -36.596355680999977 ], [ -72.961898778999966, -36.597644899999977 ], [ -72.961368311999934, -36.597812755999939 ], [ -72.961530359999983, -36.598680632999958 ], [ -72.961314526999956, -36.598938867999948 ], [ -72.961145797999961, -36.598889651999968 ], [ -72.960443562999956, -36.599365254999952 ], [ -72.960496993999982, -36.599539406999952 ], [ -72.960176082999965, -36.599750683999957 ], [ -72.95887834399997, -36.601460368999938 ], [ -72.958509190999962, -36.602742391999982 ], [ -72.958679201999985, -36.602791556999932 ], [ -72.958175783999934, -36.604304629999945 ], [ -72.960289041999943, -36.604835224999931 ], [ -72.960407782999937, -36.605019800999969 ], [ -72.959433609999962, -36.605782854999973 ], [ -72.960645247999935, -36.606832513999962 ], [ -72.960545954999986, -36.607188520999955 ], [ -72.960920687999987, -36.607244868999942 ], [ -72.960859488999972, -36.607611902999963 ], [ -72.96214357499997, -36.607818731999942 ], [ -72.962997378999944, -36.608489530999975 ], [ -72.964771806999977, -36.60750915999995 ], [ -72.96561354399995, -36.608633755999961 ], [ -72.966728021999984, -36.608121729999937 ], [ -72.962837944999933, -36.603743569999949 ], [ -72.962732958999936, -36.601421220999953 ], [ -72.963048941999944, -36.601282581999953 ], [ -72.963472323999952, -36.598546375999945 ], [ -72.963480631999971, -36.597604185999955 ], [ -72.964537287999974, -36.59615970599998 ], [ -72.964480076999962, -36.59542190999997 ], [ -72.964104805999966, -36.595587917999978 ] ] ] } },
{ "type": "Feature", "properties": { "CUT": 8111, "COMUNA": "TOMÉ", "AREA_C": "URBANO", "DISTRITO": "EL MORRO", "LOCALIDAD": "TOMÉ", "n_per": 5732.0, "n_hombres": 2604.0, "n_mujeres": 3128.0, "n_edad_60_mas": 1029.0, "n_asistencia_basica": 586.0, "n_asistencia_media": 319.0, "n_asistencia_superior": 351.0, "n_transporte_auto": 544.0, "n_transporte_publico": 1096.0, "n_transporte_camina": 144.0, "n_transporte_bicicleta": 1.0 }, "geometry": { "type": "Polygon", "coordinates": [ [ [ -72.95366858999995, -36.583872981999946 ], [ -72.952514649999955, -36.584278783999935 ], [ -72.952441424999961, -36.585385372999951 ], [ -72.952700265999965, -36.587096472999974 ], [ -72.950243432999969, -36.587588706999952 ], [ -72.949647827999968, -36.588080425999976 ], [ -72.949570389999963, -36.590500755999983 ], [ -72.949995322999939, -36.590542079999977 ], [ -72.949923854999952, -36.591698450999957 ], [ -72.948195446999989, -36.591456053999934 ], [ -72.948477149999974, -36.592487191999965 ], [ -72.948527117999959, -36.593672162999951 ], [ -72.947435197999937, -36.596188462999976 ], [ -72.947447647999979, -36.597443079999948 ], [ -72.947092484999985, -36.598590274999935 ], [ -72.946446925999965, -36.598981626999944 ], [ -72.947507363999989, -36.600094858999967 ], [ -72.947534079999969, -36.600730024999962 ], [ -72.948908797999934, -36.602922282999941 ], [ -72.95005361799997, -36.604210533999947 ], [ -72.952072022999971, -36.605898882999952 ], [ -72.953138017999947, -36.605586709999955 ], [ -72.953644937999968, -36.60571553799997 ], [ -72.954688013999942, -36.605529202999946 ], [ -72.954016896999974, -36.605033416999959 ], [ -72.953538612999978, -36.603340747999937 ], [ -72.955077468999946, -36.603181154999959 ], [ -72.955055949999974, -36.602566259999946 ], [ -72.956816868999965, -36.601831629999936 ], [ -72.957718226999987, -36.602432592999946 ], [ -72.958509190999962, -36.602742391999982 ], [ -72.95887834399997, -36.601460368999938 ], [ -72.960176082999965, -36.599750683999957 ], [ -72.960496993999982, -36.599539406999952 ], [ -72.960443562999956, -36.599365254999952 ], [ -72.961145797999961, -36.598889651999968 ], [ -72.961314526999956, -36.598938867999948 ], [ -72.961530359999983, -36.598680632999958 ], [ -72.961368311999934, -36.597812755999939 ], [ -72.961898778999966, -36.597644899999977 ], [ -72.962945401999946, -36.596355680999977 ], [ -72.961767394999981, -36.596054834999961 ], [ -72.962414302999946, -36.595158448999939 ], [ -72.961682633999942, -36.59477209299996 ], [ -72.961925763999943, -36.594176430999937 ], [ -72.961744979999935, -36.594029273999979 ], [ -72.960545399999944, -36.595144390999963 ], [ -72.95887184299994, -36.593979689999969 ], [ -72.958591973999944, -36.594453897999983 ], [ -72.957905269999969, -36.59343916399996 ], [ -72.95798001199995, -36.593342795999945 ], [ -72.957050050999953, -36.592190117999962 ], [ -72.957312831999957, -36.591146686999934 ], [ -72.957187647999945, -36.590121938999971 ], [ -72.961442158999944, -36.590190698999947 ], [ -72.961496111999963, -36.588747500999943 ], [ -72.958918687999983, -36.589137176999941 ], [ -72.958726627999965, -36.588426588999937 ], [ -72.957639781999944, -36.588663398999984 ], [ -72.957315634999986, -36.587404499999934 ], [ -72.959083702999976, -36.587050180999938 ], [ -72.958714712999949, -36.586069964999979 ], [ -72.956400922999933, -36.58656751999996 ], [ -72.956309218999934, -36.585963800999934 ], [ -72.955321323999954, -36.585996097999953 ], [ -72.955349296999941, -36.583660855999938 ], [ -72.955060685999968, -36.582900652999967 ], [ -72.953872527999977, -36.58313587899994 ], [ -72.953998055999989, -36.583492416999945 ], [ -72.95366858999995, -36.583872981999946 ] ] ] } },
{ "type": "Feature", "properties": { "CUT": 8111, "COMUNA": "TOMÉ", "AREA_C": "URBANO", "DISTRITO": "EL MORRO", "LOCALIDAD": "TOMÉ", "n_per": 1782.0, "n_hombres": 809.0, "n_mujeres": 973.0, "n_edad_60_mas": 329.0, "n_asistencia_basica": 146.0, "n_asistencia_media": 98.0, "n_asistencia_superior": 84.0, "n_transporte_auto": 202.0, "n_transporte_publico": 407.0, "n_transporte_camina": 97.0, "n_transporte_bicicleta": 1.0 }, "geometry": { "type": "Polygon", "coordinates": [ [ [ -72.953979989999937, -36.605692673999954 ], [ -72.953138017999947, -36.605586709999955 ], [ -72.952072022999971, -36.605898882999952 ], [ -72.954725117999942, -36.608145112999978 ], [ -72.954803431999949, -36.607976639999947 ], [ -72.955298951999964, -36.607876866999959 ], [ -72.955452528999956, -36.606812605999949 ], [ -72.957151485999987, -36.606825 ], [ -72.957765475999963, -36.607487840999966 ], [ -72.957895320999967, -36.607024577999937 ], [ -72.958319080999956, -36.606838196999945 ], [ -72.958811598999944, -36.606784652999977 ], [ -72.960108008999953, -36.607178427999941 ], [ -72.960545954999986, -36.607188520999955 ], [ -72.960657254999944, -36.606915709999953 ], [ -72.960328281999978, -36.606468414999938 ], [ -72.959433609999962, -36.605782854999973 ], [ -72.960407782999937, -36.605019800999969 ], [ -72.960319105999986, -36.604872941999929 ], [ -72.958175783999934, -36.604304629999945 ], [ -72.958679201999985, -36.602791556999932 ], [ -72.957957055999941, -36.602558534999957 ], [ -72.956816868999965, -36.601831629999936 ], [ -72.955055949999974, -36.602566259999946 ], [ -72.955077468999946, -36.603181154999959 ], [ -72.953538612999978, -36.603340747999937 ], [ -72.954016896999974, -36.605033416999959 ], [ -72.954688013999942, -36.605529202999946 ], [ -72.953979989999937, -36.605692673999954 ] ] ] } },
{ "type": "Feature", "properties": { "CUT": 8111, "COMUNA": "TOMÉ", "AREA_C": "URBANO", "DISTRITO": "RALIHUE", "LOCALIDAD": "TOMÉ", "n_per": 3911.0, "n_hombres": 1829.0, "n_mujeres": 2082.0, "n_edad_60_mas": 1085.0, "n_asistencia_basica": 317.0, "n_asistencia_media": 188.0, "n_asistencia_superior": 183.0, "n_transporte_auto": 409.0, "n_transporte_publico": 523.0, "n_transporte_camina": 286.0, "n_transporte_bicicleta": 12.0 }, "geometry": { "type": "Polygon", "coordinates": [ [ [ -72.946122054999989, -36.60112763099994 ], [ -72.945049508999944, -36.602245689999961 ], [ -72.944838751999953, -36.601497097999982 ], [ -72.944520768999951, -36.601188466999929 ], [ -72.94212011999997, -36.600179793999985 ], [ -72.93987653399995, -36.602629473999968 ], [ -72.941094078999981, -36.603143255999953 ], [ -72.941005148999977, -36.603245863999973 ], [ -72.941306013999963, -36.603371763999974 ], [ -72.941397110999958, -36.603271976999963 ], [ -72.94261662599996, -36.603789989999939 ], [ -72.94236439499997, -36.604531945999952 ], [ -72.943369440999959, -36.605706869999949 ], [ -72.943570414999954, -36.605794015999948 ], [ -72.943806470999959, -36.605641404999972 ], [ -72.943976984999949, -36.605756697999936 ], [ -72.943777918999956, -36.606003373999954 ], [ -72.943861487999982, -36.606197983999948 ], [ -72.944616427999961, -36.606339790999982 ], [ -72.944956950999938, -36.606583136999973 ], [ -72.945353276999981, -36.607196424999984 ], [ -72.945222946999934, -36.60781822499996 ], [ -72.946679519999975, -36.607919315999936 ], [ -72.947152906999975, -36.60826592799998 ], [ -72.947339833999933, -36.608762594999973 ], [ -72.948222185999953, -36.608926462999932 ], [ -72.948528205999935, -36.609575229999962 ], [ -72.950361399999963, -36.609593017999941 ], [ -72.950742100999946, -36.609921213999939 ], [ -72.951078193999933, -36.61054484899995 ], [ -72.951782368999943, -36.610412566999969 ], [ -72.952656135999973, -36.61104514799996 ], [ -72.952883042999986, -36.61141973499997 ], [ -72.952550296999959, -36.611943166999936 ], [ -72.952665730999968, -36.612201952999953 ], [ -72.955502438999986, -36.615288146999944 ], [ -72.955668966999951, -36.615927976999956 ], [ -72.957138093999959, -36.616039396999952 ], [ -72.958061450999935, -36.615697199999943 ], [ -72.958393468999986, -36.616279135999946 ], [ -72.959152835999987, -36.616021995999972 ], [ -72.95832385999995, -36.614857475999941 ], [ -72.95796840099996, -36.613252885999941 ], [ -72.95813267799997, -36.613222870999948 ], [ -72.958125252999935, -36.612707008999962 ], [ -72.957521023999959, -36.611472711999966 ], [ -72.957248632999949, -36.610106961999975 ], [ -72.956859385999962, -36.609492276999958 ], [ -72.954523729999949, -36.60799375299996 ], [ -72.949596479999968, -36.603755924999973 ], [ -72.948700808999945, -36.602656124999953 ], [ -72.947534079999969, -36.600730024999962 ], [ -72.947507363999989, -36.600094858999967 ], [ -72.946553667999979, -36.599093682999978 ], [ -72.946169457999986, -36.600204418999965 ], [ -72.946122054999989, -36.60112763099994 ] ] ] } },
{ "type": "Feature", "properties": { "CUT": 8111, "COMUNA": "TOMÉ", "AREA_C": "URBANO", "DISTRITO": "PUNTA DE PARRA", "LOCALIDAD": "PUNTA DE PARRA", "n_per": 1151.0, "n_hombres": 586.0, "n_mujeres": 565.0, "n_edad_60_mas": 226.0, "n_asistencia_basica": 133.0, "n_asistencia_media": 61.0, "n_asistencia_superior": 50.0, "n_transporte_auto": 92.0, "n_transporte_publico": 172.0, "n_transporte_camina": 47.0, "n_transporte_bicicleta": 0.0 }, "geometry": { "type": "Polygon", "coordinates": [ [ [ -72.960728220999954, -36.670927173999985 ], [ -72.960621265999976, -36.671098747999963 ], [ -72.960239789999946, -36.670961488999978 ], [ -72.959737096999959, -36.671207410999955 ], [ -72.957846, -36.671158662999972 ], [ -72.957535062999966, -36.675317742999937 ], [ -72.958026328999949, -36.676585316999933 ], [ -72.95844819499996, -36.677050261999966 ], [ -72.959465838999961, -36.676487157999929 ], [ -72.959988826999961, -36.675604583999984 ], [ -72.960540527999967, -36.67541517899997 ], [ -72.960136828999964, -36.674204080999971 ], [ -72.960340882999958, -36.673961719999966 ], [ -72.962057573999971, -36.674102261999963 ], [ -72.962397267999961, -36.674708836999969 ], [ -72.963123276999966, -36.674793091999959 ], [ -72.963985066999953, -36.675383908999947 ], [ -72.965085189999968, -36.675537598999938 ], [ -72.966178198999955, -36.674784905999957 ], [ -72.966397431999951, -36.674439690999975 ], [ -72.966088283999966, -36.67437388999997 ], [ -72.966492509999966, -36.674178658999949 ], [ -72.966887665999934, -36.674454481999931 ], [ -72.967239125999981, -36.674240152999971 ], [ -72.967918645999987, -36.674363470999936 ], [ -72.968006582999976, -36.67405961299994 ], [ -72.967724449999935, -36.673967726999933 ], [ -72.968091724999965, -36.673845230999973 ], [ -72.968327509999938, -36.672944620999942 ], [ -72.971399588999986, -36.673147635999953 ], [ -72.971095268999989, -36.671896777999962 ], [ -72.969491511999934, -36.671106796999936 ], [ -72.96876995599996, -36.672081754999965 ], [ -72.964715523999985, -36.671690092999938 ], [ -72.964606291999985, -36.672585910999942 ], [ -72.961753585999986, -36.672273250999979 ], [ -72.961819170999945, -36.671479068999929 ], [ -72.961480477999942, -36.670941471999981 ], [ -72.961198826999976, -36.670624058999977 ], [ -72.960999175999973, -36.670646935999969 ], [ -72.960992045999944, -36.670924314999979 ], [ -72.960728220999954, -36.670927173999985 ] ] ] } },
{ "type": "Feature", "properties": { "CUT": 8111, "COMUNA": "TOMÉ", "AREA_C": "URBANO", "DISTRITO": "PUNTA DE PARRA", "LOCALIDAD": "PUNTA DE PARRA", "n_per": 1457.0, "n_hombres": 703.0, "n_mujeres": 754.0, "n_edad_60_mas": 166.0, "n_asistencia_basica": 219.0, "n_asistencia_media": 74.0, "n_asistencia_superior": 68.0, "n_transporte_auto": 340.0, "n_transporte_publico": 165.0, "n_transporte_camina": 4.0, "n_transporte_bicicleta": 0.0 }, "geometry": { "type": "Polygon", "coordinates": [ [ [ -72.951753593999968, -36.65997426399997 ], [ -72.951310988999978, -36.659598317999951 ], [ -72.950959756999964, -36.659745329999964 ], [ -72.94964295799997, -36.658296476999965 ], [ -72.946736222999959, -36.66000186399998 ], [ -72.946417446999988, -36.659683086999962 ], [ -72.944923144999962, -36.66064438899997 ], [ -72.945216586999948, -36.661047017999977 ], [ -72.944945305999966, -36.661541653999961 ], [ -72.944375860999969, -36.662255058999961 ], [ -72.944406829999934, -36.662406803999943 ], [ -72.943352735999952, -36.663295350999931 ], [ -72.944532745999936, -36.664488568999957 ], [ -72.945219666999947, -36.664057857999978 ], [ -72.946375172999979, -36.665211297999974 ], [ -72.947207427999956, -36.664660918999971 ], [ -72.946775211999977, -36.663954355999977 ], [ -72.947616694999965, -36.663299867999967 ], [ -72.94727108099994, -36.662967807999962 ], [ -72.948192571999982, -36.662206485999945 ], [ -72.948778825999966, -36.662027686999977 ], [ -72.949308607999967, -36.662932571999931 ], [ -72.95157218199995, -36.665454886999953 ], [ -72.952597805999972, -36.664894699999934 ], [ -72.952387899999962, -36.666585341999962 ], [ -72.951670433999936, -36.666376316999958 ], [ -72.951457117999951, -36.666832522999982 ], [ -72.953500516999952, -36.667845339999928 ], [ -72.95404297999994, -36.668305403999966 ], [ -72.957872717999976, -36.669589564999967 ], [ -72.957698206999964, -36.66861903399996 ], [ -72.958373926999968, -36.668528734999938 ], [ -72.958473573999981, -36.669139899999948 ], [ -72.958983671999988, -36.669073581999953 ], [ -72.958730486999968, -36.667687446999935 ], [ -72.958366733999981, -36.667683391999958 ], [ -72.958364082999935, -36.667163811999956 ], [ -72.961229225999944, -36.666329478999955 ], [ -72.962438201999987, -36.666507478999961 ], [ -72.962255138999978, -36.665584149999972 ], [ -72.962835727999959, -36.665384275999941 ], [ -72.964710742999955, -36.664242133999949 ], [ -72.965396280999983, -36.664018061999968 ], [ -72.964746881999986, -36.663304366999967 ], [ -72.963220880999984, -36.663223596999956 ], [ -72.962257965999981, -36.663992553999947 ], [ -72.961577617999978, -36.664147274999948 ], [ -72.961788802999934, -36.66312494999994 ], [ -72.958106793999946, -36.662697521999974 ], [ -72.957960167999943, -36.661336469999981 ], [ -72.956101669999953, -36.659380117999945 ], [ -72.955217162999986, -36.657746387999964 ], [ -72.953158879999933, -36.658494356999938 ], [ -72.953312246999985, -36.658638115999963 ], [ -72.953058693999935, -36.658708452999974 ], [ -72.95339447899994, -36.659303709999961 ], [ -72.951753593999968, -36.65997426399997 ] ] ] } },
{ "type": "Feature", "properties": { "CUT": 8105, "COMUNA": "HUALQUI", "AREA_C": "URBANO", "DISTRITO": "EL ÁGUILA", "LOCALIDAD": "HUALQUI", "n_per": 396.0, "n_hombres": 199.0, "n_mujeres": 197.0, "n_edad_60_mas": 36.0, "n_asistencia_basica": 53.0, "n_asistencia_media": 16.0, "n_asistencia_superior": 11.0, "n_transporte_auto": 32.0, "n_transporte_publico": 37.0, "n_transporte_camina": 0.0, "n_transporte_bicicleta": 1.0 }, "geometry": { "type": "Polygon", "coordinates": [ [ [ -72.944798638999941, -36.965689862999966 ], [ -72.943843885999968, -36.965728742999943 ], [ -72.940241362999984, -36.96538045899996 ], [ -72.940258872999948, -36.964727592999964 ], [ -72.93760085699995, -36.964652374999957 ], [ -72.937472133999961, -36.965869943999962 ], [ -72.937782889999937, -36.966528774999972 ], [ -72.937205046999964, -36.967442550999976 ], [ -72.93717434399997, -36.967955748999941 ], [ -72.936852029999955, -36.968297141999983 ], [ -72.936794061999933, -36.968598063999934 ], [ -72.93755742899998, -36.968796094999959 ], [ -72.937916994999966, -36.969883884999945 ], [ -72.938394148999976, -36.970126507999964 ], [ -72.938776483999959, -36.970110616999932 ], [ -72.939152843999977, -36.969873805999953 ], [ -72.940925283999945, -36.970089332999976 ], [ -72.941274918999966, -36.96990612899998 ], [ -72.941508158999966, -36.96950910299995 ], [ -72.942671622999967, -36.969240864999961 ], [ -72.944290682999963, -36.969749692999983 ], [ -72.94491039899998, -36.969216409999945 ], [ -72.946363968999947, -36.968478354999945 ], [ -72.947828032999951, -36.965333245999943 ], [ -72.946204901999977, -36.964496836999956 ], [ -72.945655244999955, -36.965213969999979 ], [ -72.944798638999941, -36.965689862999966 ] ] ] } },
{ "type": "Feature", "properties": { "CUT": 8105, "COMUNA": "HUALQUI", "AREA_C": "URBANO", "DISTRITO": "HUALQUI", "LOCALIDAD": "HUALQUI", "n_per": 7463.0, "n_hombres": 3492.0, "n_mujeres": 3971.0, "n_edad_60_mas": 676.0, "n_asistencia_basica": 1016.0, "n_asistencia_media": 512.0, "n_asistencia_superior": 398.0, "n_transporte_auto": 665.0, "n_transporte_publico": 1405.0, "n_transporte_camina": 212.0, "n_transporte_bicicleta": 49.0 }, "geometry": { "type": "Polygon", "coordinates": [ [ [ -72.932750716999976, -36.95942832399993 ], [ -72.932549376999987, -36.959983267999974 ], [ -72.927193462999981, -36.958602586999973 ], [ -72.927038009999933, -36.958843575999936 ], [ -72.926915299999962, -36.960320065999952 ], [ -72.927934755999956, -36.962436906999983 ], [ -72.927532361999965, -36.963624607999975 ], [ -72.927031099999965, -36.96429354299994 ], [ -72.932269486999985, -36.966807806999952 ], [ -72.933174045999976, -36.966523924999933 ], [ -72.936314556999946, -36.966710557999932 ], [ -72.936925447999954, -36.964527724999982 ], [ -72.937563802999989, -36.964801697999974 ], [ -72.938046054999973, -36.963852023999948 ], [ -72.937829083999986, -36.963203834999945 ], [ -72.938193049999938, -36.962124108999944 ], [ -72.937705490999974, -36.961124224999935 ], [ -72.938020260999963, -36.960462741999947 ], [ -72.937139606999949, -36.960113963999959 ], [ -72.937093660999949, -36.959761663999984 ], [ -72.936399432999963, -36.958456714999954 ], [ -72.936009845999934, -36.958444267999937 ], [ -72.935898205999933, -36.957544513999949 ], [ -72.933364663999953, -36.957995164999943 ], [ -72.93341540199998, -36.959358603999931 ], [ -72.932750716999976, -36.95942832399993 ] ] ] } },
{ "type": "Feature", "properties": { "CUT": 8105, "COMUNA": "HUALQUI", "AREA_C": "URBANO", "DISTRITO": "HUALQUI", "LOCALIDAD": "HUALQUI", "n_per": 4200.0, "n_hombres": 1956.0, "n_mujeres": 2244.0, "n_edad_60_mas": 898.0, "n_asistencia_basica": 389.0, "n_asistencia_media": 211.0, "n_asistencia_superior": 200.0, "n_transporte_auto": 273.0, "n_transporte_publico": 879.0, "n_transporte_camina": 189.0, "n_transporte_bicicleta": 41.0 }, "geometry": { "type": "Polygon", "coordinates": [ [ [ -72.925194011999963, -36.966649394999934 ], [ -72.928235050999945, -36.968222774999958 ], [ -72.928585167999984, -36.967852122999943 ], [ -72.930466416999934, -36.968798916999958 ], [ -72.930540299999961, -36.968675413999961 ], [ -72.935021462999941, -36.970849759999965 ], [ -72.93634052699997, -36.970840756999962 ], [ -72.936314556999946, -36.966710557999932 ], [ -72.933174045999976, -36.966523924999933 ], [ -72.932269486999985, -36.966807806999952 ], [ -72.927031099999965, -36.96429354299994 ], [ -72.925194011999963, -36.966649394999934 ] ] ] } },
{ "type": "Feature", "properties": { "CUT": 8105, "COMUNA": "HUALQUI", "AREA_C": "URBANO", "DISTRITO": "HUALQUI", "LOCALIDAD": "HUALQUI", "n_per": 2595.0, "n_hombres": 1224.0, "n_mujeres": 1371.0, "n_edad_60_mas": 742.0, "n_asistencia_basica": 204.0, "n_asistencia_media": 128.0, "n_asistencia_superior": 141.0, "n_transporte_auto": 236.0, "n_transporte_publico": 401.0, "n_transporte_camina": 131.0, "n_transporte_bicicleta": 16.0 }, "geometry": { "type": "Polygon", "coordinates": [ [ [ -72.936260660999949, -36.96857608199997 ], [ -72.936479310999971, -36.972722636999947 ], [ -72.936369053999954, -36.978413587999967 ], [ -72.936866260999977, -36.978707218999944 ], [ -72.93775364399994, -36.978844218999939 ], [ -72.937869428999988, -36.979521156999965 ], [ -72.937116, -36.980266417999928 ], [ -72.939407049999943, -36.981662508999932 ], [ -72.939562167999952, -36.98257549799996 ], [ -72.939937140999973, -36.982965053999976 ], [ -72.94067694499995, -36.98289677899993 ], [ -72.94621953099994, -36.979498797999952 ], [ -72.945992179999962, -36.978949159999956 ], [ -72.946103176999941, -36.978351456999974 ], [ -72.945915648999971, -36.977279106999958 ], [ -72.946356489999971, -36.975481011999932 ], [ -72.946507964999967, -36.974083305999955 ], [ -72.947245910999982, -36.972735581999984 ], [ -72.949677384999973, -36.970116068999971 ], [ -72.948112421999951, -36.969551362999937 ], [ -72.947251771999959, -36.968896566999945 ], [ -72.946317419999957, -36.969182333999981 ], [ -72.945070401999942, -36.969895296999937 ], [ -72.94447913099998, -36.969849005999947 ], [ -72.943853636999961, -36.969509201999983 ], [ -72.942671622999967, -36.969240864999961 ], [ -72.941508158999966, -36.96950910299995 ], [ -72.941274918999966, -36.96990612899998 ], [ -72.940925283999945, -36.970089332999976 ], [ -72.939152843999977, -36.969873805999953 ], [ -72.938611892999972, -36.97014831599995 ], [ -72.938135301999978, -36.970040895999944 ], [ -72.937916994999966, -36.969883884999945 ], [ -72.93755742899998, -36.968796094999959 ], [ -72.936794061999933, -36.968598063999934 ], [ -72.936852029999955, -36.968297141999983 ], [ -72.93717434399997, -36.967955748999941 ], [ -72.937205046999964, -36.967442550999976 ], [ -72.937782889999937, -36.966528774999972 ], [ -72.937472133999961, -36.965869943999962 ], [ -72.937563802999989, -36.964801697999974 ], [ -72.937102107999976, -36.964512983999953 ], [ -72.936925447999954, -36.964527724999982 ], [ -72.936314556999946, -36.966710557999932 ], [ -72.936260660999949, -36.96857608199997 ] ] ] } },
{ "type": "Feature", "properties": { "CUT": 8105, "COMUNA": "HUALQUI", "AREA_C": "URBANO", "DISTRITO": "HUALQUI", "LOCALIDAD": "HUALQUI", "n_per": 4269.0, "n_hombres": 2034.0, "n_mujeres": 2235.0, "n_edad_60_mas": 1000.0, "n_asistencia_basica": 419.0, "n_asistencia_media": 199.0, "n_asistencia_superior": 212.0, "n_transporte_auto": 377.0, "n_transporte_publico": 748.0, "n_transporte_camina": 251.0, "n_transporte_bicicleta": 45.0 }, "geometry": { "type": "Polygon", "coordinates": [ [ [ -72.925194011999963, -36.966649394999934 ], [ -72.924964754999962, -36.970886689999929 ], [ -72.923599975999934, -36.972077027999944 ], [ -72.924118908999958, -36.972567783999978 ], [ -72.924046579999981, -36.973881719999952 ], [ -72.921743040999957, -36.973696355999948 ], [ -72.919487894999975, -36.974374630999932 ], [ -72.920602066999948, -36.97552412899995 ], [ -72.920925661999945, -36.975175393999962 ], [ -72.92320313099998, -36.975539732999948 ], [ -72.924483143999964, -36.975251183999944 ], [ -72.925894292999942, -36.975329931999966 ], [ -72.927088940999965, -36.974616258999959 ], [ -72.928275618999976, -36.974609942999962 ], [ -72.930219722999936, -36.975333345999957 ], [ -72.930464787999938, -36.975617016999934 ], [ -72.930367610999951, -36.975912745999949 ], [ -72.930705494999984, -36.97634674699998 ], [ -72.932401054999957, -36.976917069999956 ], [ -72.934248017999948, -36.978224548999947 ], [ -72.935586561999969, -36.978784104999932 ], [ -72.936186403999955, -36.979970712999943 ], [ -72.937116, -36.980266417999928 ], [ -72.937869428999988, -36.979521156999965 ], [ -72.93775364399994, -36.978844218999939 ], [ -72.936659879999979, -36.978637097999979 ], [ -72.936353018999966, -36.978349677999972 ], [ -72.936496036999984, -36.974471589999951 ], [ -72.93634052699997, -36.970840756999962 ], [ -72.935021462999941, -36.970849759999965 ], [ -72.928585167999984, -36.967852122999943 ], [ -72.928235050999945, -36.968222774999958 ], [ -72.925194011999963, -36.966649394999934 ] ] ] } },
{ "type": "Feature", "properties": { "CUT": 8105, "COMUNA": "HUALQUI", "AREA_C": "URBANO", "DISTRITO": "SAN ONOFRE", "LOCALIDAD": "HUALQUI", "n_per": 474.0, "n_hombres": 240.0, "n_mujeres": 234.0, "n_edad_60_mas": 96.0, "n_asistencia_basica": 45.0, "n_asistencia_media": 20.0, "n_asistencia_superior": 23.0, "n_transporte_auto": 69.0, "n_transporte_publico": 59.0, "n_transporte_camina": 13.0, "n_transporte_bicicleta": 3.0 }, "geometry": { "type": "Polygon", "coordinates": [ [ [ -72.928275618999976, -36.974609942999962 ], [ -72.926961282999969, -36.974663599999928 ], [ -72.925894292999942, -36.975329931999966 ], [ -72.924483143999964, -36.975251183999944 ], [ -72.92320313099998, -36.975539732999948 ], [ -72.920925661999945, -36.975175393999962 ], [ -72.920602066999948, -36.97552412899995 ], [ -72.92436493699995, -36.979535430999931 ], [ -72.925212091999981, -36.980213506999974 ], [ -72.925881795999942, -36.980622556999947 ], [ -72.926263318999986, -36.980613680999966 ], [ -72.927636635999988, -36.979826754999976 ], [ -72.928313500999934, -36.97990482199998 ], [ -72.929964770999959, -36.981248285999982 ], [ -72.930847319999941, -36.981737916999975 ], [ -72.932145377999973, -36.982296156999951 ], [ -72.933100082999943, -36.982158630999947 ], [ -72.932686607999983, -36.983354254999938 ], [ -72.939849434999985, -36.982898251999984 ], [ -72.939562167999952, -36.98257549799996 ], [ -72.939407049999943, -36.981662508999932 ], [ -72.937827600999981, -36.980634647999977 ], [ -72.936844303999976, -36.98012635799995 ], [ -72.936186403999955, -36.979970712999943 ], [ -72.935586561999969, -36.978784104999932 ], [ -72.934248017999948, -36.978224548999947 ], [ -72.932401054999957, -36.976917069999956 ], [ -72.930705494999984, -36.97634674699998 ], [ -72.930367610999951, -36.975912745999949 ], [ -72.930464787999938, -36.975617016999934 ], [ -72.930219722999936, -36.975333345999957 ], [ -72.928275618999976, -36.974609942999962 ] ] ] } },
{ "type": "Feature", "properties": { "CUT": 8105, "COMUNA": "HUALQUI", "AREA_C": "URBANO", "DISTRITO": "SAN ONOFRE", "LOCALIDAD": "HUALQUI", "n_per": 441.0, "n_hombres": 215.0, "n_mujeres": 226.0, "n_edad_60_mas": 117.0, "n_asistencia_basica": 38.0, "n_asistencia_media": 12.0, "n_asistencia_superior": 22.0, "n_transporte_auto": 39.0, "n_transporte_publico": 82.0, "n_transporte_camina": 3.0, "n_transporte_bicicleta": 1.0 }, "geometry": { "type": "Polygon", "coordinates": [ [ [ -72.94067694499995, -36.98289677899993 ], [ -72.939970364999965, -36.982970196999929 ], [ -72.939908188999937, -36.98400682099998 ], [ -72.940213779999965, -36.985237573999939 ], [ -72.940932626999938, -36.98641865299993 ], [ -72.942084446999957, -36.987862390999965 ], [ -72.943157966999934, -36.989740710999968 ], [ -72.944628939999973, -36.991537253999979 ], [ -72.951329142999953, -36.989956846999974 ], [ -72.950148780999939, -36.989272140999958 ], [ -72.949762688999954, -36.988792054999976 ], [ -72.949611323999989, -36.987618382999983 ], [ -72.94859809899998, -36.985863284999937 ], [ -72.948460934999957, -36.98508067299997 ], [ -72.94753243599996, -36.982733444999951 ], [ -72.947157535999963, -36.981291665999947 ], [ -72.946588192999968, -36.980476516999943 ], [ -72.94621953099994, -36.979498797999952 ], [ -72.944122494999988, -36.980676272999972 ], [ -72.942620208999983, -36.981812893999972 ], [ -72.94067694499995, -36.98289677899993 ] ] ] } },
{ "type": "Feature", "properties": { "CUT": 8105, "COMUNA": "HUALQUI", "AREA_C": "URBANO", "DISTRITO": "TALCAMÁVIDA", "LOCALIDAD": "TALCAMÁVIDA", "n_per": 1228.0, "n_hombres": 604.0, "n_mujeres": 624.0, "n_edad_60_mas": 289.0, "n_asistencia_basica": 108.0, "n_asistencia_media": 62.0, "n_asistencia_superior": 51.0, "n_transporte_auto": 64.0, "n_transporte_publico": 158.0, "n_transporte_camina": 29.0, "n_transporte_bicicleta": 0.0 }, "geometry": { "type": "Polygon", "coordinates": [ [ [ -72.911930706999954, -37.155643507999969 ], [ -72.909864525999978, -37.155946400999937 ], [ -72.909293871999978, -37.154738781999981 ], [ -72.908209623999937, -37.154909621999934 ], [ -72.908288712999934, -37.155295667999951 ], [ -72.905837568999971, -37.156223499999953 ], [ -72.905316353999979, -37.15693142899994 ], [ -72.905374674999962, -37.157486497999969 ], [ -72.904694780999989, -37.15749535499998 ], [ -72.905511183999977, -37.159378697999955 ], [ -72.905862218999971, -37.159823459999984 ], [ -72.904502944999933, -37.16063448999995 ], [ -72.903685881999934, -37.161642766999933 ], [ -72.903420370999982, -37.162518654999928 ], [ -72.902194056999974, -37.162782428999947 ], [ -72.902729217999934, -37.163686119999966 ], [ -72.902441700999987, -37.164063155999941 ], [ -72.900554537999938, -37.16459555299997 ], [ -72.899761020999961, -37.164578183999936 ], [ -72.900615902999959, -37.165420000999973 ], [ -72.901600114999951, -37.165573868999957 ], [ -72.903181262999965, -37.166285594999977 ], [ -72.898805203999984, -37.167088689999957 ], [ -72.89681124699996, -37.167260074999945 ], [ -72.897850396999957, -37.168208988999936 ], [ -72.900115553999967, -37.167749890999971 ], [ -72.900711511999987, -37.167880410999942 ], [ -72.901160774999937, -37.167748963999941 ], [ -72.901964993999968, -37.168127510999966 ], [ -72.903792516999943, -37.167240676999938 ], [ -72.903794711999979, -37.16761682799995 ], [ -72.904364074999933, -37.167512725999984 ], [ -72.907724109999947, -37.165879617999963 ], [ -72.909676413999989, -37.165534615999945 ], [ -72.911168301999965, -37.164842288999978 ], [ -72.913329394999948, -37.16438001399996 ], [ -72.914843718999975, -37.163785421999933 ], [ -72.916064167999934, -37.162890122999954 ], [ -72.917401191999943, -37.162332676999938 ], [ -72.917798870999945, -37.161920245999966 ], [ -72.920363256999963, -37.160294220999958 ], [ -72.916969544999972, -37.158033236999984 ], [ -72.916759229999968, -37.155619134999938 ], [ -72.917023900999936, -37.15430521899998 ], [ -72.915712255999949, -37.153581836999933 ], [ -72.915266036999981, -37.153390582999975 ], [ -72.915080858999943, -37.15364623499994 ], [ -72.913911621999944, -37.153997746999949 ], [ -72.913032855999973, -37.15449635799996 ], [ -72.911930706999954, -37.155643507999969 ] ] ] } },
{ "type": "Feature", "properties": { "CUT": 8303, "COMUNA": "CABRERO", "AREA_C": "URBANO", "DISTRITO": "CABRERO", "LOCALIDAD": "CABRERO", "n_per": 3407.0, "n_hombres": 1647.0, "n_mujeres": 1760.0, "n_edad_60_mas": 925.0, "n_asistencia_basica": 276.0, "n_asistencia_media": 138.0, "n_asistencia_superior": 111.0, "n_transporte_auto": 390.0, "n_transporte_publico": 166.0, "n_transporte_camina": 238.0, "n_transporte_bicicleta": 67.0 }, "geometry": { "type": "Polygon", "coordinates": [ [ [ -72.398159187999966, -37.024923557999955 ], [ -72.399675692999949, -37.026652484999943 ], [ -72.399886889999948, -37.027140695999947 ], [ -72.400278475999983, -37.034631457999978 ], [ -72.408345247999989, -37.034341415999961 ], [ -72.408420150999973, -37.035256110999967 ], [ -72.407280212999979, -37.03530385199997 ], [ -72.407479439999975, -37.037531375999947 ], [ -72.406335879999972, -37.037502835999931 ], [ -72.406443895999985, -37.038612302999979 ], [ -72.405610322999962, -37.039010006999945 ], [ -72.405782417999944, -37.039117308999948 ], [ -72.417936314999963, -37.033667949999938 ], [ -72.417075268999952, -37.032195591999937 ], [ -72.412270108999962, -37.032998911999982 ], [ -72.411935708999977, -37.031968598999981 ], [ -72.411153573999968, -37.031997515999933 ], [ -72.411412565999967, -37.031510498999978 ], [ -72.410101546999954, -37.027703079999981 ], [ -72.406918159999975, -37.028345349999938 ], [ -72.406600903999959, -37.027393177999954 ], [ -72.40544258999995, -37.027642972999956 ], [ -72.406027497999958, -37.029218569999955 ], [ -72.405496361999951, -37.029274593999958 ], [ -72.405526726999938, -37.029459388999953 ], [ -72.405165162999936, -37.029498513999954 ], [ -72.404232817999969, -37.029553902999965 ], [ -72.40395442199997, -37.029392164999933 ], [ -72.401885884999956, -37.024180024999964 ], [ -72.399599973999955, -37.025064843999985 ], [ -72.399346188999971, -37.024455684999964 ], [ -72.39949986299996, -37.024406819999967 ], [ -72.399373792999938, -37.023773756999958 ], [ -72.399155362999977, -37.02333859099997 ], [ -72.39963226499998, -37.023158326999976 ], [ -72.397813124999971, -37.020778364999956 ], [ -72.397431328999971, -37.020599260999973 ], [ -72.397528471999976, -37.022707159999982 ], [ -72.398159187999966, -37.024923557999955 ] ] ] } },
{ "type": "Feature", "properties": { "CUT": 8303, "COMUNA": "CABRERO", "AREA_C": "URBANO", "DISTRITO": "CABRERO", "LOCALIDAD": "CABRERO", "n_per": 5553.0, "n_hombres": 2691.0, "n_mujeres": 2862.0, "n_edad_60_mas": 928.0, "n_asistencia_basica": 542.0, "n_asistencia_media": 260.0, "n_asistencia_superior": 254.0, "n_transporte_auto": 431.0, "n_transporte_publico": 356.0, "n_transporte_camina": 283.0, "n_transporte_bicicleta": 123.0 }, "geometry": { "type": "Polygon", "coordinates": [ [ [ -72.397752201999936, -37.027014716999929 ], [ -72.397502657999951, -37.027084783999953 ], [ -72.394943774999945, -37.026018251999972 ], [ -72.39471120099995, -37.026177056999984 ], [ -72.395064398999978, -37.027234795999959 ], [ -72.394836177999935, -37.027608090999934 ], [ -72.393592406999971, -37.027628453999966 ], [ -72.393548943999974, -37.028680407999957 ], [ -72.389539066999987, -37.028296285999943 ], [ -72.389358994999952, -37.029597549999949 ], [ -72.388832407999985, -37.030614037999953 ], [ -72.388866184999983, -37.03146159299996 ], [ -72.388241987999947, -37.03148308699997 ], [ -72.388820834999933, -37.035173008999948 ], [ -72.384603943999934, -37.035642506999977 ], [ -72.38477308399996, -37.036660212999948 ], [ -72.389153397999962, -37.036195030999977 ], [ -72.389440864999983, -37.037725476999981 ], [ -72.389286959999936, -37.037723573999983 ], [ -72.389335260999985, -37.037926625999944 ], [ -72.394275794999942, -37.03811776799995 ], [ -72.394436041999938, -37.033969633999959 ], [ -72.397556430999941, -37.03406360699995 ], [ -72.397724245999939, -37.032757087999983 ], [ -72.399078768999971, -37.032792491999942 ], [ -72.398832809999988, -37.029580232999933 ], [ -72.398684748999983, -37.028716798999938 ], [ -72.398286749999954, -37.027817198999969 ], [ -72.399886889999948, -37.027140695999947 ], [ -72.399675692999949, -37.026652484999943 ], [ -72.398159187999966, -37.024923557999955 ], [ -72.396643046999941, -37.025708504999955 ], [ -72.397752201999936, -37.027014716999929 ] ] ] } },
{ "type": "Feature", "properties": { "CUT": 8303, "COMUNA": "CABRERO", "AREA_C": "URBANO", "DISTRITO": "CABRERO", "LOCALIDAD": "CABRERO", "n_per": 4995.0, "n_hombres": 2306.0, "n_mujeres": 2689.0, "n_edad_60_mas": 449.0, "n_asistencia_basica": 667.0, "n_asistencia_media": 374.0, "n_asistencia_superior": 226.0, "n_transporte_auto": 426.0, "n_transporte_publico": 215.0, "n_transporte_camina": 500.0, "n_transporte_bicicleta": 137.0 }, "geometry": { "type": "Polygon", "coordinates": [ [ [ -72.397724245999939, -37.032757087999983 ], [ -72.397556430999941, -37.03406360699995 ], [ -72.394436041999938, -37.033969633999959 ], [ -72.394275794999942, -37.03811776799995 ], [ -72.389335260999985, -37.037926625999944 ], [ -72.389286959999936, -37.037723573999983 ], [ -72.387924614999974, -37.03770671999996 ], [ -72.388306520999947, -37.039416071999938 ], [ -72.389702504999946, -37.039411867999945 ], [ -72.389781178999954, -37.039733134999949 ], [ -72.396179830999984, -37.039684310999974 ], [ -72.396097277999957, -37.040888436999978 ], [ -72.399575809999988, -37.040892258999975 ], [ -72.399078768999971, -37.032792491999942 ], [ -72.397724245999939, -37.032757087999983 ] ] ] } },
{ "type": "Feature", "properties": { "CUT": 8303, "COMUNA": "CABRERO", "AREA_C": "URBANO", "DISTRITO": "MONTE ÁGUILA", "LOCALIDAD": "MONTE ÁGUILA", "n_per": 2362.0, "n_hombres": 1145.0, "n_mujeres": 1217.0, "n_edad_60_mas": 623.0, "n_asistencia_basica": 206.0, "n_asistencia_media": 113.0, "n_asistencia_superior": 91.0, "n_transporte_auto": 257.0, "n_transporte_publico": 127.0, "n_transporte_camina": 133.0, "n_transporte_bicicleta": 36.0 }, "geometry": { "type": "Polygon", "coordinates": [ [ [ -72.43326185899997, -37.075935366999943 ], [ -72.435797593999951, -37.07866168299995 ], [ -72.432412443999965, -37.078652686999931 ], [ -72.433291349999934, -37.07934604899998 ], [ -72.433739155999945, -37.079961835999939 ], [ -72.433753374999981, -37.080977550999933 ], [ -72.43419406199996, -37.082054901999982 ], [ -72.431376698999941, -37.081004004999954 ], [ -72.43062064999998, -37.080969573999937 ], [ -72.430362548999938, -37.081844872999966 ], [ -72.429481965999969, -37.081783248999955 ], [ -72.431192368999973, -37.083383487999981 ], [ -72.431582056999957, -37.083108890999938 ], [ -72.43200137599996, -37.083501041999966 ], [ -72.43242384499996, -37.083209583999974 ], [ -72.434497810999972, -37.085144474999936 ], [ -72.434729516999937, -37.084994385999948 ], [ -72.435680486999956, -37.08594962799998 ], [ -72.435614354999984, -37.086163380999949 ], [ -72.439730594999958, -37.090004574999966 ], [ -72.443932062999977, -37.087153598999976 ], [ -72.444654559999947, -37.08696767899994 ], [ -72.444999096999936, -37.087418844999945 ], [ -72.445442972999956, -37.087596490999942 ], [ -72.445252989999972, -37.084430268999938 ], [ -72.445018557999958, -37.08441634199994 ], [ -72.445116664999944, -37.083520289999967 ], [ -72.44452963699996, -37.083477441999946 ], [ -72.444535351999946, -37.082772774999967 ], [ -72.443916497999965, -37.081221291999952 ], [ -72.444324879999954, -37.081096894999973 ], [ -72.443040379999957, -37.079231088999961 ], [ -72.44244572599996, -37.079408677999936 ], [ -72.440764915999978, -37.076198247999969 ], [ -72.435599891999971, -37.076921518999939 ], [ -72.434893442999964, -37.076130323999962 ], [ -72.435694312999942, -37.075976105999985 ], [ -72.435367706999955, -37.075115935999975 ], [ -72.43326185899997, -37.075935366999943 ] ] ] } },
{ "type": "Feature", "properties": { "CUT": 8303, "COMUNA": "CABRERO", "AREA_C": "URBANO", "DISTRITO": "MONTE ÁGUILA", "LOCALIDAD": "MONTE ÁGUILA", "n_per": 4033.0, "n_hombres": 1941.0, "n_mujeres": 2092.0, "n_edad_60_mas": 796.0, "n_asistencia_basica": 444.0, "n_asistencia_media": 200.0, "n_asistencia_superior": 168.0, "n_transporte_auto": 422.0, "n_transporte_publico": 307.0, "n_transporte_camina": 203.0, "n_transporte_bicicleta": 114.0 }, "geometry": { "type": "Polygon", "coordinates": [ [ [ -72.426244864999944, -37.081514134999964 ], [ -72.423410477999937, -37.090022879999935 ], [ -72.42625179099997, -37.089511044999938 ], [ -72.426316518999954, -37.092323100999977 ], [ -72.432365342999958, -37.092429017999962 ], [ -72.432428817999948, -37.094741761999956 ], [ -72.432654167999942, -37.096080091999966 ], [ -72.435074390999944, -37.096362640999985 ], [ -72.435016533999942, -37.097044622999931 ], [ -72.437286434999976, -37.096914759999947 ], [ -72.43767143599996, -37.091331736999962 ], [ -72.438466796999933, -37.090941685999951 ], [ -72.439746527999944, -37.089994047999937 ], [ -72.435614354999984, -37.086163380999949 ], [ -72.435680486999956, -37.08594962799998 ], [ -72.434729516999937, -37.084994385999948 ], [ -72.434497810999972, -37.085144474999936 ], [ -72.43242384499996, -37.083209583999974 ], [ -72.43200137599996, -37.083501041999966 ], [ -72.431582056999957, -37.083108890999938 ], [ -72.431192368999973, -37.083383487999981 ], [ -72.429481965999969, -37.081783248999955 ], [ -72.426244864999944, -37.081514134999964 ] ] ] } },
{ "type": "Feature", "properties": { "CUT": 8303, "COMUNA": "CABRERO", "AREA_C": "URBANO", "DISTRITO": "CABRERO", "LOCALIDAD": "CABRERO", "n_per": 1208.0, "n_hombres": 570.0, "n_mujeres": 638.0, "n_edad_60_mas": 351.0, "n_asistencia_basica": 80.0, "n_asistencia_media": 54.0, "n_asistencia_superior": 53.0, "n_transporte_auto": 102.0, "n_transporte_publico": 50.0, "n_transporte_camina": 84.0, "n_transporte_bicicleta": 14.0 }, "geometry": { "type": "Polygon", "coordinates": [ [ [ -72.400278475999983, -37.034631457999978 ], [ -72.399889366999957, -37.027229457999965 ], [ -72.398286749999954, -37.027817198999969 ], [ -72.398684748999983, -37.028716798999938 ], [ -72.398832809999988, -37.029580232999933 ], [ -72.399575809999988, -37.040892258999975 ], [ -72.401841884999953, -37.040794650999942 ], [ -72.403273574999957, -37.04035781999994 ], [ -72.405782417999944, -37.039117308999948 ], [ -72.405610322999962, -37.039010006999945 ], [ -72.406443895999985, -37.038612302999979 ], [ -72.406335879999972, -37.037502835999931 ], [ -72.407479439999975, -37.037531375999947 ], [ -72.407280212999979, -37.03530385199997 ], [ -72.408420150999973, -37.035256110999967 ], [ -72.408345247999989, -37.034341415999961 ], [ -72.400278475999983, -37.034631457999978 ] ] ] } },
{ "type": "Feature", "properties": { "CUT": 8313, "COMUNA": "YUMBEL", "AREA_C": "URBANO", "DISTRITO": "YUMBEL", "LOCALIDAD": "YUMBEL", "n_per": 6116.0, "n_hombres": 2901.0, "n_mujeres": 3215.0, "n_edad_60_mas": 1266.0, "n_asistencia_basica": 614.0, "n_asistencia_media": 330.0, "n_asistencia_superior": 257.0, "n_transporte_auto": 535.0, "n_transporte_publico": 329.0, "n_transporte_camina": 401.0, "n_transporte_bicicleta": 37.0 }, "geometry": { "type": "Polygon", "coordinates": [ [ [ -72.565687866999951, -37.077252684999962 ], [ -72.563855520999937, -37.080185812999957 ], [ -72.560697286999982, -37.079420814999935 ], [ -72.559461567999961, -37.082704795999973 ], [ -72.559617849999938, -37.082813724999937 ], [ -72.55378277899996, -37.087922246999938 ], [ -72.554281319999973, -37.088217777999944 ], [ -72.554697139999973, -37.088208333999944 ], [ -72.555202421999979, -37.087952901999984 ], [ -72.555994666999936, -37.088113651999947 ], [ -72.556577646999983, -37.087981725999953 ], [ -72.556986833999986, -37.088061791999962 ], [ -72.557911010999987, -37.08879753399998 ], [ -72.553772281999954, -37.096525377999967 ], [ -72.551690444999963, -37.096410291999973 ], [ -72.552037527999971, -37.096746400999962 ], [ -72.553004478999981, -37.097289067999952 ], [ -72.55386466799996, -37.097500583999931 ], [ -72.567038926999942, -37.099087529999963 ], [ -72.568028487999982, -37.098927599999968 ], [ -72.571596288999956, -37.097477721999951 ], [ -72.571422475999952, -37.094905723999943 ], [ -72.572760697999968, -37.091486023999948 ], [ -72.570734823999942, -37.092219554999929 ], [ -72.566917875999934, -37.09197002999997 ], [ -72.567236301999969, -37.089301306999971 ], [ -72.568164174999936, -37.089344293999943 ], [ -72.568493065999974, -37.087253920999956 ], [ -72.568315433999942, -37.08703806099993 ], [ -72.567994174999967, -37.08699289499998 ], [ -72.568071428999986, -37.086565534999977 ], [ -72.566024139999968, -37.086335970999983 ], [ -72.566387847999977, -37.084486813999945 ], [ -72.56534430399995, -37.083792979999942 ], [ -72.565972398999975, -37.080481267999971 ], [ -72.565687866999951, -37.077252684999962 ] ] ] } },
{ "type": "Feature", "properties": { "CUT": 8313, "COMUNA": "YUMBEL", "AREA_C": "URBANO", "DISTRITO": "YUMBEL", "LOCALIDAD": "YUMBEL", "n_per": 3935.0, "n_hombres": 1822.0, "n_mujeres": 2113.0, "n_edad_60_mas": 924.0, "n_asistencia_basica": 382.0, "n_asistencia_media": 193.0, "n_asistencia_superior": 163.0, "n_transporte_auto": 362.0, "n_transporte_publico": 227.0, "n_transporte_camina": 308.0, "n_transporte_bicicleta": 51.0 }, "geometry": { "type": "Polygon", "coordinates": [ [ [ -72.553296589999945, -37.097375204999935 ], [ -72.552072863999967, -37.100258437999969 ], [ -72.549390122999966, -37.099888017999945 ], [ -72.54969424899997, -37.101494763999938 ], [ -72.552465095999935, -37.101208377999967 ], [ -72.551616171999967, -37.105132812999955 ], [ -72.553395527999953, -37.105000917999973 ], [ -72.553588889999958, -37.105953392999936 ], [ -72.555272277999961, -37.106006581999964 ], [ -72.552735294999934, -37.108847175999983 ], [ -72.552418543999977, -37.110368189999974 ], [ -72.555467734999979, -37.110539522999943 ], [ -72.555636436999976, -37.109820522999939 ], [ -72.556179722999957, -37.108912502999942 ], [ -72.557134599999983, -37.10938869599994 ], [ -72.558063136999976, -37.108167673999958 ], [ -72.558892845999935, -37.10824109999993 ], [ -72.55907775999998, -37.107451012999945 ], [ -72.562127692999979, -37.107736823999971 ], [ -72.562461799999937, -37.10831740499998 ], [ -72.562567240999954, -37.108286470999928 ], [ -72.565356735999956, -37.105454382999937 ], [ -72.564636244999974, -37.105146033999972 ], [ -72.564895386999979, -37.103726546999951 ], [ -72.565635648999944, -37.103834105999965 ], [ -72.565707544999952, -37.104204528999958 ], [ -72.566142986999978, -37.104233081999951 ], [ -72.566815823999946, -37.103998311999931 ], [ -72.566148077999969, -37.102610787999936 ], [ -72.565776254999946, -37.102610787999936 ], [ -72.565241786999934, -37.101598298999932 ], [ -72.565381008999964, -37.10008896599993 ], [ -72.568754602999945, -37.099493913999936 ], [ -72.570122032999961, -37.100576113999978 ], [ -72.570425553999939, -37.100662833999934 ], [ -72.571461382999985, -37.100346807999983 ], [ -72.571980057999951, -37.100495793999983 ], [ -72.572278608999966, -37.100325816999941 ], [ -72.572259276999944, -37.100111593999941 ], [ -72.571795733999977, -37.099231949999933 ], [ -72.572402775999933, -37.099023821999936 ], [ -72.572411447999968, -37.098781004999978 ], [ -72.571813077999934, -37.098260683999968 ], [ -72.571596288999956, -37.097477721999951 ], [ -72.568028487999982, -37.098927599999968 ], [ -72.567038926999942, -37.099087529999963 ], [ -72.553296589999945, -37.097375204999935 ] ] ] } },
{ "type": "Feature", "properties": { "CUT": 8313, "COMUNA": "YUMBEL", "AREA_C": "URBANO", "DISTRITO": "ESTACIÓN", "LOCALIDAD": "ESTACIÓN YUMBEL", "n_per": 2857.0, "n_hombres": 1370.0, "n_mujeres": 1487.0, "n_edad_60_mas": 737.0, "n_asistencia_basica": 260.0, "n_asistencia_media": 153.0, "n_asistencia_superior": 95.0, "n_transporte_auto": 244.0, "n_transporte_publico": 246.0, "n_transporte_camina": 94.0, "n_transporte_bicicleta": 29.0 }, "geometry": { "type": "Polygon", "coordinates": [ [ [ -72.536533450999968, -37.137600683999949 ], [ -72.535121635999985, -37.140674269999977 ], [ -72.533033013999955, -37.139991792999979 ], [ -72.532671923999942, -37.140845659999968 ], [ -72.531426667999938, -37.140428978999978 ], [ -72.531144071999961, -37.141190674999962 ], [ -72.530457289999958, -37.141816992999964 ], [ -72.530031879999967, -37.142862958999956 ], [ -72.532987685999956, -37.144085704999952 ], [ -72.532960479999986, -37.144469460999971 ], [ -72.531915045999938, -37.144597490999956 ], [ -72.531087641999989, -37.14570458399993 ], [ -72.533023173999936, -37.14665755599998 ], [ -72.536903420999977, -37.14765013899995 ], [ -72.535707645999935, -37.149637566999957 ], [ -72.537461059999941, -37.150257801999942 ], [ -72.536022496999976, -37.152750245999982 ], [ -72.537021240999934, -37.153208804999963 ], [ -72.537435691999974, -37.152520132999939 ], [ -72.539599492999969, -37.153538784999967 ], [ -72.539899096999989, -37.153299101999949 ], [ -72.540544637999972, -37.14920249599993 ], [ -72.540919022999958, -37.148468201999947 ], [ -72.542684716999986, -37.149156776999973 ], [ -72.542965523999953, -37.147778889999984 ], [ -72.546259003999978, -37.149098660999982 ], [ -72.546743366999976, -37.147866295999961 ], [ -72.546053692999976, -37.147699855999974 ], [ -72.548324357999945, -37.145568201999936 ], [ -72.544753086999947, -37.145576579999954 ], [ -72.546011497999984, -37.142733065999948 ], [ -72.544827477999945, -37.142332152999984 ], [ -72.545131238999943, -37.141656437999984 ], [ -72.544465943999967, -37.141441595999936 ], [ -72.548366296999973, -37.13318542899998 ], [ -72.549824286999979, -37.131654014999981 ], [ -72.546215887999949, -37.128554626999971 ], [ -72.545562804999975, -37.130931046999933 ], [ -72.542591115999983, -37.137103622999973 ], [ -72.538341254999978, -37.137204962999931 ], [ -72.536533450999968, -37.137600683999949 ] ] ] } },
{ "type": "Feature", "properties": { "CUT": 8304, "COMUNA": "LAJA", "AREA_C": "URBANO", "DISTRITO": "LAJA NORTE", "LOCALIDAD": "LA LAJA – SAN ROSENDO", "n_per": 2248.0, "n_hombres": 1078.0, "n_mujeres": 1170.0, "n_edad_60_mas": 625.0, "n_asistencia_basica": 200.0, "n_asistencia_media": 115.0, "n_asistencia_superior": 87.0, "n_transporte_auto": 171.0, "n_transporte_publico": 194.0, "n_transporte_camina": 180.0, "n_transporte_bicicleta": 18.0 }, "geometry": { "type": "Polygon", "coordinates": [ [ [ -72.706057148999946, -37.25854839699997 ], [ -72.70506947399997, -37.257828725999957 ], [ -72.704565803999969, -37.258107332999941 ], [ -72.707563385999947, -37.262176026999953 ], [ -72.712104161999946, -37.269535918999964 ], [ -72.711121460999948, -37.270081901999959 ], [ -72.711561345999939, -37.270425875999933 ], [ -72.712343199999964, -37.271777818999965 ], [ -72.712750065999955, -37.273321090999957 ], [ -72.714226640999982, -37.275372136999977 ], [ -72.718918305999978, -37.277567333999968 ], [ -72.720127353999942, -37.275064019999945 ], [ -72.726220653999974, -37.276729551999949 ], [ -72.727605622999988, -37.275128780999978 ], [ -72.728194210999959, -37.270834974999957 ], [ -72.724958765999986, -37.269476785999984 ], [ -72.720404066999947, -37.268118827999956 ], [ -72.716901700999983, -37.267388539999956 ], [ -72.716426582999986, -37.267103219999967 ], [ -72.715287515999933, -37.265921395999953 ], [ -72.713829044999954, -37.263877321999985 ], [ -72.71392321999997, -37.263001404999955 ], [ -72.713225815999976, -37.262119839999968 ], [ -72.712268732999974, -37.260249432999956 ], [ -72.711497255999973, -37.259424298999932 ], [ -72.70968548999997, -37.256861428999969 ], [ -72.706057148999946, -37.25854839699997 ] ] ] } },
{ "type": "Feature", "properties": { "CUT": 8304, "COMUNA": "LAJA", "AREA_C": "URBANO", "DISTRITO": "LAJA NORTE", "LOCALIDAD": "LA LAJA – SAN ROSENDO", "n_per": 4280.0, "n_hombres": 2007.0, "n_mujeres": 2273.0, "n_edad_60_mas": 566.0, "n_asistencia_basica": 543.0, "n_asistencia_media": 281.0, "n_asistencia_superior": 225.0, "n_transporte_auto": 339.0, "n_transporte_publico": 700.0, "n_transporte_camina": 196.0, "n_transporte_bicicleta": 28.0 }, "geometry": { "type": "Polygon", "coordinates": [ [ [ -72.703016779999984, -37.259495605999973 ], [ -72.703275004999966, -37.259939929999973 ], [ -72.703577560999975, -37.259809380999968 ], [ -72.703750025999966, -37.260193483999956 ], [ -72.701004289999958, -37.261251329999936 ], [ -72.703201659999934, -37.265443683999933 ], [ -72.704057627999987, -37.266673388999948 ], [ -72.705503860999954, -37.267894300999956 ], [ -72.705783531999941, -37.26834869299995 ], [ -72.706475513999976, -37.268748907999964 ], [ -72.70709702299996, -37.269413430999975 ], [ -72.707261886999959, -37.269347722999953 ], [ -72.707381692999945, -37.269822250999937 ], [ -72.708435229999964, -37.270337078999944 ], [ -72.708868278999944, -37.270479722999937 ], [ -72.71065383399997, -37.270000185999947 ], [ -72.711121460999948, -37.270081901999959 ], [ -72.712104161999946, -37.269535918999964 ], [ -72.707563385999947, -37.262176026999953 ], [ -72.704957696999941, -37.258617459999982 ], [ -72.703016779999984, -37.259495605999973 ] ] ] } },
{ "type": "Feature", "properties": { "CUT": 8304, "COMUNA": "LAJA", "AREA_C": "URBANO", "DISTRITO": "LAJA NORTE", "LOCALIDAD": "LA LAJA – SAN ROSENDO", "n_per": 3115.0, "n_hombres": 1502.0, "n_mujeres": 1613.0, "n_edad_60_mas": 826.0, "n_asistencia_basica": 273.0, "n_asistencia_media": 150.0, "n_asistencia_superior": 139.0, "n_transporte_auto": 217.0, "n_transporte_publico": 220.0, "n_transporte_camina": 196.0, "n_transporte_bicicleta": 23.0 }, "geometry": { "type": "Polygon", "coordinates": [ [ [ -72.707261886999959, -37.269347722999953 ], [ -72.702364131999957, -37.271299752999937 ], [ -72.702396004999969, -37.271481222999967 ], [ -72.701799835999964, -37.271392465999952 ], [ -72.701270167999951, -37.271934982999937 ], [ -72.699958580999976, -37.272297112999979 ], [ -72.700427551999951, -37.273166221999929 ], [ -72.700588951999976, -37.273999299999957 ], [ -72.702187838999976, -37.274350879999929 ], [ -72.702746425999976, -37.274620732999949 ], [ -72.703082701999961, -37.274896256999966 ], [ -72.703458977999958, -37.275600298999962 ], [ -72.704924615999971, -37.277121540999929 ], [ -72.705580721999979, -37.277404627999942 ], [ -72.706778364999934, -37.277524966999977 ], [ -72.708198376999974, -37.278028393999932 ], [ -72.709114049999982, -37.27896461499995 ], [ -72.709274595999943, -37.279810298999962 ], [ -72.709136487999956, -37.280198909999967 ], [ -72.709770931999969, -37.281459537999979 ], [ -72.70936041799996, -37.279343650999976 ], [ -72.711231329999976, -37.278578208999932 ], [ -72.711738705999949, -37.277950697999984 ], [ -72.712919266999961, -37.277120472999968 ], [ -72.714226640999982, -37.275372136999977 ], [ -72.712750065999955, -37.273321090999957 ], [ -72.712343199999964, -37.271777818999965 ], [ -72.711284335999949, -37.270112437999956 ], [ -72.71065383399997, -37.270000185999947 ], [ -72.708868278999944, -37.270479722999937 ], [ -72.707381692999945, -37.269822250999937 ], [ -72.707261886999959, -37.269347722999953 ] ] ] } },
{ "type": "Feature", "properties": { "CUT": 8304, "COMUNA": "LAJA", "AREA_C": "URBANO", "DISTRITO": "LAJA NORTE", "LOCALIDAD": "LA LAJA – SAN ROSENDO", "n_per": 1589.0, "n_hombres": 765.0, "n_mujeres": 824.0, "n_edad_60_mas": 467.0, "n_asistencia_basica": 136.0, "n_asistencia_media": 88.0, "n_asistencia_superior": 79.0, "n_transporte_auto": 102.0, "n_transporte_publico": 95.0, "n_transporte_camina": 203.0, "n_transporte_bicicleta": 4.0 }, "geometry": { "type": "Polygon", "coordinates": [ [ [ -72.720102029999964, -37.275111574999983 ], [ -72.718918305999978, -37.277567333999968 ], [ -72.714226640999982, -37.275372136999977 ], [ -72.712919266999961, -37.277120472999968 ], [ -72.711738705999949, -37.277950697999984 ], [ -72.711231329999976, -37.278578208999932 ], [ -72.70936041799996, -37.279343650999976 ], [ -72.709770931999969, -37.281459537999979 ], [ -72.709452260999967, -37.281560828999943 ], [ -72.709948537999935, -37.282212661999949 ], [ -72.710808291999967, -37.282822834999934 ], [ -72.715178396999988, -37.284630292999964 ], [ -72.71598967999995, -37.284719616999951 ], [ -72.716460026999982, -37.285094094999977 ], [ -72.720603404999963, -37.286634693999929 ], [ -72.721320968999976, -37.28420960099993 ], [ -72.723780221999959, -37.279511416999981 ], [ -72.726220653999974, -37.276729551999949 ], [ -72.720102029999964, -37.275111574999983 ] ] ] } },
{ "type": "Feature", "properties": { "CUT": 8304, "COMUNA": "LAJA", "AREA_C": "URBANO", "DISTRITO": "LAJA SUR", "LOCALIDAD": "LA LAJA – SAN ROSENDO", "n_per": 2098.0, "n_hombres": 969.0, "n_mujeres": 1129.0, "n_edad_60_mas": 405.0, "n_asistencia_basica": 218.0, "n_asistencia_media": 110.0, "n_asistencia_superior": 105.0, "n_transporte_auto": 190.0, "n_transporte_publico": 269.0, "n_transporte_camina": 73.0, "n_transporte_bicicleta": 7.0 }, "geometry": { "type": "Polygon", "coordinates": [ [ [ -72.695727612999974, -37.276667551999935 ], [ -72.695577625999988, -37.27724234599998 ], [ -72.696307151999974, -37.277340115999948 ], [ -72.694747981999967, -37.28263395099998 ], [ -72.694863129999987, -37.282835277999936 ], [ -72.695957572999987, -37.283305482999936 ], [ -72.695574682999961, -37.284380197999951 ], [ -72.695438223999986, -37.285640350999984 ], [ -72.698103684999978, -37.286413939999932 ], [ -72.69883772999998, -37.284174019999966 ], [ -72.699717049999947, -37.283293970999978 ], [ -72.700543577999952, -37.282969979999962 ], [ -72.701071390999971, -37.278200245999983 ], [ -72.700207618999968, -37.27788183499996 ], [ -72.699529679999955, -37.277286656999934 ], [ -72.698219694999977, -37.277779322999947 ], [ -72.697746442999971, -37.277503789999969 ], [ -72.696410278999963, -37.277188991999935 ], [ -72.696104458999969, -37.276705443999958 ], [ -72.695727612999974, -37.276667551999935 ] ] ] } },
{ "type": "Feature", "properties": { "CUT": 8304, "COMUNA": "LAJA", "AREA_C": "URBANO", "DISTRITO": "LAJA SUR", "LOCALIDAD": "LA LAJA – SAN ROSENDO", "n_per": 1946.0, "n_hombres": 911.0, "n_mujeres": 1035.0, "n_edad_60_mas": 576.0, "n_asistencia_basica": 167.0, "n_asistencia_media": 77.0, "n_asistencia_superior": 86.0, "n_transporte_auto": 147.0, "n_transporte_publico": 171.0, "n_transporte_camina": 81.0, "n_transporte_bicicleta": 3.0 }, "geometry": { "type": "Polygon", "coordinates": [ [ [ -72.701071067999976, -37.278203369999972 ], [ -72.700543577999952, -37.282969979999962 ], [ -72.699717049999947, -37.283293970999978 ], [ -72.69883772999998, -37.284174019999966 ], [ -72.698103684999978, -37.286413939999932 ], [ -72.701199383999949, -37.287254531999963 ], [ -72.702338699999984, -37.286957531999974 ], [ -72.702715326999964, -37.286606506999931 ], [ -72.706791259999989, -37.287558840999964 ], [ -72.704803520999974, -37.29487387599994 ], [ -72.705781237999986, -37.294979239999975 ], [ -72.706631061999985, -37.294538435999982 ], [ -72.707751869999981, -37.294434260999935 ], [ -72.709067000999937, -37.294498398999963 ], [ -72.709259983999971, -37.294636685999933 ], [ -72.709196220999956, -37.295868298999949 ], [ -72.709322676999989, -37.296243755999967 ], [ -72.709187695999958, -37.296781324999984 ], [ -72.709560619999934, -37.296984111999961 ], [ -72.709672993999959, -37.297256116999961 ], [ -72.709369782999943, -37.29850302899996 ], [ -72.70941398399998, -37.298937428999977 ], [ -72.709668848999968, -37.298053187999983 ], [ -72.715707402999954, -37.298169901999984 ], [ -72.715768762999971, -37.297760343999983 ], [ -72.718887377999977, -37.292843523999977 ], [ -72.720603404999963, -37.286634693999929 ], [ -72.716460026999982, -37.285094094999977 ], [ -72.71598967999995, -37.284719616999951 ], [ -72.715178396999988, -37.284630292999964 ], [ -72.710728641999935, -37.282783804999951 ], [ -72.709948537999935, -37.282212661999949 ], [ -72.709452260999967, -37.281560828999943 ], [ -72.709674461999953, -37.281472663999978 ], [ -72.709136487999956, -37.280198909999967 ], [ -72.706338543999948, -37.279851992999966 ], [ -72.705752995999944, -37.279372087999946 ], [ -72.705184180999936, -37.279207866999968 ], [ -72.704635790999987, -37.279429364999942 ], [ -72.704104639999969, -37.279436691999933 ], [ -72.702657923999936, -37.278673856999944 ], [ -72.701748405999979, -37.278529798999955 ], [ -72.701071067999976, -37.278203369999972 ] ] ] } },
{ "type": "Feature", "properties": { "CUT": 8306, "COMUNA": "NACIMIENTO", "AREA_C": "URBANO", "DISTRITO": "NACIMIENTO", "LOCALIDAD": "NACIMIENTO", "n_per": 4498.0, "n_hombres": 2142.0, "n_mujeres": 2356.0, "n_edad_60_mas": 844.0, "n_asistencia_basica": 497.0, "n_asistencia_media": 282.0, "n_asistencia_superior": 182.0, "n_transporte_auto": 376.0, "n_transporte_publico": 355.0, "n_transporte_camina": 182.0, "n_transporte_bicicleta": 6.0 }, "geometry": { "type": "Polygon", "coordinates": [ [ [ -72.688788960999943, -37.485833767999964 ], [ -72.687042310999971, -37.487113585999964 ], [ -72.684996210999941, -37.486060445999954 ], [ -72.684713422999948, -37.486410315999933 ], [ -72.683971659999941, -37.486797484999954 ], [ -72.684136495999951, -37.48712409999996 ], [ -72.681310791999977, -37.490804470999933 ], [ -72.680679535999957, -37.490462031999982 ], [ -72.679934092999986, -37.490309484999955 ], [ -72.679773298999976, -37.490824849999967 ], [ -72.676270284999987, -37.489689871999929 ], [ -72.672954689999983, -37.486952591999966 ], [ -72.671896790999938, -37.487686527999983 ], [ -72.669967292999956, -37.48956609499993 ], [ -72.666812771999957, -37.491581159999953 ], [ -72.665230071999986, -37.493804292999982 ], [ -72.664529719999962, -37.495261875999972 ], [ -72.664214677999951, -37.496664445999954 ], [ -72.66426493299997, -37.498555275999934 ], [ -72.665624114999957, -37.498676037999985 ], [ -72.66770594999997, -37.499829733999945 ], [ -72.66891816499998, -37.499505469999974 ], [ -72.669582672999979, -37.49970577199997 ], [ -72.669901443999947, -37.499961461999931 ], [ -72.670182865999948, -37.500727641999958 ], [ -72.673288369999966, -37.50015471699993 ], [ -72.673557340999935, -37.500921052999956 ], [ -72.675406510999949, -37.500554569999963 ], [ -72.679535490999967, -37.500080006999951 ], [ -72.683564076999971, -37.499241905999952 ], [ -72.684082323999974, -37.499303776999966 ], [ -72.683863845999952, -37.498671029999969 ], [ -72.683537499999943, -37.498687246999964 ], [ -72.682779745999937, -37.496554276999973 ], [ -72.683680335999952, -37.496005088999937 ], [ -72.684262973999978, -37.494722401999979 ], [ -72.683481625999946, -37.492673490999948 ], [ -72.68810207599995, -37.489991913999972 ], [ -72.691384939999978, -37.488398853999968 ], [ -72.691494625999951, -37.48752514499995 ], [ -72.689669727999956, -37.486676727999964 ], [ -72.689031099999966, -37.486226642999952 ], [ -72.688788960999943, -37.485833767999964 ] ] ] } },
{ "type": "Feature", "properties": { "CUT": 8306, "COMUNA": "NACIMIENTO", "AREA_C": "URBANO", "DISTRITO": "NACIMIENTO", "LOCALIDAD": "NACIMIENTO", "n_per": 3514.0, "n_hombres": 1689.0, "n_mujeres": 1825.0, "n_edad_60_mas": 668.0, "n_asistencia_basica": 370.0, "n_asistencia_media": 157.0, "n_asistencia_superior": 154.0, "n_transporte_auto": 317.0, "n_transporte_publico": 403.0, "n_transporte_camina": 149.0, "n_transporte_bicicleta": 8.0 }, "geometry": { "type": "Polygon", "coordinates": [ [ [ -72.682779745999937, -37.496554276999973 ], [ -72.683558756999957, -37.49872523099998 ], [ -72.683863845999952, -37.498671029999969 ], [ -72.684082323999974, -37.499303776999966 ], [ -72.687321916999963, -37.498351087999936 ], [ -72.693521270999952, -37.49125429399993 ], [ -72.692758935999962, -37.49096269599994 ], [ -72.692901110999969, -37.490324317999978 ], [ -72.691932949999966, -37.490057012999955 ], [ -72.69094641099997, -37.489548642999978 ], [ -72.690838461999988, -37.489056516999938 ], [ -72.691384939999978, -37.488398853999968 ], [ -72.68810207599995, -37.489991913999972 ], [ -72.683481625999946, -37.492673490999948 ], [ -72.684262973999978, -37.494722401999979 ], [ -72.683680335999952, -37.496005088999937 ], [ -72.682779745999937, -37.496554276999973 ] ] ] } },
{ "type": "Feature", "properties": { "CUT": 8306, "COMUNA": "NACIMIENTO", "AREA_C": "URBANO", "DISTRITO": "PICHÚN", "LOCALIDAD": "NACIMIENTO", "n_per": 6020.0, "n_hombres": 2840.0, "n_mujeres": 3180.0, "n_edad_60_mas": 826.0, "n_asistencia_basica": 749.0, "n_asistencia_media": 403.0, "n_asistencia_superior": 310.0, "n_transporte_auto": 696.0, "n_transporte_publico": 678.0, "n_transporte_camina": 293.0, "n_transporte_bicicleta": 19.0 }, "geometry": { "type": "Polygon", "coordinates": [ [ [ -72.667447731999971, -37.509272689999932 ], [ -72.667965902999981, -37.511077271999966 ], [ -72.67434756199998, -37.51166573699993 ], [ -72.674751897999954, -37.510482567999929 ], [ -72.675488608999956, -37.509288175999984 ], [ -72.679651049999961, -37.510519221999971 ], [ -72.683101979999947, -37.511834415999942 ], [ -72.685688392999964, -37.51201608599996 ], [ -72.687927735999949, -37.512382271999968 ], [ -72.691083360999983, -37.506635997999979 ], [ -72.691149533999976, -37.505658479999965 ], [ -72.690769927999952, -37.503255396999975 ], [ -72.695732912999972, -37.497100278999937 ], [ -72.696012158999963, -37.496485792999977 ], [ -72.696122048999939, -37.495636716999968 ], [ -72.696769268999958, -37.495279566999955 ], [ -72.696439577999968, -37.493959752999956 ], [ -72.69460175599994, -37.492987791999951 ], [ -72.694419187999983, -37.492257248999977 ], [ -72.694091355999944, -37.492030432999968 ], [ -72.693807682999989, -37.49140379399995 ], [ -72.693521270999952, -37.49125429399993 ], [ -72.685518829999978, -37.500408296999979 ], [ -72.682726065999987, -37.505213915999946 ], [ -72.681992924999975, -37.505829802999983 ], [ -72.679628627999989, -37.507243564999953 ], [ -72.678575505999959, -37.507690755999931 ], [ -72.67714508499995, -37.508033437999984 ], [ -72.667447731999971, -37.509272689999932 ] ] ] } },
{ "type": "Feature", "properties": { "CUT": 8306, "COMUNA": "NACIMIENTO", "AREA_C": "URBANO", "DISTRITO": "ESTACIÓN", "LOCALIDAD": "NACIMIENTO", "n_per": 4126.0, "n_hombres": 2043.0, "n_mujeres": 2083.0, "n_edad_60_mas": 808.0, "n_asistencia_basica": 425.0, "n_asistencia_media": 251.0, "n_asistencia_superior": 168.0, "n_transporte_auto": 278.0, "n_transporte_publico": 311.0, "n_transporte_camina": 294.0, "n_transporte_bicicleta": 12.0 }, "geometry": { "type": "Polygon", "coordinates": [ [ [ -72.652748376999966, -37.501010943999972 ], [ -72.653640791999976, -37.507881990999977 ], [ -72.653075048999938, -37.507017724999969 ], [ -72.652235569999959, -37.50692989099997 ], [ -72.651151735999974, -37.507256212999948 ], [ -72.646099470999957, -37.507954118999976 ], [ -72.645095906999984, -37.506602219999934 ], [ -72.642095425999969, -37.508186372999944 ], [ -72.642664105999984, -37.509031421999964 ], [ -72.642284024999981, -37.50927791099997 ], [ -72.642962963999935, -37.510246077999966 ], [ -72.644628632999968, -37.510079621999978 ], [ -72.649223340999981, -37.511302137999962 ], [ -72.648244815999988, -37.512078843999973 ], [ -72.650199303999955, -37.511427705999949 ], [ -72.667447731999971, -37.509272689999932 ], [ -72.66610783699997, -37.504839459999971 ], [ -72.664967186999945, -37.502216216999955 ], [ -72.664564347999942, -37.500699958999974 ], [ -72.664253410999947, -37.498396541999966 ], [ -72.664214677999951, -37.496664445999954 ], [ -72.664386496999953, -37.495740551999972 ], [ -72.662947775999953, -37.496831307999969 ], [ -72.662206525999977, -37.497883263999938 ], [ -72.661630160999948, -37.498245968999981 ], [ -72.659006796999961, -37.499051425999937 ], [ -72.655905088999987, -37.500334968999937 ], [ -72.654471108999985, -37.500751696999941 ], [ -72.652748376999966, -37.501010943999972 ] ] ] } },
{ "type": "Feature", "properties": { "CUT": 8306, "COMUNA": "NACIMIENTO", "AREA_C": "URBANO", "DISTRITO": "NACIMIENTO", "LOCALIDAD": "NACIMIENTO", "n_per": 2189.0, "n_hombres": 1053.0, "n_mujeres": 1136.0, "n_edad_60_mas": 593.0, "n_asistencia_basica": 202.0, "n_asistencia_media": 116.0, "n_asistencia_superior": 71.0, "n_transporte_auto": 239.0, "n_transporte_publico": 175.0, "n_transporte_camina": 114.0, "n_transporte_bicicleta": 5.0 }, "geometry": { "type": "Polygon", "coordinates": [ [ [ -72.684203262999972, -37.49922345899995 ], [ -72.679535490999967, -37.500080006999951 ], [ -72.675406510999949, -37.500554569999963 ], [ -72.673557340999935, -37.500921052999956 ], [ -72.674555785999985, -37.504166404999978 ], [ -72.67427921899997, -37.505261677999954 ], [ -72.67521452799997, -37.506787592999956 ], [ -72.675529232999963, -37.508242455999948 ], [ -72.67748510399997, -37.507975967999982 ], [ -72.678871369999968, -37.507590579999942 ], [ -72.682355689999952, -37.505558484999938 ], [ -72.68310532299995, -37.504700050999929 ], [ -72.685152863999974, -37.500932663999947 ], [ -72.687321916999963, -37.498351087999936 ], [ -72.684203262999972, -37.49922345899995 ] ] ] } },
{ "type": "Feature", "properties": { "CUT": 8306, "COMUNA": "NACIMIENTO", "AREA_C": "URBANO", "DISTRITO": "NACIMIENTO", "LOCALIDAD": "NACIMIENTO", "n_per": 2011.0, "n_hombres": 972.0, "n_mujeres": 1039.0, "n_edad_60_mas": 559.0, "n_asistencia_basica": 181.0, "n_asistencia_media": 77.0, "n_asistencia_superior": 80.0, "n_transporte_auto": 187.0, "n_transporte_publico": 145.0, "n_transporte_camina": 168.0, "n_transporte_bicicleta": 6.0 }, "geometry": { "type": "Polygon", "coordinates": [ [ [ -72.66426493299997, -37.498555275999934 ], [ -72.664967186999945, -37.502216216999955 ], [ -72.66610783699997, -37.504839459999971 ], [ -72.667447731999971, -37.509272689999932 ], [ -72.675529232999963, -37.508242455999948 ], [ -72.67521452799997, -37.506787592999956 ], [ -72.67427921899997, -37.505261677999954 ], [ -72.674555785999985, -37.504166404999978 ], [ -72.673369610999941, -37.500203797999973 ], [ -72.670182865999948, -37.500727641999958 ], [ -72.669901443999947, -37.499961461999931 ], [ -72.669652207999945, -37.499735769999972 ], [ -72.66891816499998, -37.499505469999974 ], [ -72.66770594999997, -37.499829733999945 ], [ -72.665371493999942, -37.498634072999948 ], [ -72.66426493299997, -37.498555275999934 ] ] ] } },
{ "type": "Feature", "properties": { "CUT": 8310, "COMUNA": "SAN ROSENDO", "AREA_C": "URBANO", "DISTRITO": "SAN ROSENDO", "LOCALIDAD": "LA LAJA – SAN ROSENDO", "n_per": 2902.0, "n_hombres": 1395.0, "n_mujeres": 1507.0, "n_edad_60_mas": 767.0, "n_asistencia_basica": 264.0, "n_asistencia_media": 169.0, "n_asistencia_superior": 129.0, "n_transporte_auto": 226.0, "n_transporte_publico": 313.0, "n_transporte_camina": 183.0, "n_transporte_bicicleta": 16.0 }, "geometry": { "type": "Polygon", "coordinates": [ [ [ -72.728144785999973, -37.25392353899997 ], [ -72.727524518999985, -37.254764201999933 ], [ -72.726099886999975, -37.254625793999935 ], [ -72.724819782999987, -37.25618204999995 ], [ -72.72396942599994, -37.256626360999974 ], [ -72.724248143999944, -37.257741573999965 ], [ -72.723025881999945, -37.258512326999949 ], [ -72.722384667999961, -37.25931498999995 ], [ -72.722080096999946, -37.259353060999956 ], [ -72.721732695999947, -37.259100837999938 ], [ -72.721390052999936, -37.259100837999938 ], [ -72.720936821999942, -37.259521081999935 ], [ -72.720819960999961, -37.259976924999933 ], [ -72.719668173999935, -37.259987422999984 ], [ -72.719561214999942, -37.260337431999972 ], [ -72.719180422999955, -37.260030305999976 ], [ -72.717677221999963, -37.261615829999982 ], [ -72.717743459999951, -37.261906149999959 ], [ -72.720007675999966, -37.263713067999959 ], [ -72.718342242999938, -37.264079691999939 ], [ -72.717316927999946, -37.263779858999953 ], [ -72.716996564999988, -37.263348378999979 ], [ -72.716719971999964, -37.263262382999983 ], [ -72.714527737999958, -37.264856566999981 ], [ -72.715287515999933, -37.265921395999953 ], [ -72.716426582999986, -37.267103219999967 ], [ -72.716901700999983, -37.267388539999956 ], [ -72.720404066999947, -37.268118827999956 ], [ -72.724958765999986, -37.269476785999984 ], [ -72.728194210999959, -37.270834974999957 ], [ -72.729623015999948, -37.268845714999941 ], [ -72.736735271999976, -37.261174429999983 ], [ -72.732345976999966, -37.257604217999983 ], [ -72.732037107999986, -37.25783587799998 ], [ -72.730946071999938, -37.257589971999948 ], [ -72.730708275999973, -37.257733379999934 ], [ -72.731160452999973, -37.256699570999956 ], [ -72.731800956999962, -37.256793551999976 ], [ -72.73207881999997, -37.256634017999943 ], [ -72.731845393999947, -37.255603085999951 ], [ -72.731263543999944, -37.255378320999966 ], [ -72.730718317999958, -37.254771972999947 ], [ -72.729549209999959, -37.254429861999938 ], [ -72.729168696999977, -37.254042846999937 ], [ -72.728144785999973, -37.25392353899997 ] ] ] } },
{ "type": "Feature", "properties": { "CUT": 8301, "COMUNA": "LOS ÁNGELES", "AREA_C": "URBANO", "DISTRITO": "SANTA FÉ", "LOCALIDAD": "MILLANTÚ", "n_per": 1426.0, "n_hombres": 693.0, "n_mujeres": 733.0, "n_edad_60_mas": 310.0, "n_asistencia_basica": 146.0, "n_asistencia_media": 75.0, "n_asistencia_superior": 51.0, "n_transporte_auto": 86.0, "n_transporte_publico": 171.0, "n_transporte_camina": 25.0, "n_transporte_bicicleta": 4.0 }, "geometry": { "type": "Polygon", "coordinates": [ [ [ -72.622099506999973, -37.393287946999976 ], [ -72.618218923999962, -37.393177242999968 ], [ -72.617896504999976, -37.394586610999966 ], [ -72.614414089999968, -37.394618263999973 ], [ -72.61404085099997, -37.395837036999978 ], [ -72.613193247999959, -37.400597941999933 ], [ -72.611782016999939, -37.400496217999944 ], [ -72.60996685799995, -37.40627148699997 ], [ -72.611830204999933, -37.406743676999952 ], [ -72.612624164999943, -37.407500843999969 ], [ -72.612846262999938, -37.407180854999979 ], [ -72.614436286999933, -37.40781571399998 ], [ -72.614999638999961, -37.406668614999944 ], [ -72.615319109999973, -37.406787550999979 ], [ -72.616095563999977, -37.405412241999954 ], [ -72.615649067999982, -37.405261442999972 ], [ -72.61602161999997, -37.404620748999946 ], [ -72.614957897999943, -37.404216435999956 ], [ -72.616796080999961, -37.401909197999942 ], [ -72.619990065999957, -37.402128933999961 ], [ -72.620207738999966, -37.401239501999953 ], [ -72.621636846999934, -37.401397832999976 ], [ -72.626920259999963, -37.400767121999934 ], [ -72.626359497999943, -37.400079042999948 ], [ -72.626223434999986, -37.399465910999936 ], [ -72.626295438999989, -37.398189167999931 ], [ -72.626051762999964, -37.396820551999951 ], [ -72.626417514999957, -37.396656674999974 ], [ -72.626473507999947, -37.395838863999984 ], [ -72.626316257999974, -37.395508704999941 ], [ -72.623953092999955, -37.395240629999932 ], [ -72.624655073999975, -37.39327856899996 ], [ -72.624426426999946, -37.392786939999951 ], [ -72.623893265999982, -37.392463099999929 ], [ -72.623909990999948, -37.391933535999954 ], [ -72.623472344999982, -37.391281249999963 ], [ -72.622099506999973, -37.393287946999976 ] ] ] } },
{ "type": "Feature", "properties": { "CUT": 8301, "COMUNA": "LOS ÁNGELES", "AREA_C": "URBANO", "DISTRITO": "LAS VEGAS", "LOCALIDAD": "LOS ÁNGELES", "n_per": 1567.0, "n_hombres": 762.0, "n_mujeres": 805.0, "n_edad_60_mas": 134.0, "n_asistencia_basica": 200.0, "n_asistencia_media": 64.0, "n_asistencia_superior": 37.0, "n_transporte_auto": 482.0, "n_transporte_publico": 107.0, "n_transporte_camina": 10.0, "n_transporte_bicicleta": 12.0 }, "geometry": { "type": "MultiPolygon", "coordinates": [ [ [ [ -72.368106314999977, -37.452594419999969 ], [ -72.370764991999977, -37.454029280999976 ], [ -72.371758858999954, -37.453952279999953 ], [ -72.372355131999939, -37.45437555999996 ], [ -72.374660011999936, -37.454021312999942 ], [ -72.374913764999974, -37.45327001499993 ], [ -72.374810998999976, -37.45283518399998 ], [ -72.375270608999983, -37.452944523999975 ], [ -72.376054086999943, -37.45365129399994 ], [ -72.377019118999954, -37.453974608999943 ], [ -72.378493545999959, -37.453993828999955 ], [ -72.379449459999989, -37.453708660999951 ], [ -72.38070281399996, -37.453781645999982 ], [ -72.380651387999933, -37.451419993999934 ], [ -72.377609065999934, -37.451405482999974 ], [ -72.377603962999956, -37.452745934999939 ], [ -72.374988268999971, -37.452734182999961 ], [ -72.370764377999933, -37.451054702999954 ], [ -72.366999862999933, -37.450720903999979 ], [ -72.367073047999952, -37.452419937999935 ], [ -72.368106314999977, -37.452594419999969 ] ] ], [ [ [ -72.397970369999939, -37.444053 ], [ -72.398101751999945, -37.443560988999934 ], [ -72.397580569999946, -37.443331757999943 ], [ -72.396301188999985, -37.441832107999971 ], [ -72.395178610999949, -37.443143351999936 ], [ -72.386264474999962, -37.447737752999956 ], [ -72.383708782999975, -37.447708314999943 ], [ -72.383694375999937, -37.448013461999949 ], [ -72.386114323999948, -37.448189532999947 ], [ -72.386505871999987, -37.448661026999957 ], [ -72.384088235999968, -37.448521840999945 ], [ -72.384006101999944, -37.448772481999981 ], [ -72.38673079299997, -37.448933238999984 ], [ -72.387308927999982, -37.450211573999979 ], [ -72.387222809999969, -37.450280003999978 ], [ -72.386839820999967, -37.449940509999976 ], [ -72.38596178399996, -37.449896907999971 ], [ -72.386030436999988, -37.449368092999975 ], [ -72.384656063999955, -37.449283527999967 ], [ -72.384634053999946, -37.449810872999933 ], [ -72.384857960999966, -37.449825417999932 ], [ -72.384838448999972, -37.45037525999993 ], [ -72.387302646999956, -37.450502516999961 ], [ -72.387505401999988, -37.451030513999967 ], [ -72.39072968399995, -37.450537100999952 ], [ -72.392632535999951, -37.451106584999934 ], [ -72.392946827999936, -37.451336236999964 ], [ -72.396836863999965, -37.448491511999976 ], [ -72.396762920999947, -37.448279069999955 ], [ -72.397486876999949, -37.445741158999965 ], [ -72.397459871999956, -37.445340408999982 ], [ -72.397147423999968, -37.445395978999954 ], [ -72.397970369999939, -37.444053 ] ] ] ] } },
{ "type": "Feature", "properties": { "CUT": 8301, "COMUNA": "LOS ÁNGELES", "AREA_C": "URBANO", "DISTRITO": "SOR VICENTA", "LOCALIDAD": "LOS ÁNGELES", "n_per": 6936.0, "n_hombres": 3324.0, "n_mujeres": 3612.0, "n_edad_60_mas": 1038.0, "n_asistencia_basica": 839.0, "n_asistencia_media": 343.0, "n_asistencia_superior": 211.0, "n_transporte_auto": 1250.0, "n_transporte_publico": 392.0, "n_transporte_camina": 102.0, "n_transporte_bicicleta": 39.0 }, "geometry": { "type": "Polygon", "coordinates": [ [ [ -72.339802541999973, -37.439527510999937 ], [ -72.339515100999961, -37.442987244999983 ], [ -72.336880946999941, -37.44772782299998 ], [ -72.33610033399998, -37.448662455999965 ], [ -72.339889046999986, -37.452290524999967 ], [ -72.344530163999934, -37.456161446999943 ], [ -72.346876915999985, -37.459301169999947 ], [ -72.347782863999953, -37.45883342999997 ], [ -72.347608280999964, -37.458636177999949 ], [ -72.354936671999951, -37.458986828999969 ], [ -72.35489533599997, -37.452297675999944 ], [ -72.353906193999933, -37.452229015999933 ], [ -72.353834788999961, -37.450752330999933 ], [ -72.354229614999952, -37.450732052999967 ], [ -72.354487655999947, -37.449601489999964 ], [ -72.353398235999975, -37.448973559999956 ], [ -72.352868444999956, -37.448231777999979 ], [ -72.35226382899998, -37.44788931599993 ], [ -72.351834373999964, -37.447307474999945 ], [ -72.35033464199995, -37.446187986999973 ], [ -72.347002095999983, -37.443143981999981 ], [ -72.34508700899994, -37.44238906399994 ], [ -72.344469518999972, -37.441933632999962 ], [ -72.343676302999938, -37.441753594999966 ], [ -72.342786821999937, -37.440800926999941 ], [ -72.342235377999941, -37.439657612999952 ], [ -72.340792437999937, -37.439435899999978 ], [ -72.340734522999981, -37.439236349999931 ], [ -72.339886302999957, -37.43877570099994 ], [ -72.339644401999976, -37.438796619999948 ], [ -72.339802541999973, -37.439527510999937 ] ] ] } },
{ "type": "Feature", "properties": { "CUT": 8301, "COMUNA": "LOS ÁNGELES", "AREA_C": "URBANO", "DISTRITO": "SOR VICENTA", "LOCALIDAD": "LOS ÁNGELES", "n_per": 6353.0, "n_hombres": 2976.0, "n_mujeres": 3377.0, "n_edad_60_mas": 841.0, "n_asistencia_basica": 765.0, "n_asistencia_media": 345.0, "n_asistencia_superior": 251.0, "n_transporte_auto": 1167.0, "n_transporte_publico": 458.0, "n_transporte_camina": 70.0, "n_transporte_bicicleta": 35.0 }, "geometry": { "type": "Polygon", "coordinates": [ [ [ -72.327328236999961, -37.456746581999937 ], [ -72.329310420999946, -37.457516823999981 ], [ -72.329608630999985, -37.458219679999956 ], [ -72.329567336999958, -37.458585951999964 ], [ -72.331343530999959, -37.459468646999937 ], [ -72.331279674999962, -37.459814759999972 ], [ -72.331933676999938, -37.460178093999957 ], [ -72.332182546999945, -37.460819003999973 ], [ -72.332760530999963, -37.46130668099994 ], [ -72.336214470999948, -37.455000827999982 ], [ -72.339995774999977, -37.452385119999974 ], [ -72.336132984999949, -37.448690615999965 ], [ -72.327100997999935, -37.441118840999934 ], [ -72.32669046999996, -37.455996525999979 ], [ -72.327328236999961, -37.456746581999937 ] ] ] } },
{ "type": "Feature", "properties": { "CUT": 8301, "COMUNA": "LOS ÁNGELES", "AREA_C": "URBANO", "DISTRITO": "SANTA FÉ", "LOCALIDAD": "SANTA FÉ", "n_per": 2726.0, "n_hombres": 1312.0, "n_mujeres": 1414.0, "n_edad_60_mas": 640.0, "n_asistencia_basica": 243.0, "n_asistencia_media": 146.0, "n_asistencia_superior": 102.0, "n_transporte_auto": 191.0, "n_transporte_publico": 163.0, "n_transporte_camina": 49.0, "n_transporte_bicicleta": 10.0 }, "geometry": { "type": "Polygon", "coordinates": [ [ [ -72.582251680999946, -37.461169173999963 ], [ -72.581224026999962, -37.461206435999941 ], [ -72.581278202999954, -37.46078657399994 ], [ -72.580750944999977, -37.460748665999972 ], [ -72.580393178999941, -37.461684060999971 ], [ -72.579464134999967, -37.462594121999985 ], [ -72.576512027999968, -37.462991257999931 ], [ -72.576749641999982, -37.465258693999942 ], [ -72.569707376999986, -37.46586616899998 ], [ -72.569801493999989, -37.469729463999954 ], [ -72.573347351999985, -37.469595615999935 ], [ -72.573398688999987, -37.470592065999938 ], [ -72.574599450999983, -37.470577184999968 ], [ -72.57462639299996, -37.471092842999951 ], [ -72.583198373999949, -37.470868014999951 ], [ -72.583030852999968, -37.468576353999936 ], [ -72.584563421999974, -37.468585585999961 ], [ -72.584554061999938, -37.467630949999943 ], [ -72.589594818999956, -37.467696437999962 ], [ -72.589587560999973, -37.468781134999972 ], [ -72.590434728999981, -37.468797241999937 ], [ -72.590469533999965, -37.467713486999969 ], [ -72.592647302999978, -37.467753719999962 ], [ -72.592629622999937, -37.469221208999954 ], [ -72.593438639999988, -37.469221208999954 ], [ -72.593506200999968, -37.467764187999933 ], [ -72.595187409999937, -37.467784676999941 ], [ -72.595034063999947, -37.472068218999937 ], [ -72.594534492999969, -37.472061175999954 ], [ -72.594542627999942, -37.473996862999968 ], [ -72.590884099999982, -37.474210337999978 ], [ -72.590928296999948, -37.475944609999942 ], [ -72.595623434999936, -37.475746499999957 ], [ -72.597257354999954, -37.475827802999959 ], [ -72.597357428999942, -37.473847749999948 ], [ -72.597000564999973, -37.47383703099996 ], [ -72.597089500999971, -37.470647283999938 ], [ -72.59815305799998, -37.470686369999953 ], [ -72.597797546999971, -37.468562281999937 ], [ -72.603332069999965, -37.468661850999979 ], [ -72.603224543999943, -37.470886038999936 ], [ -72.606936016999953, -37.470964799999933 ], [ -72.607060625999964, -37.470869458999971 ], [ -72.607226473999958, -37.46841091899995 ], [ -72.608898084999964, -37.468538795999962 ], [ -72.608940217999987, -37.468021298999929 ], [ -72.610652166999955, -37.467945185999952 ], [ -72.61065969699996, -37.467661704999955 ], [ -72.613418411999987, -37.467505756999969 ], [ -72.613438156999962, -37.467667239999969 ], [ -72.614666201999967, -37.46761950399997 ], [ -72.614765553999973, -37.469161833999976 ], [ -72.615604227999938, -37.468699061999985 ], [ -72.616115373999946, -37.468671145999963 ], [ -72.616404415999966, -37.468903854999951 ], [ -72.616338457999973, -37.468001114999936 ], [ -72.617125728999952, -37.468220555999949 ], [ -72.617086426999947, -37.467653243999962 ], [ -72.622016748999954, -37.467461211999932 ], [ -72.622182497999972, -37.466251058999944 ], [ -72.622445626999934, -37.466188475999957 ], [ -72.622352951999972, -37.465492860999973 ], [ -72.620477825999956, -37.465589720999958 ], [ -72.620620183999961, -37.465323740999963 ], [ -72.62054864199996, -37.461974865999935 ], [ -72.619212654999956, -37.46202131299998 ], [ -72.619179343999974, -37.461455027999932 ], [ -72.618403712999964, -37.46149311399995 ], [ -72.61837565899998, -37.461278945999936 ], [ -72.617784548999964, -37.46130631099993 ], [ -72.617857528999934, -37.462072397999975 ], [ -72.61650745299994, -37.462104242999942 ], [ -72.616489472999945, -37.461366256999952 ], [ -72.610256598999968, -37.461654632999966 ], [ -72.610265532999961, -37.461897465999982 ], [ -72.609313851999957, -37.461980921999952 ], [ -72.607739599999945, -37.461977569999931 ], [ -72.607744256999979, -37.461674313999936 ], [ -72.606383275999974, -37.461652624999942 ], [ -72.606383815999948, -37.46222006499994 ], [ -72.604452975999948, -37.462176554999985 ], [ -72.60446454199996, -37.461732842999936 ], [ -72.603611155999943, -37.461708846999954 ], [ -72.603606188999947, -37.461854400999982 ], [ -72.600337064999962, -37.461714619999952 ], [ -72.600339033999944, -37.461556303999942 ], [ -72.589491671999951, -37.461336837999966 ], [ -72.590571021999949, -37.45716994199995 ], [ -72.588815499999953, -37.456681123999942 ], [ -72.592132142999958, -37.449993203999952 ], [ -72.589837726999974, -37.449302437999961 ], [ -72.585662966999962, -37.457780480999929 ], [ -72.583318001999942, -37.457826995999937 ], [ -72.582251680999946, -37.461169173999963 ] ] ] } },
{ "type": "Feature", "properties": { "CUT": 8301, "COMUNA": "LOS ÁNGELES", "AREA_C": "URBANO", "DISTRITO": "MERCADO", "LOCALIDAD": "LOS ÁNGELES", "n_per": 3061.0, "n_hombres": 1529.0, "n_mujeres": 1532.0, "n_edad_60_mas": 572.0, "n_asistencia_basica": 245.0, "n_asistencia_media": 126.0, "n_asistencia_superior": 125.0, "n_transporte_auto": 271.0, "n_transporte_publico": 307.0, "n_transporte_camina": 99.0, "n_transporte_bicicleta": 47.0 }, "geometry": { "type": "Polygon", "coordinates": [ [ [ -72.35489533599997, -37.452297675999944 ], [ -72.355057818999967, -37.462159726999971 ], [ -72.35662726299995, -37.461977364999939 ], [ -72.358823451999967, -37.461994602999937 ], [ -72.358879405999971, -37.460606109999958 ], [ -72.366674533999969, -37.460754024999972 ], [ -72.36695390999995, -37.456144000999984 ], [ -72.365527395999948, -37.455917560999978 ], [ -72.365206629999989, -37.45605908999994 ], [ -72.36387586799998, -37.456051920999982 ], [ -72.363536452999938, -37.454894463999949 ], [ -72.362080222999964, -37.454804043999957 ], [ -72.360070296999936, -37.454277307999973 ], [ -72.357331581999972, -37.452986024999973 ], [ -72.356861661999972, -37.452628576999984 ], [ -72.355627569999967, -37.452285557999971 ], [ -72.35489533599997, -37.452297675999944 ] ] ] } },
{ "type": "Feature", "properties": { "CUT": 8301, "COMUNA": "LOS ÁNGELES", "AREA_C": "URBANO", "DISTRITO": "AVENIDA MAIPÚ", "LOCALIDAD": "LOS ÁNGELES", "n_per": 3057.0, "n_hombres": 1450.0, "n_mujeres": 1607.0, "n_edad_60_mas": 764.0, "n_asistencia_basica": 330.0, "n_asistencia_media": 157.0, "n_asistencia_superior": 108.0, "n_transporte_auto": 442.0, "n_transporte_publico": 287.0, "n_transporte_camina": 63.0, "n_transporte_bicicleta": 44.0 }, "geometry": { "type": "Polygon", "coordinates": [ [ [ -72.383624226999984, -37.447707340999955 ], [ -72.383645982999951, -37.449941012999943 ], [ -72.383249569999975, -37.449936573999935 ], [ -72.383044323999968, -37.450424035999959 ], [ -72.380622058999961, -37.450527534999935 ], [ -72.38070281399996, -37.453781645999982 ], [ -72.379449459999989, -37.453708660999951 ], [ -72.378493545999959, -37.453993828999955 ], [ -72.377019118999954, -37.453974608999943 ], [ -72.376054086999943, -37.45365129399994 ], [ -72.375270608999983, -37.452944523999975 ], [ -72.374810998999976, -37.45283518399998 ], [ -72.374913764999974, -37.45327001499993 ], [ -72.374660011999936, -37.454021312999942 ], [ -72.372355131999939, -37.45437555999996 ], [ -72.371758858999954, -37.453952279999953 ], [ -72.370764991999977, -37.454029280999976 ], [ -72.368049184999961, -37.452563034999969 ], [ -72.367073047999952, -37.452419937999935 ], [ -72.367070915999989, -37.454633122999951 ], [ -72.366674533999969, -37.460754024999972 ], [ -72.367624599999942, -37.460768891999976 ], [ -72.367193313999962, -37.463056327999936 ], [ -72.372465424999973, -37.463286007999955 ], [ -72.372808574999965, -37.460758620999968 ], [ -72.374855211999943, -37.460583941999971 ], [ -72.377936645999966, -37.460005545999934 ], [ -72.377815020999947, -37.456354158999943 ], [ -72.387505401999988, -37.451030513999967 ], [ -72.387302646999956, -37.450502516999961 ], [ -72.384838448999972, -37.45037525999993 ], [ -72.384857960999966, -37.449825417999932 ], [ -72.384634053999946, -37.449810872999933 ], [ -72.384656063999955, -37.449283527999967 ], [ -72.386030436999988, -37.449368092999975 ], [ -72.38596178399996, -37.449896907999971 ], [ -72.386839820999967, -37.449940509999976 ], [ -72.387271445999943, -37.450305374999971 ], [ -72.38673079299997, -37.448933238999984 ], [ -72.384006101999944, -37.448772481999981 ], [ -72.384088235999968, -37.448521840999945 ], [ -72.386505871999987, -37.448661026999957 ], [ -72.386114323999948, -37.448189532999947 ], [ -72.383737479999979, -37.448043920999964 ], [ -72.383624226999984, -37.447707340999955 ] ] ] } },
{ "type": "Feature", "properties": { "CUT": 8301, "COMUNA": "LOS ÁNGELES", "AREA_C": "URBANO", "DISTRITO": "SOR VICENTA", "LOCALIDAD": "LOS ÁNGELES", "n_per": 1756.0, "n_hombres": 849.0, "n_mujeres": 907.0, "n_edad_60_mas": 519.0, "n_asistencia_basica": 122.0, "n_asistencia_media": 72.0, "n_asistencia_superior": 70.0, "n_transporte_auto": 126.0, "n_transporte_publico": 142.0, "n_transporte_camina": 64.0, "n_transporte_bicicleta": 26.0 }, "geometry": { "type": "Polygon", "coordinates": [ [ [ -72.338993673999937, -37.456141072999969 ], [ -72.341567282999961, -37.456905359999951 ], [ -72.341919255999983, -37.456718654999975 ], [ -72.342369444999974, -37.456853137999929 ], [ -72.342713899999978, -37.456115620999981 ], [ -72.343649199999959, -37.455420304999961 ], [ -72.339995774999977, -37.452385119999974 ], [ -72.336214470999948, -37.455000827999982 ], [ -72.338993673999937, -37.456141072999969 ] ] ] } },
{ "type": "Feature", "properties": { "CUT": 8301, "COMUNA": "LOS ÁNGELES", "AREA_C": "URBANO", "DISTRITO": "SOR VICENTA", "LOCALIDAD": "LOS ÁNGELES", "n_per": 2209.0, "n_hombres": 997.0, "n_mujeres": 1212.0, "n_edad_60_mas": 628.0, "n_asistencia_basica": 195.0, "n_asistencia_media": 93.0, "n_asistencia_superior": 88.0, "n_transporte_auto": 319.0, "n_transporte_publico": 171.0, "n_transporte_camina": 44.0, "n_transporte_bicicleta": 13.0 }, "geometry": { "type": "Polygon", "coordinates": [ [ [ -72.336214470999948, -37.455000827999982 ], [ -72.334397187999969, -37.458260362999965 ], [ -72.340645062999954, -37.46150076899994 ], [ -72.341310893999946, -37.459299968999971 ], [ -72.342369444999974, -37.456853137999929 ], [ -72.341919255999983, -37.456718654999975 ], [ -72.341567282999961, -37.456905359999951 ], [ -72.339491509999959, -37.456306482999935 ], [ -72.336214470999948, -37.455000827999982 ] ] ] } },
{ "type": "Feature", "properties": { "CUT": 8301, "COMUNA": "LOS ÁNGELES", "AREA_C": "URBANO", "DISTRITO": "SOR VICENTA", "LOCALIDAD": "LOS ÁNGELES", "n_per": 1055.0, "n_hombres": 493.0, "n_mujeres": 562.0, "n_edad_60_mas": 366.0, "n_asistencia_basica": 61.0, "n_asistencia_media": 50.0, "n_asistencia_superior": 29.0, "n_transporte_auto": 84.0, "n_transporte_publico": 81.0, "n_transporte_camina": 48.0, "n_transporte_bicicleta": 15.0 }, "geometry": { "type": "Polygon", "coordinates": [ [ [ -72.346542386999943, -37.461347911999951 ], [ -72.347972513999935, -37.460697124999967 ], [ -72.344530163999934, -37.456161446999943 ], [ -72.343649199999959, -37.455420304999961 ], [ -72.342675729999939, -37.456169372999966 ], [ -72.341165237999974, -37.459783345999938 ], [ -72.346542386999943, -37.461347911999951 ] ] ] } },
{ "type": "Feature", "properties": { "CUT": 8301, "COMUNA": "LOS ÁNGELES", "AREA_C": "URBANO", "DISTRITO": "AVENIDA MAIPÚ", "LOCALIDAD": "LOS ÁNGELES", "n_per": 8243.0, "n_hombres": 3865.0, "n_mujeres": 4378.0, "n_edad_60_mas": 1352.0, "n_asistencia_basica": 951.0, "n_asistencia_media": 544.0, "n_asistencia_superior": 333.0, "n_transporte_auto": 648.0, "n_transporte_publico": 1007.0, "n_transporte_camina": 134.0, "n_transporte_bicicleta": 171.0 }, "geometry": { "type": "Polygon", "coordinates": [ [ [ -72.372808574999965, -37.460758620999968 ], [ -72.37184397599998, -37.466005696999957 ], [ -72.374968128999967, -37.466448230999958 ], [ -72.37635490599996, -37.462761052999952 ], [ -72.376782597999977, -37.462872238999978 ], [ -72.376833890999933, -37.462744033999968 ], [ -72.378818647999935, -37.463263190999953 ], [ -72.379829917999984, -37.463730159999955 ], [ -72.379439937999962, -37.464922064999939 ], [ -72.38142557599997, -37.465402228999949 ], [ -72.382016184999941, -37.465773695999985 ], [ -72.382188536999934, -37.465787924999972 ], [ -72.382504561999951, -37.464896427999975 ], [ -72.385812201999954, -37.465715074999935 ], [ -72.385442256999966, -37.464328777999981 ], [ -72.385691289999954, -37.464207082999962 ], [ -72.385389166999971, -37.463079155999935 ], [ -72.385980486999983, -37.462961738999979 ], [ -72.385492202999956, -37.461170903999971 ], [ -72.387398200999939, -37.460517046999939 ], [ -72.385933228999988, -37.456955529999959 ], [ -72.377841170999943, -37.460045947999959 ], [ -72.374855211999943, -37.460583941999971 ], [ -72.372808574999965, -37.460758620999968 ] ] ] } },
{ "type": "Feature", "properties": { "CUT": 8301, "COMUNA": "LOS ÁNGELES", "AREA_C": "URBANO", "DISTRITO": "PLAZA BRASIL", "LOCALIDAD": "LOS ÁNGELES", "n_per": 3994.0, "n_hombres": 1858.0, "n_mujeres": 2136.0, "n_edad_60_mas": 632.0, "n_asistencia_basica": 381.0, "n_asistencia_media": 168.0, "n_asistencia_superior": 149.0, "n_transporte_auto": 678.0, "n_transporte_publico": 295.0, "n_transporte_camina": 221.0, "n_transporte_bicicleta": 70.0 }, "geometry": { "type": "Polygon", "coordinates": [ [ [ -72.32669046999996, -37.455996525999979 ], [ -72.326450465999983, -37.466158600999961 ], [ -72.338382725999963, -37.468578621999939 ], [ -72.338767143999974, -37.467332485999975 ], [ -72.341214009999987, -37.467809860999978 ], [ -72.34219724999997, -37.468352347999939 ], [ -72.343355548999966, -37.464593807999961 ], [ -72.341596588999948, -37.463741417999984 ], [ -72.334977103999961, -37.461488104999944 ], [ -72.334073282999952, -37.46122440299996 ], [ -72.333696686999986, -37.461328373999947 ], [ -72.33326588999995, -37.461050729999954 ], [ -72.332726672999968, -37.461293116999968 ], [ -72.332182546999945, -37.460819003999973 ], [ -72.331933676999938, -37.460178093999957 ], [ -72.331279674999962, -37.459814759999972 ], [ -72.331343530999959, -37.459468646999937 ], [ -72.329567336999958, -37.458585951999964 ], [ -72.329580082999939, -37.458108648999939 ], [ -72.329247237999937, -37.457465833999947 ], [ -72.327328236999961, -37.456746581999937 ], [ -72.32669046999996, -37.455996525999979 ] ] ] } },
{ "type": "Feature", "properties": { "CUT": 8301, "COMUNA": "LOS ÁNGELES", "AREA_C": "URBANO", "DISTRITO": "SOR VICENTA", "LOCALIDAD": "LOS ÁNGELES", "n_per": 3353.0, "n_hombres": 1532.0, "n_mujeres": 1821.0, "n_edad_60_mas": 1057.0, "n_asistencia_basica": 254.0, "n_asistencia_media": 123.0, "n_asistencia_superior": 107.0, "n_transporte_auto": 444.0, "n_transporte_publico": 256.0, "n_transporte_camina": 171.0, "n_transporte_bicicleta": 37.0 }, "geometry": { "type": "Polygon", "coordinates": [ [ [ -72.334397187999969, -37.458260362999965 ], [ -72.332760530999963, -37.46130668099994 ], [ -72.33326588999995, -37.461050729999954 ], [ -72.333696686999986, -37.461328373999947 ], [ -72.334138970999959, -37.46123489699994 ], [ -72.338607055999944, -37.462649057999954 ], [ -72.342387464999945, -37.464083621999976 ], [ -72.344662299999982, -37.465279216999932 ], [ -72.347817379999981, -37.467740338999931 ], [ -72.348166976999948, -37.467852114999971 ], [ -72.348201337999967, -37.461178686999972 ], [ -72.347972513999935, -37.460697124999967 ], [ -72.346646059999955, -37.461379151999949 ], [ -72.341165237999974, -37.459783345999938 ], [ -72.340645062999954, -37.46150076899994 ], [ -72.334397187999969, -37.458260362999965 ] ] ] } },
{ "type": "Feature", "properties": { "CUT": 8301, "COMUNA": "LOS ÁNGELES", "AREA_C": "URBANO", "DISTRITO": "SOR VICENTA", "LOCALIDAD": "LOS ÁNGELES", "n_per": 1350.0, "n_hombres": 623.0, "n_mujeres": 727.0, "n_edad_60_mas": 453.0, "n_asistencia_basica": 83.0, "n_asistencia_media": 41.0, "n_asistencia_superior": 36.0, "n_transporte_auto": 109.0, "n_transporte_publico": 127.0, "n_transporte_camina": 134.0, "n_transporte_bicicleta": 21.0 }, "geometry": { "type": "Polygon", "coordinates": [ [ [ -72.348178449999978, -37.465089528999954 ], [ -72.355143195999972, -37.465105280999978 ], [ -72.354936671999951, -37.458986828999969 ], [ -72.347608280999964, -37.458636177999949 ], [ -72.347782863999953, -37.45883342999997 ], [ -72.346876915999985, -37.459301169999947 ], [ -72.348179157999937, -37.461074241999938 ], [ -72.348178449999978, -37.465089528999954 ] ] ] } },
{ "type": "Feature", "properties": { "CUT": 8301, "COMUNA": "LOS ÁNGELES", "AREA_C": "URBANO", "DISTRITO": "AVENIDA MAIPÚ", "LOCALIDAD": "LOS ÁNGELES", "n_per": 2862.0, "n_hombres": 1384.0, "n_mujeres": 1478.0, "n_edad_60_mas": 498.0, "n_asistencia_basica": 376.0, "n_asistencia_media": 174.0, "n_asistencia_superior": 91.0, "n_transporte_auto": 279.0, "n_transporte_publico": 381.0, "n_transporte_camina": 41.0, "n_transporte_bicicleta": 39.0 }, "geometry": { "type": "Polygon", "coordinates": [ [ [ -72.402344264999954, -37.461849321999978 ], [ -72.401942916999985, -37.462000340999964 ], [ -72.401776522999967, -37.462584395999954 ], [ -72.400166566999985, -37.462884965999933 ], [ -72.399227474999975, -37.463621235999938 ], [ -72.398098678999986, -37.463898247999964 ], [ -72.397652018999963, -37.463514437999947 ], [ -72.397672347999958, -37.464204051999957 ], [ -72.394730307999964, -37.464239015999965 ], [ -72.394309913999962, -37.467484799999966 ], [ -72.399455117999935, -37.467814124999961 ], [ -72.399075878999952, -37.474934878999932 ], [ -72.400910189999934, -37.47456193599993 ], [ -72.403772826999955, -37.474645186999965 ], [ -72.404226887999982, -37.474583078999956 ], [ -72.404553286999942, -37.474319914999967 ], [ -72.406052748999969, -37.474179397999933 ], [ -72.406579761999978, -37.470947004999971 ], [ -72.40308043999994, -37.471061476999978 ], [ -72.403069220999953, -37.469736685999976 ], [ -72.402208046999988, -37.469562271999962 ], [ -72.402493816999936, -37.46675571399993 ], [ -72.406012688999965, -37.466359196999974 ], [ -72.408555980999949, -37.462433450999981 ], [ -72.40845460099996, -37.462275473999966 ], [ -72.406906055999968, -37.46195778699996 ], [ -72.405959625999969, -37.462242071999981 ], [ -72.402736553999944, -37.462091885999939 ], [ -72.402719007999963, -37.461902880999958 ], [ -72.402344264999954, -37.461849321999978 ] ] ] } },
{ "type": "Feature", "properties": { "CUT": 8301, "COMUNA": "LOS ÁNGELES", "AREA_C": "URBANO", "DISTRITO": "MERCADO", "LOCALIDAD": "LOS ÁNGELES", "n_per": 1528.0, "n_hombres": 733.0, "n_mujeres": 795.0, "n_edad_60_mas": 493.0, "n_asistencia_basica": 97.0, "n_asistencia_media": 40.0, "n_asistencia_superior": 60.0, "n_transporte_auto": 117.0, "n_transporte_publico": 158.0, "n_transporte_camina": 65.0, "n_transporte_bicicleta": 36.0 }, "geometry": { "type": "Polygon", "coordinates": [ [ [ -72.361328639999954, -37.460653519999937 ], [ -72.361188118999962, -37.465316537999968 ], [ -72.363515165999956, -37.465361382999959 ], [ -72.363937908999958, -37.462982287999978 ], [ -72.367193313999962, -37.463056327999936 ], [ -72.367624599999942, -37.460768891999976 ], [ -72.361328639999954, -37.460653519999937 ] ] ] } },
{ "type": "Feature", "properties": { "CUT": 8301, "COMUNA": "LOS ÁNGELES", "AREA_C": "URBANO", "DISTRITO": "MERCADO", "LOCALIDAD": "LOS ÁNGELES", "n_per": 1100.0, "n_hombres": 509.0, "n_mujeres": 591.0, "n_edad_60_mas": 371.0, "n_asistencia_basica": 68.0, "n_asistencia_media": 28.0, "n_asistencia_superior": 35.0, "n_transporte_auto": 88.0, "n_transporte_publico": 115.0, "n_transporte_camina": 58.0, "n_transporte_bicicleta": 28.0 }, "geometry": { "type": "Polygon", "coordinates": [ [ [ -72.358776239999941, -37.462007879999931 ], [ -72.35662726299995, -37.461977364999939 ], [ -72.355057818999967, -37.462159726999971 ], [ -72.355108965999989, -37.463669406999941 ], [ -72.356895078999969, -37.463645958999962 ], [ -72.360133808999933, -37.465045362999945 ], [ -72.361188118999962, -37.465316537999968 ], [ -72.361328639999954, -37.460653519999937 ], [ -72.358879405999971, -37.460606109999958 ], [ -72.358776239999941, -37.462007879999931 ] ] ] } },
{ "type": "Feature", "properties": { "CUT": 8301, "COMUNA": "LOS ÁNGELES", "AREA_C": "URBANO", "DISTRITO": "AVENIDA MAIPÚ", "LOCALIDAD": "LOS ÁNGELES", "n_per": 6332.0, "n_hombres": 2957.0, "n_mujeres": 3375.0, "n_edad_60_mas": 792.0, "n_asistencia_basica": 769.0, "n_asistencia_media": 467.0, "n_asistencia_superior": 289.0, "n_transporte_auto": 464.0, "n_transporte_publico": 818.0, "n_transporte_camina": 80.0, "n_transporte_bicicleta": 130.0 }, "geometry": { "type": "Polygon", "coordinates": [ [ [ -72.376833890999933, -37.462744033999968 ], [ -72.376782597999977, -37.462872238999978 ], [ -72.37635490599996, -37.462761052999952 ], [ -72.374968128999967, -37.466448230999958 ], [ -72.386746120999987, -37.469209962999969 ], [ -72.385812201999954, -37.465715074999935 ], [ -72.382504561999951, -37.464896427999975 ], [ -72.382188536999934, -37.465787924999972 ], [ -72.382016184999941, -37.465773695999985 ], [ -72.38142557599997, -37.465402228999949 ], [ -72.379439937999962, -37.464922064999939 ], [ -72.379829917999984, -37.463730159999955 ], [ -72.378818647999935, -37.463263190999953 ], [ -72.376833890999933, -37.462744033999968 ] ] ] } },
{ "type": "Feature", "properties": { "CUT": 8301, "COMUNA": "LOS ÁNGELES", "AREA_C": "URBANO", "DISTRITO": "MERCADO", "LOCALIDAD": "LOS ÁNGELES", "n_per": 1563.0, "n_hombres": 768.0, "n_mujeres": 795.0, "n_edad_60_mas": 401.0, "n_asistencia_basica": 133.0, "n_asistencia_media": 80.0, "n_asistencia_superior": 61.0, "n_transporte_auto": 109.0, "n_transporte_publico": 159.0, "n_transporte_camina": 68.0, "n_transporte_bicicleta": 33.0 }, "geometry": { "type": "Polygon", "coordinates": [ [ [ -72.363937908999958, -37.462982287999978 ], [ -72.363515165999956, -37.465361382999959 ], [ -72.361188118999962, -37.465316537999968 ], [ -72.361122414999954, -37.468236669999953 ], [ -72.363648676999958, -37.467666819999977 ], [ -72.36635103499998, -37.467886143999976 ], [ -72.367193313999962, -37.463056327999936 ], [ -72.363937908999958, -37.462982287999978 ] ] ] } },
{ "type": "Feature", "properties": { "CUT": 8301, "COMUNA": "LOS ÁNGELES", "AREA_C": "URBANO", "DISTRITO": "AVENIDA MAIPÚ", "LOCALIDAD": "LOS ÁNGELES", "n_per": 2845.0, "n_hombres": 1365.0, "n_mujeres": 1480.0, "n_edad_60_mas": 570.0, "n_asistencia_basica": 283.0, "n_asistencia_media": 142.0, "n_asistencia_superior": 125.0, "n_transporte_auto": 313.0, "n_transporte_publico": 402.0, "n_transporte_camina": 101.0, "n_transporte_bicicleta": 59.0 }, "geometry": { "type": "Polygon", "coordinates": [ [ [ -72.36635103499998, -37.467886143999976 ], [ -72.367533556999945, -37.46802833199996 ], [ -72.36850067499995, -37.468588308999983 ], [ -72.368938054999944, -37.468679155999951 ], [ -72.371383941999966, -37.46837568199993 ], [ -72.372465424999973, -37.463286007999955 ], [ -72.367193313999962, -37.463056327999936 ], [ -72.36635103499998, -37.467886143999976 ] ] ] } },
{ "type": "Feature", "properties": { "CUT": 8301, "COMUNA": "LOS ÁNGELES", "AREA_C": "URBANO", "DISTRITO": "MERCADO", "LOCALIDAD": "LOS ÁNGELES", "n_per": 1834.0, "n_hombres": 834.0, "n_mujeres": 1000.0, "n_edad_60_mas": 534.0, "n_asistencia_basica": 127.0, "n_asistencia_media": 59.0, "n_asistencia_superior": 66.0, "n_transporte_auto": 135.0, "n_transporte_publico": 120.0, "n_transporte_camina": 157.0, "n_transporte_bicicleta": 26.0 }, "geometry": { "type": "Polygon", "coordinates": [ [ [ -72.355143195999972, -37.465105280999978 ], [ -72.348178449999978, -37.465089528999954 ], [ -72.348179578999975, -37.469297562999941 ], [ -72.358679353999946, -37.468947872999934 ], [ -72.361059877999935, -37.469205902999931 ], [ -72.361188118999962, -37.465316537999968 ], [ -72.360133808999933, -37.465045362999945 ], [ -72.356781731999945, -37.463618280999981 ], [ -72.355108965999989, -37.463669406999941 ], [ -72.355143195999972, -37.465105280999978 ] ] ] } },
{ "type": "Feature", "properties": { "CUT": 8301, "COMUNA": "LOS ÁNGELES", "AREA_C": "URBANO", "DISTRITO": "PLAZA BRASIL", "LOCALIDAD": "LOS ÁNGELES", "n_per": 2678.0, "n_hombres": 1232.0, "n_mujeres": 1446.0, "n_edad_60_mas": 790.0, "n_asistencia_basica": 179.0, "n_asistencia_media": 85.0, "n_asistencia_superior": 99.0, "n_transporte_auto": 252.0, "n_transporte_publico": 190.0, "n_transporte_camina": 361.0, "n_transporte_bicicleta": 52.0 }, "geometry": { "type": "Polygon", "coordinates": [ [ [ -72.343355548999966, -37.464593807999961 ], [ -72.33992135699998, -37.475429994999956 ], [ -72.348196703999974, -37.477073434999966 ], [ -72.347902468999962, -37.473234870999931 ], [ -72.347434146999944, -37.473266491999937 ], [ -72.347201237999968, -37.468257113999982 ], [ -72.347148939999954, -37.467602124999985 ], [ -72.346924684999976, -37.46717569599997 ], [ -72.347015844999987, -37.467099238999936 ], [ -72.344780670999967, -37.46535847399997 ], [ -72.343355548999966, -37.464593807999961 ] ] ] } },
{ "type": "Feature", "properties": { "CUT": 8301, "COMUNA": "LOS ÁNGELES", "AREA_C": "URBANO", "DISTRITO": "AVENIDA MAIPÚ", "LOCALIDAD": "LOS ÁNGELES", "n_per": 2962.0, "n_hombres": 1352.0, "n_mujeres": 1610.0, "n_edad_60_mas": 242.0, "n_asistencia_basica": 381.0, "n_asistencia_media": 233.0, "n_asistencia_superior": 147.0, "n_transporte_auto": 173.0, "n_transporte_publico": 372.0, "n_transporte_camina": 34.0, "n_transporte_bicicleta": 30.0 }, "geometry": { "type": "Polygon", "coordinates": [ [ [ -72.381279770999981, -37.467954764999945 ], [ -72.38026582699996, -37.470349442999975 ], [ -72.381489975999955, -37.471488069999964 ], [ -72.381846782999958, -37.471509498999978 ], [ -72.382227973999989, -37.471829702999969 ], [ -72.382753929999978, -37.471174272999974 ], [ -72.382763010999952, -37.470871747999979 ], [ -72.387536608999937, -37.47238121099997 ], [ -72.386746120999987, -37.469209962999969 ], [ -72.381279770999981, -37.467954764999945 ] ] ] } },
{ "type": "Feature", "properties": { "CUT": 8301, "COMUNA": "LOS ÁNGELES", "AREA_C": "URBANO", "DISTRITO": "PLAZA BRASIL", "LOCALIDAD": "LOS ÁNGELES", "n_per": 1892.0, "n_hombres": 856.0, "n_mujeres": 1036.0, "n_edad_60_mas": 486.0, "n_asistencia_basica": 168.0, "n_asistencia_media": 105.0, "n_asistencia_superior": 63.0, "n_transporte_auto": 260.0, "n_transporte_publico": 76.0, "n_transporte_camina": 69.0, "n_transporte_bicicleta": 13.0 }, "geometry": { "type": "Polygon", "coordinates": [ [ [ -72.326450465999983, -37.466158600999961 ], [ -72.326341119999938, -37.472706855999945 ], [ -72.33992135699998, -37.475429994999956 ], [ -72.34219724999997, -37.468352347999939 ], [ -72.341214009999987, -37.467809860999978 ], [ -72.338767143999974, -37.467332485999975 ], [ -72.338382725999963, -37.468578621999939 ], [ -72.326450465999983, -37.466158600999961 ] ] ] } },
{ "type": "Feature", "properties": { "CUT": 8301, "COMUNA": "LOS ÁNGELES", "AREA_C": "URBANO", "DISTRITO": "PLAZA BRASIL", "LOCALIDAD": "LOS ÁNGELES", "n_per": 2229.0, "n_hombres": 1031.0, "n_mujeres": 1198.0, "n_edad_60_mas": 567.0, "n_asistencia_basica": 175.0, "n_asistencia_media": 85.0, "n_asistencia_superior": 109.0, "n_transporte_auto": 157.0, "n_transporte_publico": 133.0, "n_transporte_camina": 102.0, "n_transporte_bicicleta": 51.0 }, "geometry": { "type": "Polygon", "coordinates": [ [ [ -72.347148939999954, -37.467602124999985 ], [ -72.347434146999944, -37.473266491999937 ], [ -72.363693108999939, -37.472251215999961 ], [ -72.36392888599994, -37.472226363999937 ], [ -72.363910232999956, -37.47175735899998 ], [ -72.370275172999982, -37.472503800999959 ], [ -72.370513882999944, -37.471299045999956 ], [ -72.370914793999987, -37.471346787999948 ], [ -72.371383941999966, -37.46837568199993 ], [ -72.368938054999944, -37.468679155999951 ], [ -72.367287161999968, -37.467962012999976 ], [ -72.363648676999958, -37.467666819999977 ], [ -72.361122414999954, -37.468236669999953 ], [ -72.361059877999935, -37.469205902999931 ], [ -72.358679353999946, -37.468947872999934 ], [ -72.348179578999975, -37.469297562999941 ], [ -72.348166976999948, -37.467852114999971 ], [ -72.347015844999987, -37.467099238999936 ], [ -72.346924684999976, -37.46717569599997 ], [ -72.347148939999954, -37.467602124999985 ] ] ] } },
{ "type": "Feature", "properties": { "CUT": 8301, "COMUNA": "LOS ÁNGELES", "AREA_C": "URBANO", "DISTRITO": "ESTACIÓN ARRAYÁN", "LOCALIDAD": "LOS ÁNGELES", "n_per": 3779.0, "n_hombres": 1740.0, "n_mujeres": 2039.0, "n_edad_60_mas": 785.0, "n_asistencia_basica": 404.0, "n_asistencia_media": 177.0, "n_asistencia_superior": 165.0, "n_transporte_auto": 445.0, "n_transporte_publico": 451.0, "n_transporte_camina": 99.0, "n_transporte_bicicleta": 59.0 }, "geometry": { "type": "Polygon", "coordinates": [ [ [ -72.372044706999986, -37.467971116999934 ], [ -72.37161849499995, -37.468358124999952 ], [ -72.371383941999966, -37.46837568199993 ], [ -72.370914793999987, -37.471346787999948 ], [ -72.370513882999944, -37.471299045999956 ], [ -72.370275172999982, -37.472503800999959 ], [ -72.380939034999983, -37.473683477999941 ], [ -72.380739213999959, -37.473495568999965 ], [ -72.379917551999938, -37.47339679199996 ], [ -72.380299673999957, -37.470372907999945 ], [ -72.37984365799997, -37.470007498999962 ], [ -72.378763044999971, -37.469699661999982 ], [ -72.376518395999938, -37.468590992999964 ], [ -72.375367971999935, -37.468189209999935 ], [ -72.373458343999971, -37.467907950999972 ], [ -72.372044706999986, -37.467971116999934 ] ] ] } },
{ "type": "Feature", "properties": { "CUT": 8301, "COMUNA": "LOS ÁNGELES", "AREA_C": "URBANO", "DISTRITO": "PLAZA PINTO", "LOCALIDAD": "LOS ÁNGELES", "n_per": 2014.0, "n_hombres": 984.0, "n_mujeres": 1030.0, "n_edad_60_mas": 568.0, "n_asistencia_basica": 150.0, "n_asistencia_media": 80.0, "n_asistencia_superior": 55.0, "n_transporte_auto": 153.0, "n_transporte_publico": 176.0, "n_transporte_camina": 98.0, "n_transporte_bicicleta": 46.0 }, "geometry": { "type": "Polygon", "coordinates": [ [ [ -72.36235080199998, -37.47234149999997 ], [ -72.362978943999963, -37.480145351999965 ], [ -72.364180128999976, -37.48008415299995 ], [ -72.36531992099998, -37.479374324999981 ], [ -72.366531576999989, -37.477963038999974 ], [ -72.366896258999986, -37.477048027999956 ], [ -72.366996447999952, -37.476216454999928 ], [ -72.366824855999937, -37.474399097999935 ], [ -72.367231574999948, -37.473456732999978 ], [ -72.368406967999988, -37.472649126999954 ], [ -72.369212772999958, -37.472460715999944 ], [ -72.37007915199996, -37.472484341999973 ], [ -72.363910232999956, -37.47175735899998 ], [ -72.36392888599994, -37.472226363999937 ], [ -72.36235080199998, -37.47234149999997 ] ] ] } },
{ "type": "Feature", "properties": { "CUT": 8301, "COMUNA": "LOS ÁNGELES", "AREA_C": "URBANO", "DISTRITO": "ESTACIÓN ARRAYÁN", "LOCALIDAD": "LOS ÁNGELES", "n_per": 2786.0, "n_hombres": 1284.0, "n_mujeres": 1502.0, "n_edad_60_mas": 382.0, "n_asistencia_basica": 269.0, "n_asistencia_media": 201.0, "n_asistencia_superior": 205.0, "n_transporte_auto": 478.0, "n_transporte_publico": 352.0, "n_transporte_camina": 57.0, "n_transporte_bicicleta": 43.0 }, "geometry": { "type": "Polygon", "coordinates": [ [ [ -72.366832830999954, -37.47482780699994 ], [ -72.379193391999934, -37.476785475999975 ], [ -72.379864844999986, -37.473570657999971 ], [ -72.369212772999958, -37.472460715999944 ], [ -72.368096131999948, -37.472776203999956 ], [ -72.367441220999979, -37.473232110999959 ], [ -72.366920885999946, -37.474005180999939 ], [ -72.366832830999954, -37.47482780699994 ] ] ] } },
{ "type": "Feature", "properties": { "CUT": 8301, "COMUNA": "LOS ÁNGELES", "AREA_C": "URBANO", "DISTRITO": "PLAZA PINTO", "LOCALIDAD": "LOS ÁNGELES", "n_per": 1385.0, "n_hombres": 646.0, "n_mujeres": 739.0, "n_edad_60_mas": 440.0, "n_asistencia_basica": 101.0, "n_asistencia_media": 55.0, "n_asistencia_superior": 54.0, "n_transporte_auto": 115.0, "n_transporte_publico": 94.0, "n_transporte_camina": 134.0, "n_transporte_bicicleta": 29.0 }, "geometry": { "type": "Polygon", "coordinates": [ [ [ -72.355901789999962, -37.47275228999996 ], [ -72.356249770999966, -37.476597224999978 ], [ -72.362671903999967, -37.476233782999941 ], [ -72.36235080199998, -37.47234149999997 ], [ -72.355901789999962, -37.47275228999996 ] ] ] } },
{ "type": "Feature", "properties": { "CUT": 8301, "COMUNA": "LOS ÁNGELES", "AREA_C": "URBANO", "DISTRITO": "ESTACIÓN ARRAYÁN", "LOCALIDAD": "LOS ÁNGELES", "n_per": 3154.0, "n_hombres": 1511.0, "n_mujeres": 1643.0, "n_edad_60_mas": 342.0, "n_asistencia_basica": 399.0, "n_asistencia_media": 178.0, "n_asistencia_superior": 164.0, "n_transporte_auto": 611.0, "n_transporte_publico": 313.0, "n_transporte_camina": 56.0, "n_transporte_bicicleta": 31.0 }, "geometry": { "type": "Polygon", "coordinates": [ [ [ -72.36679401799995, -37.474832563999939 ], [ -72.366996447999952, -37.476216454999928 ], [ -72.366896258999986, -37.477048027999956 ], [ -72.366531576999989, -37.477963038999974 ], [ -72.36531992099998, -37.479374324999981 ], [ -72.364180128999976, -37.48008415299995 ], [ -72.36781523999997, -37.479993146999959 ], [ -72.372929468999985, -37.481493702999956 ], [ -72.374336823999954, -37.475994170999968 ], [ -72.36679401799995, -37.474832563999939 ] ] ] } },
{ "type": "Feature", "properties": { "CUT": 8301, "COMUNA": "LOS ÁNGELES", "AREA_C": "URBANO", "DISTRITO": "PLAZA PINTO", "LOCALIDAD": "LOS ÁNGELES", "n_per": 1293.0, "n_hombres": 574.0, "n_mujeres": 719.0, "n_edad_60_mas": 383.0, "n_asistencia_basica": 89.0, "n_asistencia_media": 55.0, "n_asistencia_superior": 51.0, "n_transporte_auto": 137.0, "n_transporte_publico": 62.0, "n_transporte_camina": 166.0, "n_transporte_bicicleta": 20.0 }, "geometry": { "type": "Polygon", "coordinates": [ [ [ -72.351108086999943, -37.473033938999947 ], [ -72.351737853999964, -37.480760670999985 ], [ -72.356551843999966, -37.480511289999981 ], [ -72.355901789999962, -37.47275228999996 ], [ -72.351108086999943, -37.473033938999947 ] ] ] } },
{ "type": "Feature", "properties": { "CUT": 8301, "COMUNA": "LOS ÁNGELES", "AREA_C": "URBANO", "DISTRITO": "PLAZA PINTO", "LOCALIDAD": "LOS ÁNGELES", "n_per": 2294.0, "n_hombres": 1047.0, "n_mujeres": 1247.0, "n_edad_60_mas": 628.0, "n_asistencia_basica": 166.0, "n_asistencia_media": 86.0, "n_asistencia_superior": 77.0, "n_transporte_auto": 268.0, "n_transporte_publico": 183.0, "n_transporte_camina": 172.0, "n_transporte_bicicleta": 40.0 }, "geometry": { "type": "Polygon", "coordinates": [ [ [ -72.35002282499994, -37.487914062999948 ], [ -72.352164509999966, -37.486713125999984 ], [ -72.351108086999943, -37.473033938999947 ], [ -72.347902468999962, -37.473234870999931 ], [ -72.348553034999952, -37.481269777999955 ], [ -72.34670844599998, -37.484275923999974 ], [ -72.349012542999958, -37.487332690999949 ], [ -72.349488056999974, -37.487746615999981 ], [ -72.35002282499994, -37.487914062999948 ] ] ] } },
{ "type": "Feature", "properties": { "CUT": 8301, "COMUNA": "LOS ÁNGELES", "AREA_C": "URBANO", "DISTRITO": "PLAZA PINTO", "LOCALIDAD": "LOS ÁNGELES", "n_per": 3569.0, "n_hombres": 1642.0, "n_mujeres": 1927.0, "n_edad_60_mas": 714.0, "n_asistencia_basica": 413.0, "n_asistencia_media": 188.0, "n_asistencia_superior": 117.0, "n_transporte_auto": 541.0, "n_transporte_publico": 178.0, "n_transporte_camina": 230.0, "n_transporte_bicicleta": 47.0 }, "geometry": { "type": "Polygon", "coordinates": [ [ [ -72.326242458999957, -37.475952064999944 ], [ -72.327054077999946, -37.47602423099994 ], [ -72.328030678999937, -37.476411288999941 ], [ -72.328900458999954, -37.476147114999947 ], [ -72.331464498999935, -37.476745760999961 ], [ -72.332679491999954, -37.476689861999944 ], [ -72.333621049999977, -37.477040034999959 ], [ -72.33448341199994, -37.47762045099995 ], [ -72.335514791999969, -37.477790160999973 ], [ -72.337170260999983, -37.478584444999967 ], [ -72.338146094999956, -37.479453497999941 ], [ -72.338904125999989, -37.479540420999967 ], [ -72.339654924999934, -37.480030425999985 ], [ -72.340543888999946, -37.480291500999954 ], [ -72.341388776999963, -37.481576595999968 ], [ -72.341905406999956, -37.48205455599998 ], [ -72.34342864599995, -37.482825501999969 ], [ -72.343973991999974, -37.482653041999981 ], [ -72.34437023199996, -37.482729538999934 ], [ -72.345578497999952, -37.48331540199996 ], [ -72.34670844599998, -37.484275923999974 ], [ -72.348553034999952, -37.481269777999955 ], [ -72.348196703999974, -37.477073434999966 ], [ -72.326341119999938, -37.472706855999945 ], [ -72.326242458999957, -37.475952064999944 ] ] ] } },
{ "type": "Feature", "properties": { "CUT": 8301, "COMUNA": "LOS ÁNGELES", "AREA_C": "URBANO", "DISTRITO": "PLAZA PINTO", "LOCALIDAD": "LOS ÁNGELES", "n_per": 1152.0, "n_hombres": 538.0, "n_mujeres": 614.0, "n_edad_60_mas": 348.0, "n_asistencia_basica": 88.0, "n_asistencia_media": 38.0, "n_asistencia_superior": 50.0, "n_transporte_auto": 83.0, "n_transporte_publico": 52.0, "n_transporte_camina": 75.0, "n_transporte_bicicleta": 24.0 }, "geometry": { "type": "Polygon", "coordinates": [ [ [ -72.362671903999967, -37.476233782999941 ], [ -72.356249770999966, -37.476597224999978 ], [ -72.356551843999966, -37.480511289999981 ], [ -72.362978943999963, -37.480145351999965 ], [ -72.362671903999967, -37.476233782999941 ] ] ] } },
{ "type": "Feature", "properties": { "CUT": 8301, "COMUNA": "LOS ÁNGELES", "AREA_C": "URBANO", "DISTRITO": "PAILLIHUE", "LOCALIDAD": "LOS ÁNGELES", "n_per": 7896.0, "n_hombres": 3736.0, "n_mujeres": 4160.0, "n_edad_60_mas": 843.0, "n_asistencia_basica": 1117.0, "n_asistencia_media": 460.0, "n_asistencia_superior": 283.0, "n_transporte_auto": 1001.0, "n_transporte_publico": 1127.0, "n_transporte_camina": 144.0, "n_transporte_bicicleta": 215.0 }, "geometry": { "type": "Polygon", "coordinates": [ [ [ -72.327054077999946, -37.47602423099994 ], [ -72.326242054999966, -37.475965747999965 ], [ -72.326025626999979, -37.48389011699993 ], [ -72.330196149999949, -37.484668716999977 ], [ -72.331042977999971, -37.484660980999934 ], [ -72.33327467099997, -37.484170038999935 ], [ -72.338596705999976, -37.486134586999981 ], [ -72.339833547999945, -37.483845103999954 ], [ -72.338393204999988, -37.483373168999947 ], [ -72.339068234999957, -37.482118388999936 ], [ -72.337762389999966, -37.481682021999973 ], [ -72.338908922999963, -37.479542445999982 ], [ -72.338146094999956, -37.479453497999941 ], [ -72.337170260999983, -37.478584444999967 ], [ -72.335514791999969, -37.477790160999973 ], [ -72.334386622999943, -37.47757996799993 ], [ -72.333621049999977, -37.477040034999959 ], [ -72.332868645999952, -37.476865346999944 ], [ -72.332701220999979, -37.476694857999973 ], [ -72.331464498999935, -37.476745760999961 ], [ -72.328900458999954, -37.476147114999947 ], [ -72.328030678999937, -37.476411288999941 ], [ -72.327054077999946, -37.47602423099994 ] ] ] } },
{ "type": "Feature", "properties": { "CUT": 8301, "COMUNA": "LOS ÁNGELES", "AREA_C": "URBANO", "DISTRITO": "PLAZA PINTO", "LOCALIDAD": "LOS ÁNGELES", "n_per": 1062.0, "n_hombres": 479.0, "n_mujeres": 583.0, "n_edad_60_mas": 316.0, "n_asistencia_basica": 80.0, "n_asistencia_media": 35.0, "n_asistencia_superior": 41.0, "n_transporte_auto": 138.0, "n_transporte_publico": 97.0, "n_transporte_camina": 51.0, "n_transporte_bicicleta": 19.0 }, "geometry": { "type": "Polygon", "coordinates": [ [ [ -72.352164043999949, -37.486684833999959 ], [ -72.359026116999985, -37.483018594999976 ], [ -72.364180128999976, -37.48008415299995 ], [ -72.351737853999964, -37.480760670999985 ], [ -72.352164043999949, -37.486684833999959 ] ] ] } },
{ "type": "Feature", "properties": { "CUT": 8301, "COMUNA": "LOS ÁNGELES", "AREA_C": "URBANO", "DISTRITO": "PAILLIHUE", "LOCALIDAD": "LOS ÁNGELES", "n_per": 2962.0, "n_hombres": 1430.0, "n_mujeres": 1532.0, "n_edad_60_mas": 670.0, "n_asistencia_basica": 303.0, "n_asistencia_media": 154.0, "n_asistencia_superior": 114.0, "n_transporte_auto": 247.0, "n_transporte_publico": 409.0, "n_transporte_camina": 111.0, "n_transporte_bicicleta": 99.0 }, "geometry": { "type": "Polygon", "coordinates": [ [ [ -72.339068234999957, -37.482118388999936 ], [ -72.338393204999988, -37.483373168999947 ], [ -72.339833547999945, -37.483845103999954 ], [ -72.338596705999976, -37.486134586999981 ], [ -72.342788779999978, -37.487686631999964 ], [ -72.34670844599998, -37.484275923999974 ], [ -72.345578497999952, -37.48331540199996 ], [ -72.34437023199996, -37.482729538999934 ], [ -72.343973991999974, -37.482653041999981 ], [ -72.34342864599995, -37.482825501999969 ], [ -72.341832069999953, -37.482010101999947 ], [ -72.340543888999946, -37.480291500999954 ], [ -72.339654924999934, -37.480030425999985 ], [ -72.338908922999963, -37.479542445999982 ], [ -72.337762389999966, -37.481682021999973 ], [ -72.339068234999957, -37.482118388999936 ] ] ] } },
{ "type": "Feature", "properties": { "CUT": 8301, "COMUNA": "LOS ÁNGELES", "AREA_C": "URBANO", "DISTRITO": "PAILLIHUE", "LOCALIDAD": "LOS ÁNGELES", "n_per": 4798.0, "n_hombres": 2171.0, "n_mujeres": 2627.0, "n_edad_60_mas": 478.0, "n_asistencia_basica": 564.0, "n_asistencia_media": 323.0, "n_asistencia_superior": 237.0, "n_transporte_auto": 470.0, "n_transporte_publico": 763.0, "n_transporte_camina": 132.0, "n_transporte_bicicleta": 146.0 }, "geometry": { "type": "Polygon", "coordinates": [ [ [ -72.326025626999979, -37.48389011699993 ], [ -72.325829914999986, -37.490914553999971 ], [ -72.329647948999934, -37.490676941999936 ], [ -72.331447713999978, -37.484591073999979 ], [ -72.330196149999949, -37.484668716999977 ], [ -72.326025626999979, -37.48389011699993 ] ] ] } },
{ "type": "Feature", "properties": { "CUT": 8301, "COMUNA": "LOS ÁNGELES", "AREA_C": "URBANO", "DISTRITO": "PAILLIHUE", "LOCALIDAD": "LOS ÁNGELES", "n_per": 1574.0, "n_hombres": 801.0, "n_mujeres": 773.0, "n_edad_60_mas": 425.0, "n_asistencia_basica": 127.0, "n_asistencia_media": 61.0, "n_asistencia_superior": 45.0, "n_transporte_auto": 114.0, "n_transporte_publico": 142.0, "n_transporte_camina": 53.0, "n_transporte_bicicleta": 39.0 }, "geometry": { "type": "Polygon", "coordinates": [ [ [ -72.342899004999936, -37.48747691799997 ], [ -72.341141759999971, -37.490460079999934 ], [ -72.341317991999972, -37.490597854999976 ], [ -72.343040586999962, -37.490915510999969 ], [ -72.344093873999952, -37.49073907099995 ], [ -72.344617316999972, -37.490396132999933 ], [ -72.347396595999953, -37.490270148999969 ], [ -72.350310078999939, -37.490461327999981 ], [ -72.352070703999971, -37.490935949999937 ], [ -72.351180609999972, -37.48981211499995 ], [ -72.350942057999987, -37.488822292999942 ], [ -72.350037062999945, -37.487921140999958 ], [ -72.349488056999974, -37.487746615999981 ], [ -72.349012542999958, -37.487332690999949 ], [ -72.34670844599998, -37.484275923999974 ], [ -72.342899004999936, -37.48747691799997 ] ] ] } },
{ "type": "Feature", "properties": { "CUT": 8301, "COMUNA": "LOS ÁNGELES", "AREA_C": "URBANO", "DISTRITO": "PAILLIHUE", "LOCALIDAD": "LOS ÁNGELES", "n_per": 3211.0, "n_hombres": 1515.0, "n_mujeres": 1696.0, "n_edad_60_mas": 754.0, "n_asistencia_basica": 319.0, "n_asistencia_media": 152.0, "n_asistencia_superior": 102.0, "n_transporte_auto": 281.0, "n_transporte_publico": 486.0, "n_transporte_camina": 64.0, "n_transporte_bicicleta": 95.0 }, "geometry": { "type": "Polygon", "coordinates": [ [ [ -72.330782452999983, -37.48692529799996 ], [ -72.335383512999954, -37.488596792999942 ], [ -72.337205767999933, -37.485594447999972 ], [ -72.33327467099997, -37.484170038999935 ], [ -72.331447713999978, -37.484591073999979 ], [ -72.330782452999983, -37.48692529799996 ] ] ] } },
{ "type": "Feature", "properties": { "CUT": 8301, "COMUNA": "LOS ÁNGELES", "AREA_C": "URBANO", "DISTRITO": "PAILLIHUE", "LOCALIDAD": "LOS ÁNGELES", "n_per": 2612.0, "n_hombres": 1251.0, "n_mujeres": 1361.0, "n_edad_60_mas": 409.0, "n_asistencia_basica": 270.0, "n_asistencia_media": 139.0, "n_asistencia_superior": 126.0, "n_transporte_auto": 263.0, "n_transporte_publico": 387.0, "n_transporte_camina": 82.0, "n_transporte_bicicleta": 91.0 }, "geometry": { "type": "Polygon", "coordinates": [ [ [ -72.335383512999954, -37.488596792999942 ], [ -72.338581393999959, -37.489787970999942 ], [ -72.341741566999985, -37.489518232999956 ], [ -72.342788779999978, -37.487686631999964 ], [ -72.337205767999933, -37.485594447999972 ], [ -72.335383512999954, -37.488596792999942 ] ] ] } },
{ "type": "Feature", "properties": { "CUT": 8301, "COMUNA": "LOS ÁNGELES", "AREA_C": "URBANO", "DISTRITO": "PAILLIHUE", "LOCALIDAD": "LOS ÁNGELES", "n_per": 2762.0, "n_hombres": 1288.0, "n_mujeres": 1474.0, "n_edad_60_mas": 276.0, "n_asistencia_basica": 304.0, "n_asistencia_media": 214.0, "n_asistencia_superior": 164.0, "n_transporte_auto": 293.0, "n_transporte_publico": 432.0, "n_transporte_camina": 44.0, "n_transporte_bicicleta": 67.0 }, "geometry": { "type": "Polygon", "coordinates": [ [ [ -72.330782452999983, -37.48692529799996 ], [ -72.329648949999978, -37.490673181999966 ], [ -72.338581393999959, -37.489787970999942 ], [ -72.330782452999983, -37.48692529799996 ] ] ] } },
{ "type": "Feature", "properties": { "CUT": 8301, "COMUNA": "LOS ÁNGELES", "AREA_C": "URBANO", "DISTRITO": "PAILLIHUE", "LOCALIDAD": "LOS ÁNGELES", "n_per": 10394.0, "n_hombres": 4923.0, "n_mujeres": 5471.0, "n_edad_60_mas": 541.0, "n_asistencia_basica": 1631.0, "n_asistencia_media": 673.0, "n_asistencia_superior": 382.0, "n_transporte_auto": 1270.0, "n_transporte_publico": 1477.0, "n_transporte_camina": 113.0, "n_transporte_bicicleta": 155.0 }, "geometry": { "type": "Polygon", "coordinates": [ [ [ -72.333223308999948, -37.498550252999962 ], [ -72.334536407999963, -37.498438398999951 ], [ -72.335236558999952, -37.498068557999943 ], [ -72.341741566999985, -37.489518232999956 ], [ -72.325829914999986, -37.490914553999971 ], [ -72.325705916999937, -37.497967670999969 ], [ -72.333223308999948, -37.498550252999962 ] ] ] } },
{ "type": "Feature", "properties": { "CUT": 8301, "COMUNA": "LOS ÁNGELES", "AREA_C": "URBANO", "DISTRITO": "SAN CARLOS DE PURÉN", "LOCALIDAD": "SAN CARLOS DE PURÉN", "n_per": 1596.0, "n_hombres": 790.0, "n_mujeres": 806.0, "n_edad_60_mas": 327.0, "n_asistencia_basica": 161.0, "n_asistencia_media": 79.0, "n_asistencia_superior": 53.0, "n_transporte_auto": 167.0, "n_transporte_publico": 157.0, "n_transporte_camina": 40.0, "n_transporte_bicicleta": 34.0 }, "geometry": { "type": "Polygon", "coordinates": [ [ [ -72.276728688999981, -37.586586762999957 ], [ -72.277550115999986, -37.588434047999954 ], [ -72.277978384999983, -37.588820010999939 ], [ -72.277726523999945, -37.590275170999973 ], [ -72.277830192999943, -37.59082215799998 ], [ -72.277442543999939, -37.590879865999966 ], [ -72.277431338999975, -37.591136438999968 ], [ -72.276731027999972, -37.592073677999963 ], [ -72.275281273999951, -37.593341632999966 ], [ -72.273966894999944, -37.594111165999948 ], [ -72.273088823999956, -37.594219158999977 ], [ -72.273090278999973, -37.59435874299993 ], [ -72.268982006999977, -37.594393289999971 ], [ -72.269065430999945, -37.602121991999979 ], [ -72.269700379999961, -37.60142570499994 ], [ -72.271843558999933, -37.601092782999956 ], [ -72.274704905999954, -37.601344191999942 ], [ -72.276026036999951, -37.601000230999944 ], [ -72.280763303999947, -37.601303443999939 ], [ -72.282056515999955, -37.586550031999934 ], [ -72.28101817199996, -37.586720508999974 ], [ -72.279419820999976, -37.586399808999943 ], [ -72.277399874999958, -37.585658199999955 ], [ -72.276728688999981, -37.586586762999957 ] ] ] } },
{ "type": "Feature", "properties": { "CUT": 8301, "COMUNA": "LOS ÁNGELES", "AREA_C": "URBANO", "DISTRITO": "ESTACIÓN ARRAYÁN", "LOCALIDAD": "LOS ÁNGELES", "n_per": 5208.0, "n_hombres": 2437.0, "n_mujeres": 2771.0, "n_edad_60_mas": 424.0, "n_asistencia_basica": 813.0, "n_asistencia_media": 340.0, "n_asistencia_superior": 248.0, "n_transporte_auto": 890.0, "n_transporte_publico": 601.0, "n_transporte_camina": 64.0, "n_transporte_bicicleta": 49.0 }, "geometry": { "type": "Polygon", "coordinates": [ [ [ -72.379864844999986, -37.473570657999971 ], [ -72.379193391999934, -37.476785475999975 ], [ -72.374336823999954, -37.475994170999968 ], [ -72.372929468999985, -37.481493702999956 ], [ -72.380266867999978, -37.483669170999974 ], [ -72.380403885999954, -37.48016539799994 ], [ -72.38116174399994, -37.474341859999981 ], [ -72.380939034999983, -37.473683477999941 ], [ -72.379864844999986, -37.473570657999971 ] ] ] } },
{ "type": "Feature", "properties": { "CUT": 8301, "COMUNA": "LOS ÁNGELES", "AREA_C": "URBANO", "DISTRITO": "AVENIDA MAIPÚ", "LOCALIDAD": "LOS ÁNGELES", "n_per": 2646.0, "n_hombres": 1250.0, "n_mujeres": 1396.0, "n_edad_60_mas": 465.0, "n_asistencia_basica": 236.0, "n_asistencia_media": 123.0, "n_asistencia_superior": 158.0, "n_transporte_auto": 277.0, "n_transporte_publico": 354.0, "n_transporte_camina": 50.0, "n_transporte_bicicleta": 44.0 }, "geometry": { "type": "Polygon", "coordinates": [ [ [ -72.37184397599998, -37.466005696999957 ], [ -72.371437152999988, -37.468381121999982 ], [ -72.372305055999959, -37.467891303999977 ], [ -72.375367971999935, -37.468189209999935 ], [ -72.376518395999938, -37.468590992999964 ], [ -72.378763044999971, -37.469699661999982 ], [ -72.37984365799997, -37.470007498999962 ], [ -72.38026582699996, -37.470349442999975 ], [ -72.381279770999981, -37.467954764999945 ], [ -72.375274427999955, -37.466494193999949 ], [ -72.37184397599998, -37.466005696999957 ] ] ] } },
{ "type": "Feature", "properties": { "CUT": 8301, "COMUNA": "LOS ÁNGELES", "AREA_C": "URBANO", "DISTRITO": "SOR VICENTA", "LOCALIDAD": "LOS ÁNGELES", "n_per": 3644.0, "n_hombres": 1727.0, "n_mujeres": 1917.0, "n_edad_60_mas": 299.0, "n_asistencia_basica": 555.0, "n_asistencia_media": 213.0, "n_asistencia_superior": 130.0, "n_transporte_auto": 607.0, "n_transporte_publico": 179.0, "n_transporte_camina": 10.0, "n_transporte_bicicleta": 14.0 }, "geometry": { "type": "Polygon", "coordinates": [ [ [ -72.328594292999981, -37.435961697999971 ], [ -72.327252822999981, -37.438604600999952 ], [ -72.326978136999969, -37.441014078999956 ], [ -72.33610033399998, -37.448662455999965 ], [ -72.336880946999941, -37.44772782299998 ], [ -72.339515100999961, -37.442987244999983 ], [ -72.339829913999949, -37.439767740999969 ], [ -72.339644401999976, -37.438796619999948 ], [ -72.338940304999937, -37.438583178999977 ], [ -72.338739292999946, -37.438236223999979 ], [ -72.337994122999987, -37.438057230999959 ], [ -72.337715579999951, -37.438064468999983 ], [ -72.336869793999938, -37.438532006999935 ], [ -72.336227680999968, -37.438454448999948 ], [ -72.33526650999994, -37.438829260999967 ], [ -72.334571824999955, -37.438561272999948 ], [ -72.333566571999938, -37.438705290999962 ], [ -72.332715410999981, -37.438149906999968 ], [ -72.332273427999951, -37.437270344999945 ], [ -72.331322238999974, -37.437384025999961 ], [ -72.330310570999984, -37.436198720999982 ], [ -72.329658621999954, -37.435882108999976 ], [ -72.328594292999981, -37.435961697999971 ] ] ] } },
{ "type": "Feature", "properties": { "CUT": 8301, "COMUNA": "LOS ÁNGELES", "AREA_C": "URBANO", "DISTRITO": "VIRQUENCO", "LOCALIDAD": "VIRQUENCO", "n_per": 1278.0, "n_hombres": 626.0, "n_mujeres": 652.0, "n_edad_60_mas": 237.0, "n_asistencia_basica": 136.0, "n_asistencia_media": 76.0, "n_asistencia_superior": 63.0, "n_transporte_auto": 129.0, "n_transporte_publico": 106.0, "n_transporte_camina": 10.0, "n_transporte_bicicleta": 29.0 }, "geometry": { "type": "Polygon", "coordinates": [ [ [ -72.498122776999935, -37.45286714599996 ], [ -72.498168489999955, -37.453714384999955 ], [ -72.497481058999938, -37.453781934999938 ], [ -72.497557478999965, -37.454176272999973 ], [ -72.497359857999982, -37.454193506999957 ], [ -72.497388284999943, -37.454415458999961 ], [ -72.498004310999988, -37.454367770999966 ], [ -72.498041103999981, -37.454847972999971 ], [ -72.494282875999943, -37.455041684999969 ], [ -72.494312242999968, -37.455442966999954 ], [ -72.49649895999994, -37.455398273999947 ], [ -72.496615344999952, -37.456369304999953 ], [ -72.493259834999947, -37.45628036599993 ], [ -72.488083908999954, -37.457225441999981 ], [ -72.487743820999981, -37.457406443999957 ], [ -72.492600634999974, -37.457371362999936 ], [ -72.493088746999945, -37.458549737999931 ], [ -72.495325671999979, -37.458588452999948 ], [ -72.495351707999987, -37.459433849999982 ], [ -72.497923692999962, -37.459423614999935 ], [ -72.498696103999976, -37.464018970999973 ], [ -72.497516645999951, -37.464168161999964 ], [ -72.497411185999965, -37.466429171999948 ], [ -72.497939396999982, -37.46637130199997 ], [ -72.498421924999946, -37.46838508299993 ], [ -72.502260105999937, -37.467143454999984 ], [ -72.502232201999959, -37.466250746999947 ], [ -72.501412203999962, -37.466494378999982 ], [ -72.501204635999954, -37.465214439999954 ], [ -72.502143022999974, -37.464990824999973 ], [ -72.502027417999955, -37.464436464999949 ], [ -72.501650530999939, -37.464528534999943 ], [ -72.501420312999983, -37.462612386999979 ], [ -72.502626856999939, -37.46259576999995 ], [ -72.502441645999966, -37.461697348999962 ], [ -72.501822111999957, -37.461705886999937 ], [ -72.50109772899998, -37.458863014999963 ], [ -72.504802174999952, -37.457398889999979 ], [ -72.509865338999987, -37.457462390999979 ], [ -72.509338498999966, -37.455569340999944 ], [ -72.503716195999971, -37.455614799999978 ], [ -72.503723629999968, -37.456158066999933 ], [ -72.500767640999982, -37.456280275999973 ], [ -72.500757951999958, -37.455086311999935 ], [ -72.501351759999977, -37.454770635999978 ], [ -72.49967987399998, -37.453361593999944 ], [ -72.498627809999959, -37.45351643999993 ], [ -72.498580413999946, -37.452830239999969 ], [ -72.498122776999935, -37.45286714599996 ] ] ] } },
{ "type": "Feature", "properties": { "CUT": 8301, "COMUNA": "LOS ÁNGELES", "AREA_C": "URBANO", "DISTRITO": "CHACAYAL", "LOCALIDAD": "PUEBLO NUEVO", "n_per": 1173.0, "n_hombres": 546.0, "n_mujeres": 627.0, "n_edad_60_mas": 219.0, "n_asistencia_basica": 119.0, "n_asistencia_media": 67.0, "n_asistencia_superior": 40.0, "n_transporte_auto": 98.0, "n_transporte_publico": 105.0, "n_transporte_camina": 29.0, "n_transporte_bicicleta": 23.0 }, "geometry": { "type": "Polygon", "coordinates": [ [ [ -72.143364138999971, -37.446999879999964 ], [ -72.136674939999978, -37.447008323999967 ], [ -72.13972694399996, -37.454661488999932 ], [ -72.137865274999967, -37.454986211999937 ], [ -72.137750455999935, -37.455461838999952 ], [ -72.137901319999969, -37.456549817999985 ], [ -72.13854955499994, -37.456951036999953 ], [ -72.139402204999953, -37.456788990999939 ], [ -72.140119373999937, -37.456397504999984 ], [ -72.141015235999987, -37.456383001999939 ], [ -72.141045901999973, -37.456675097999948 ], [ -72.141299622999952, -37.456714130999956 ], [ -72.142569280999965, -37.456576913999982 ], [ -72.142623797999988, -37.457464707999975 ], [ -72.144261425999957, -37.457534194999937 ], [ -72.144091098999979, -37.456627467999965 ], [ -72.145562494999979, -37.456504835999965 ], [ -72.145711138999957, -37.457312112999944 ], [ -72.146645590999981, -37.457234969999945 ], [ -72.145676927999943, -37.452443047999964 ], [ -72.144274337999946, -37.452474030999952 ], [ -72.143364138999971, -37.446999879999964 ] ] ] } },
{ "type": "Feature", "properties": { "CUT": 8301, "COMUNA": "LOS ÁNGELES", "AREA_C": "URBANO", "DISTRITO": "ESTACIÓN ARRAYÁN", "LOCALIDAD": "LOS ÁNGELES", "n_per": 4803.0, "n_hombres": 2256.0, "n_mujeres": 2547.0, "n_edad_60_mas": 756.0, "n_asistencia_basica": 527.0, "n_asistencia_media": 202.0, "n_asistencia_superior": 141.0, "n_transporte_auto": 895.0, "n_transporte_publico": 482.0, "n_transporte_camina": 78.0, "n_transporte_bicicleta": 70.0 }, "geometry": { "type": "Polygon", "coordinates": [ [ [ -72.364180128999976, -37.48008415299995 ], [ -72.350023775999944, -37.487914535999948 ], [ -72.350980288999949, -37.488870458999941 ], [ -72.351180609999972, -37.48981211499995 ], [ -72.352482049999935, -37.491386721999959 ], [ -72.352608201999942, -37.491887417999976 ], [ -72.353866123999978, -37.493084818999932 ], [ -72.354150307999987, -37.493654385999946 ], [ -72.354351119999933, -37.493762514999958 ], [ -72.355179548999956, -37.493681954999943 ], [ -72.355427978999955, -37.494113297999945 ], [ -72.356249396999942, -37.494201531999977 ], [ -72.357297109999934, -37.494767912999976 ], [ -72.35781936799998, -37.494790867999939 ], [ -72.358744838999939, -37.495446863999973 ], [ -72.359535448999964, -37.495407597999929 ], [ -72.358605929999953, -37.484040678999975 ], [ -72.366993502999946, -37.48423125599993 ], [ -72.372430607999945, -37.485860054999932 ], [ -72.373863330999939, -37.487903848999963 ], [ -72.373943244999964, -37.487720895999985 ], [ -72.375418063999973, -37.486920153999961 ], [ -72.376398251999944, -37.486761715999933 ], [ -72.378119301999959, -37.487002699999948 ], [ -72.378195210999934, -37.487580351999952 ], [ -72.378885427999933, -37.487710119999974 ], [ -72.379927156999941, -37.487130987999933 ], [ -72.380086108999933, -37.485754103999966 ], [ -72.380264701999977, -37.485739190999936 ], [ -72.38100379399998, -37.485805149999976 ], [ -72.384200184999941, -37.487110549999954 ], [ -72.386519265999937, -37.48696160399993 ], [ -72.385948157999962, -37.484980536999956 ], [ -72.387325242999964, -37.485069741999951 ], [ -72.387394247999964, -37.485272766999969 ], [ -72.390147850999938, -37.484928155999967 ], [ -72.389020397999957, -37.483769695999968 ], [ -72.381827788999942, -37.483760681999968 ], [ -72.380007853999984, -37.483627324999929 ], [ -72.367613670999958, -37.479966991999959 ], [ -72.364180128999976, -37.48008415299995 ] ] ] } },
{ "type": "Feature", "properties": { "CUT": 8307, "COMUNA": "NEGRETE", "AREA_C": "URBANO", "DISTRITO": "COIHUE", "LOCALIDAD": "COIHUE", "n_per": 1236.0, "n_hombres": 589.0, "n_mujeres": 647.0, "n_edad_60_mas": 269.0, "n_asistencia_basica": 126.0, "n_asistencia_media": 62.0, "n_asistencia_superior": 58.0, "n_transporte_auto": 127.0, "n_transporte_publico": 98.0, "n_transporte_camina": 73.0, "n_transporte_bicicleta": 16.0 }, "geometry": { "type": "Polygon", "coordinates": [ [ [ -72.594240854999953, -37.562333187999968 ], [ -72.592619071999934, -37.564975274999938 ], [ -72.590128240999945, -37.567441456999973 ], [ -72.593638029999966, -37.569201968999948 ], [ -72.593216398999971, -37.571236615999965 ], [ -72.593832608999946, -37.571131783999931 ], [ -72.594086439999955, -37.569700024999975 ], [ -72.595540270999948, -37.569781193999972 ], [ -72.595811521999963, -37.567808855999942 ], [ -72.597322089999977, -37.567853885999966 ], [ -72.597246939999934, -37.56718213399995 ], [ -72.597625017999974, -37.564893966999932 ], [ -72.595159398999954, -37.564493057999982 ], [ -72.596262260999936, -37.55898971299996 ], [ -72.597451139999976, -37.559956747999934 ], [ -72.598055959999954, -37.560236246999978 ], [ -72.598331335999944, -37.558648688999938 ], [ -72.59859322899996, -37.558646654999961 ], [ -72.598651353999969, -37.558299254999952 ], [ -72.600647927999944, -37.558582213999955 ], [ -72.600553452999975, -37.559018647999949 ], [ -72.601960767999969, -37.559203577999938 ], [ -72.602455111999973, -37.556936310999959 ], [ -72.603985734999981, -37.557087008999929 ], [ -72.604003869999985, -37.556614491999937 ], [ -72.597325841999975, -37.554498022999951 ], [ -72.599255143999983, -37.552389525999956 ], [ -72.597964475999959, -37.551516301999982 ], [ -72.594523783999989, -37.554699827999968 ], [ -72.591142951999984, -37.552905740999961 ], [ -72.59033186399995, -37.555003279999937 ], [ -72.589277575999972, -37.556954904999941 ], [ -72.587512578999963, -37.559407385999975 ], [ -72.594674943999962, -37.561255035999977 ], [ -72.594240854999953, -37.562333187999968 ] ] ] } },
{ "type": "Feature", "properties": { "CUT": 8307, "COMUNA": "NEGRETE", "AREA_C": "URBANO", "DISTRITO": "NEGRETE", "LOCALIDAD": "NEGRETE", "n_per": 4413.0, "n_hombres": 2115.0, "n_mujeres": 2298.0, "n_edad_60_mas": 966.0, "n_asistencia_basica": 468.0, "n_asistencia_media": 236.0, "n_asistencia_superior": 153.0, "n_transporte_auto": 409.0, "n_transporte_publico": 352.0, "n_transporte_camina": 340.0, "n_transporte_bicicleta": 78.0 }, "geometry": { "type": "Polygon", "coordinates": [ [ [ -72.522126109999988, -37.583228160999965 ], [ -72.52240008299998, -37.583472049999955 ], [ -72.521209210999984, -37.583395390999954 ], [ -72.52090689399995, -37.584766414999933 ], [ -72.521862340999974, -37.584877432999974 ], [ -72.521332283999982, -37.589245428999959 ], [ -72.521963994999965, -37.58891467199993 ], [ -72.522145946999956, -37.589994623999985 ], [ -72.523642356999972, -37.589862941999968 ], [ -72.523787849999962, -37.589608831999954 ], [ -72.524245965999967, -37.589468954999973 ], [ -72.526222171999962, -37.589657522999971 ], [ -72.526761663999935, -37.58939176399997 ], [ -72.527507817999947, -37.589514796999936 ], [ -72.525886910999986, -37.591328344999965 ], [ -72.528087649999975, -37.59150283799994 ], [ -72.527808794999942, -37.590136675999929 ], [ -72.527951354999971, -37.590161660999968 ], [ -72.528145571999971, -37.589150496999935 ], [ -72.528411174999974, -37.588715147999949 ], [ -72.536785450999957, -37.587933120999935 ], [ -72.536499382999978, -37.586856738999984 ], [ -72.535518195999941, -37.58702784299993 ], [ -72.535400713999934, -37.58575463699998 ], [ -72.536205646999974, -37.58582746299993 ], [ -72.536232694999967, -37.585587765999946 ], [ -72.535849378999956, -37.585081730999946 ], [ -72.536851698999953, -37.584646886999963 ], [ -72.535906008999973, -37.58341010099997 ], [ -72.536833714999943, -37.582954222999945 ], [ -72.537019632999943, -37.58264064399998 ], [ -72.536389113999974, -37.581542212999977 ], [ -72.536402387999942, -37.58092496699993 ], [ -72.531072839999979, -37.57995595899996 ], [ -72.527999887999954, -37.579756846999942 ], [ -72.527010967999956, -37.579856402999951 ], [ -72.523210529999972, -37.580682078999985 ], [ -72.522771613999964, -37.581291724999971 ], [ -72.522830979999981, -37.581720446999952 ], [ -72.522126109999988, -37.583228160999965 ] ] ] } },
{ "type": "Feature", "properties": { "CUT": 8307, "COMUNA": "NEGRETE", "AREA_C": "URBANO", "DISTRITO": "NEGRETE", "LOCALIDAD": "COIHUE", "n_per": 17.0, "n_hombres": 6.0, "n_mujeres": 11.0, "n_edad_60_mas": 1.0, "n_asistencia_basica": 1.0, "n_asistencia_media": 1.0, "n_asistencia_superior": 0.0, "n_transporte_auto": 3.0, "n_transporte_publico": 0.0, "n_transporte_camina": 0.0, "n_transporte_bicicleta": 0.0 }, "geometry": { "type": "Polygon", "coordinates": [ [ [ -72.594178162999981, -37.562470410999936 ], [ -72.592351722999979, -37.561807976999944 ], [ -72.591994390999957, -37.561944183999969 ], [ -72.59137144999994, -37.562737540999933 ], [ -72.593592143999956, -37.563528161999955 ], [ -72.594178162999981, -37.562470410999936 ] ] ] } },
{ "type": "Feature", "properties": { "CUT": 8301, "COMUNA": "LOS ÁNGELES", "AREA_C": "URBANO", "DISTRITO": "CUÑIBAL", "LOCALIDAD": "CUÑIBAL", "n_per": 1072.0, "n_hombres": 540.0, "n_mujeres": 532.0, "n_edad_60_mas": 185.0, "n_asistencia_basica": 115.0, "n_asistencia_media": 74.0, "n_asistencia_superior": 35.0, "n_transporte_auto": 124.0, "n_transporte_publico": 80.0, "n_transporte_camina": 14.0, "n_transporte_bicicleta": 27.0 }, "geometry": { "type": "Polygon", "coordinates": [ [ [ -72.286061307999944, -37.539467683999931 ], [ -72.284550478999961, -37.538978544999964 ], [ -72.284186266999939, -37.539427456999931 ], [ -72.284903316999987, -37.539776422999978 ], [ -72.284461475999933, -37.540790736999952 ], [ -72.283975985999973, -37.540761681999982 ], [ -72.283906769999987, -37.541225 ], [ -72.290249573999972, -37.54378384599994 ], [ -72.294668144999946, -37.543109861999937 ], [ -72.296536279999941, -37.543088823999938 ], [ -72.301119501999949, -37.54220728599995 ], [ -72.300311377999947, -37.542122935999942 ], [ -72.299989596999978, -37.541912919999959 ], [ -72.296102567999981, -37.541419193999957 ], [ -72.295515407999972, -37.54111543199997 ], [ -72.294926963999956, -37.541153244999975 ], [ -72.294201446999978, -37.540516727999943 ], [ -72.293900991999976, -37.540545600999963 ], [ -72.293225594999967, -37.541006942999957 ], [ -72.292913194999983, -37.54095209299993 ], [ -72.292801717999964, -37.540723039999932 ], [ -72.292182526999966, -37.540458494999939 ], [ -72.292045609999946, -37.540187617999948 ], [ -72.291299057999936, -37.540038938999942 ], [ -72.290513480999948, -37.539394930999947 ], [ -72.287147060999985, -37.537548565999941 ], [ -72.286061307999944, -37.539467683999931 ] ] ] } },
{ "type": "Feature", "properties": { "CUT": 8305, "COMUNA": "MULCHÉN", "AREA_C": "URBANO", "DISTRITO": "MULCHÉN ORIENTE", "LOCALIDAD": "MULCHÉN", "n_per": 4576.0, "n_hombres": 2201.0, "n_mujeres": 2375.0, "n_edad_60_mas": 724.0, "n_asistencia_basica": 530.0, "n_asistencia_media": 268.0, "n_asistencia_superior": 139.0, "n_transporte_auto": 422.0, "n_transporte_publico": 330.0, "n_transporte_camina": 235.0, "n_transporte_bicicleta": 83.0 }, "geometry": { "type": "Polygon", "coordinates": [ [ [ -72.237688895999952, -37.709489959999985 ], [ -72.234986099999958, -37.709785275999934 ], [ -72.233686495999962, -37.710154101999933 ], [ -72.231747028999962, -37.712100522999947 ], [ -72.229956561999984, -37.713354296999967 ], [ -72.229541387999973, -37.714405255999964 ], [ -72.229560959999958, -37.715168619999929 ], [ -72.229906133999975, -37.716318127999955 ], [ -72.230973069999948, -37.716795370999932 ], [ -72.230954301999986, -37.715880367999944 ], [ -72.234112071999959, -37.714845589999982 ], [ -72.23584591599996, -37.714924781999969 ], [ -72.246758385999954, -37.712275838999972 ], [ -72.246327763999943, -37.711155351999935 ], [ -72.245287971999971, -37.71042865499993 ], [ -72.243257548999964, -37.710045289999982 ], [ -72.240134452999939, -37.709842930999969 ], [ -72.237688895999952, -37.709489959999985 ] ] ] } },
{ "type": "Feature", "properties": { "CUT": 8305, "COMUNA": "MULCHÉN", "AREA_C": "URBANO", "DISTRITO": "MULCHÉN PONIENTE", "LOCALIDAD": "MULCHÉN", "n_per": 2562.0, "n_hombres": 1168.0, "n_mujeres": 1394.0, "n_edad_60_mas": 780.0, "n_asistencia_basica": 219.0, "n_asistencia_media": 107.0, "n_asistencia_superior": 97.0, "n_transporte_auto": 289.0, "n_transporte_publico": 137.0, "n_transporte_camina": 226.0, "n_transporte_bicicleta": 52.0 }, "geometry": { "type": "Polygon", "coordinates": [ [ [ -72.243305737999947, -37.715863429999956 ], [ -72.246005653999987, -37.723043060999942 ], [ -72.247509270999956, -37.722492508999949 ], [ -72.248419124999941, -37.722333549999973 ], [ -72.252598930999966, -37.72198057099996 ], [ -72.254479867999976, -37.720848525999941 ], [ -72.255286224999963, -37.720669079999936 ], [ -72.256086139999979, -37.720683208999958 ], [ -72.256957116999956, -37.721154027999944 ], [ -72.257777093999948, -37.72125871999998 ], [ -72.258135554999967, -37.721131902999957 ], [ -72.258969562999937, -37.720317819999934 ], [ -72.261532722999959, -37.719027030999939 ], [ -72.259875148999981, -37.719321621999939 ], [ -72.258079877999933, -37.719275435999975 ], [ -72.256360632999986, -37.718822942999964 ], [ -72.254201452999951, -37.717992895999942 ], [ -72.252873050999938, -37.716997523999964 ], [ -72.250438809999935, -37.714095637999947 ], [ -72.247437486999956, -37.711744132999968 ], [ -72.246327763999943, -37.711155351999935 ], [ -72.247708064999983, -37.714840810999931 ], [ -72.243305737999947, -37.715863429999956 ] ] ] } },
{ "type": "Feature", "properties": { "CUT": 8305, "COMUNA": "MULCHÉN", "AREA_C": "URBANO", "DISTRITO": "MULCHÉN ORIENTE", "LOCALIDAD": "MULCHÉN", "n_per": 1741.0, "n_hombres": 834.0, "n_mujeres": 907.0, "n_edad_60_mas": 506.0, "n_asistencia_basica": 147.0, "n_asistencia_media": 84.0, "n_asistencia_superior": 45.0, "n_transporte_auto": 160.0, "n_transporte_publico": 109.0, "n_transporte_camina": 107.0, "n_transporte_bicicleta": 33.0 }, "geometry": { "type": "Polygon", "coordinates": [ [ [ -72.246758385999954, -37.712275838999972 ], [ -72.23584591599996, -37.714924781999969 ], [ -72.234345514999973, -37.714784420999933 ], [ -72.230954301999986, -37.715880367999944 ], [ -72.230895786999952, -37.716727319999961 ], [ -72.231462427999986, -37.716858265999974 ], [ -72.232950997999978, -37.716727564999985 ], [ -72.236815633999981, -37.717370526999957 ], [ -72.247708064999983, -37.714840810999931 ], [ -72.246758385999954, -37.712275838999972 ] ] ] } },
{ "type": "Feature", "properties": { "CUT": 8305, "COMUNA": "MULCHÉN", "AREA_C": "URBANO", "DISTRITO": "MULCHÉN PONIENTE", "LOCALIDAD": "MULCHÉN", "n_per": 1985.0, "n_hombres": 996.0, "n_mujeres": 989.0, "n_edad_60_mas": 652.0, "n_asistencia_basica": 141.0, "n_asistencia_media": 73.0, "n_asistencia_superior": 52.0, "n_transporte_auto": 188.0, "n_transporte_publico": 70.0, "n_transporte_camina": 169.0, "n_transporte_bicicleta": 14.0 }, "geometry": { "type": "Polygon", "coordinates": [ [ [ -72.236703233999947, -37.717382516999976 ], [ -72.240104955999982, -37.726387729999942 ], [ -72.241595400999984, -37.726030536999929 ], [ -72.243038266999974, -37.725514662999956 ], [ -72.243378276999977, -37.725274826999964 ], [ -72.244056738999973, -37.724186892999967 ], [ -72.246005653999987, -37.723043060999942 ], [ -72.243305737999947, -37.715863429999956 ], [ -72.236703233999947, -37.717382516999976 ] ] ] } },
{ "type": "Feature", "properties": { "CUT": 8305, "COMUNA": "MULCHÉN", "AREA_C": "URBANO", "DISTRITO": "MULCHÉN ORIENTE", "LOCALIDAD": "MULCHÉN", "n_per": 2157.0, "n_hombres": 1022.0, "n_mujeres": 1135.0, "n_edad_60_mas": 595.0, "n_asistencia_basica": 162.0, "n_asistencia_media": 95.0, "n_asistencia_superior": 68.0, "n_transporte_auto": 226.0, "n_transporte_publico": 125.0, "n_transporte_camina": 175.0, "n_transporte_bicicleta": 19.0 }, "geometry": { "type": "Polygon", "coordinates": [ [ [ -72.229906133999975, -37.716318127999955 ], [ -72.230940677999968, -37.718090558999961 ], [ -72.23147344399996, -37.720393531999946 ], [ -72.232590497999979, -37.722019346999957 ], [ -72.232362062999982, -37.722567376999962 ], [ -72.231421711999985, -37.723328503999937 ], [ -72.231004979999966, -37.723991610999974 ], [ -72.22975149499996, -37.727511905999961 ], [ -72.229254055999945, -37.729728135999949 ], [ -72.228690895999989, -37.73062430799996 ], [ -72.227768542999968, -37.731617708999977 ], [ -72.230482780999978, -37.732741798999939 ], [ -72.230933604999962, -37.731649188999938 ], [ -72.231399391999958, -37.729622008999968 ], [ -72.232593675999965, -37.726766636999969 ], [ -72.232712076999974, -37.725865571999975 ], [ -72.239336119999962, -37.724339723999947 ], [ -72.236703233999947, -37.717382516999976 ], [ -72.232950997999978, -37.716727564999985 ], [ -72.231178389999968, -37.716841311999929 ], [ -72.229906133999975, -37.716318127999955 ] ] ] } },
{ "type": "Feature", "properties": { "CUT": 8305, "COMUNA": "MULCHÉN", "AREA_C": "URBANO", "DISTRITO": "ESTACIÓN", "LOCALIDAD": "MULCHÉN", "n_per": 1922.0, "n_hombres": 938.0, "n_mujeres": 984.0, "n_edad_60_mas": 359.0, "n_asistencia_basica": 233.0, "n_asistencia_media": 95.0, "n_asistencia_superior": 61.0, "n_transporte_auto": 234.0, "n_transporte_publico": 131.0, "n_transporte_camina": 62.0, "n_transporte_bicicleta": 22.0 }, "geometry": { "type": "Polygon", "coordinates": [ [ [ -72.239931277999972, -37.727329641999972 ], [ -72.240114437999978, -37.727991711999948 ], [ -72.24118563199994, -37.729715315999954 ], [ -72.24236247999994, -37.732414535999965 ], [ -72.242311691999987, -37.732751246999953 ], [ -72.241850792999969, -37.733362191999959 ], [ -72.241096737999953, -37.733560788999966 ], [ -72.238451513999962, -37.73288157199994 ], [ -72.237844042999939, -37.73297095099997 ], [ -72.237638924999942, -37.733204923999949 ], [ -72.237491855999963, -37.73374661899993 ], [ -72.238257712999939, -37.734165552999968 ], [ -72.238422797999988, -37.73441721599994 ], [ -72.238644842999975, -37.735692924999967 ], [ -72.238655437999967, -37.737031532999936 ], [ -72.241123697999967, -37.736443303999977 ], [ -72.244901446999961, -37.734781009999949 ], [ -72.24756998099997, -37.733398358999978 ], [ -72.24994838799995, -37.733065654999962 ], [ -72.249379100999988, -37.732281651999983 ], [ -72.249835872999938, -37.732296022999947 ], [ -72.250069588999963, -37.73213369299998 ], [ -72.250050418999933, -37.731302188999962 ], [ -72.251036297999974, -37.731243782999968 ], [ -72.251593543999945, -37.731474227999968 ], [ -72.251962986999956, -37.731308230999957 ], [ -72.252535201999933, -37.730005757999947 ], [ -72.253618867999933, -37.728287910999939 ], [ -72.254670681999983, -37.728031763999979 ], [ -72.254669818999957, -37.72755678599998 ], [ -72.256018611999934, -37.727623696999956 ], [ -72.257009891999985, -37.726087269999937 ], [ -72.257915280999953, -37.725462915999969 ], [ -72.258070387999965, -37.725039930999969 ], [ -72.257557580999958, -37.723481169999957 ], [ -72.257111152999983, -37.721184751999942 ], [ -72.256086139999979, -37.720683208999958 ], [ -72.255286224999963, -37.720669079999936 ], [ -72.254479867999976, -37.720848525999941 ], [ -72.252598930999966, -37.72198057099996 ], [ -72.248419124999941, -37.722333549999973 ], [ -72.246582368999952, -37.722786221999968 ], [ -72.245224997999969, -37.723407761999965 ], [ -72.244056738999973, -37.724186892999967 ], [ -72.243378276999977, -37.725274826999964 ], [ -72.243038266999974, -37.725514662999956 ], [ -72.239987590999988, -37.726443409999945 ], [ -72.239931277999972, -37.727329641999972 ] ] ] } },
{ "type": "Feature", "properties": { "CUT": 8305, "COMUNA": "MULCHÉN", "AREA_C": "URBANO", "DISTRITO": "MULCHÉN ORIENTE", "LOCALIDAD": "MULCHÉN", "n_per": 4255.0, "n_hombres": 2003.0, "n_mujeres": 2252.0, "n_edad_60_mas": 677.0, "n_asistencia_basica": 520.0, "n_asistencia_media": 308.0, "n_asistencia_superior": 144.0, "n_transporte_auto": 403.0, "n_transporte_publico": 404.0, "n_transporte_camina": 128.0, "n_transporte_bicicleta": 26.0 }, "geometry": { "type": "Polygon", "coordinates": [ [ [ -72.235962234999988, -37.735122454999953 ], [ -72.235777591999977, -37.733199429999956 ], [ -72.236326781999935, -37.725921060999951 ], [ -72.237696308999944, -37.725601190999953 ], [ -72.237471272999983, -37.724783134999939 ], [ -72.232712076999974, -37.725865571999975 ], [ -72.232593675999965, -37.726766636999969 ], [ -72.231399391999958, -37.729622008999968 ], [ -72.230613000999938, -37.73254831099996 ], [ -72.229286330999969, -37.734350120999977 ], [ -72.235962234999988, -37.735122454999953 ] ] ] } },
{ "type": "Feature", "properties": { "CUT": 8305, "COMUNA": "MULCHÉN", "AREA_C": "URBANO", "DISTRITO": "MULCHÉN ORIENTE", "LOCALIDAD": "MULCHÉN", "n_per": 3245.0, "n_hombres": 1516.0, "n_mujeres": 1729.0, "n_edad_60_mas": 444.0, "n_asistencia_basica": 392.0, "n_asistencia_media": 202.0, "n_asistencia_superior": 132.0, "n_transporte_auto": 328.0, "n_transporte_publico": 234.0, "n_transporte_camina": 143.0, "n_transporte_bicicleta": 38.0 }, "geometry": { "type": "Polygon", "coordinates": [ [ [ -72.235802475999947, -37.732815433999974 ], [ -72.235912549999966, -37.734740710999972 ], [ -72.236145660999966, -37.735626804999981 ], [ -72.235501469999974, -37.737832245999982 ], [ -72.238655437999967, -37.737031532999936 ], [ -72.238644842999975, -37.735692924999967 ], [ -72.238422797999988, -37.73441721599994 ], [ -72.238257712999939, -37.734165552999968 ], [ -72.237491855999963, -37.73374661899993 ], [ -72.237844042999939, -37.73297095099997 ], [ -72.238451513999962, -37.73288157199994 ], [ -72.241096737999953, -37.733560788999966 ], [ -72.241850792999969, -37.733362191999959 ], [ -72.242311691999987, -37.732751246999953 ], [ -72.242285915999958, -37.731993747999979 ], [ -72.240933469999959, -37.729249865999975 ], [ -72.240114437999978, -37.727991711999948 ], [ -72.239870650999933, -37.726900214999944 ], [ -72.240104955999982, -37.726387729999942 ], [ -72.239336119999962, -37.724339723999947 ], [ -72.237471272999983, -37.724783134999939 ], [ -72.237696308999944, -37.725601190999953 ], [ -72.236326781999935, -37.725921060999951 ], [ -72.235802475999947, -37.732815433999974 ] ] ] } },
{ "type": "Feature", "properties": { "CUT": 8308, "COMUNA": "QUILACO", "AREA_C": "URBANO", "DISTRITO": "QUILACO", "LOCALIDAD": "QUILACO", "n_per": 1998.0, "n_hombres": 964.0, "n_mujeres": 1034.0, "n_edad_60_mas": 459.0, "n_asistencia_basica": 221.0, "n_asistencia_media": 99.0, "n_asistencia_superior": 57.0, "n_transporte_auto": 174.0, "n_transporte_publico": 154.0, "n_transporte_camina": 78.0, "n_transporte_bicicleta": 43.0 }, "geometry": { "type": "Polygon", "coordinates": [ [ [ -71.99416255999995, -37.681776631999981 ], [ -71.99273087399996, -37.682911816999933 ], [ -71.991939138999953, -37.68313222699993 ], [ -71.992136989999949, -37.683572955999978 ], [ -71.992604717999939, -37.683887163999941 ], [ -71.992594765999968, -37.684234 ], [ -71.992192284999987, -37.684679151999944 ], [ -71.992038890999936, -37.685188064999977 ], [ -71.992203037999957, -37.685397535999982 ], [ -71.995091657999978, -37.686176262999936 ], [ -71.996084266999958, -37.686357252999983 ], [ -71.998435659999984, -37.686402574999931 ], [ -71.998570047999976, -37.687229059999936 ], [ -72.001009432999979, -37.68725395599995 ], [ -72.001150260999964, -37.688005013999941 ], [ -71.999705334999987, -37.689392091999935 ], [ -72.000043244999972, -37.691163074999963 ], [ -72.001118292999934, -37.691139865999958 ], [ -72.001376726999979, -37.689662830999964 ], [ -72.002249141999982, -37.689479848999952 ], [ -72.002007995999975, -37.688037805999954 ], [ -72.004768611999964, -37.687592932999962 ], [ -72.004488098999957, -37.685697685999969 ], [ -72.005151421999983, -37.685706993999929 ], [ -72.00506403199995, -37.685025052999947 ], [ -72.008626246999938, -37.686359102999972 ], [ -72.011869102999981, -37.686970043999963 ], [ -72.012392459999944, -37.689032552999947 ], [ -72.014840169999957, -37.687852851999935 ], [ -72.016132659999982, -37.687817978999931 ], [ -72.017884221999964, -37.687409603999981 ], [ -72.017764988999943, -37.687117537999939 ], [ -72.017887370999972, -37.686734527999931 ], [ -72.019306145999963, -37.686155772999939 ], [ -72.020731028999933, -37.68525400599998 ], [ -72.023103740999943, -37.683283949999975 ], [ -72.021524547999945, -37.683304282999984 ], [ -72.020713194999985, -37.683104881999952 ], [ -72.020630906999941, -37.683585595999944 ], [ -72.019416136999951, -37.683225663999963 ], [ -72.013827573999947, -37.683033757999965 ], [ -72.013755024999966, -37.681933404999938 ], [ -72.011112896999975, -37.681899577999957 ], [ -72.009813165999958, -37.681500950999975 ], [ -72.009796957999981, -37.680496343999948 ], [ -72.007323936999967, -37.680945951999945 ], [ -72.006509620999964, -37.681310936999978 ], [ -72.006489619999968, -37.681069052999931 ], [ -72.005427946999987, -37.681451823999964 ], [ -72.004375204999974, -37.681543783999984 ], [ -72.003509187999953, -37.681203536999931 ], [ -71.999453201999984, -37.680474669999967 ], [ -71.996594520999963, -37.679665894999971 ], [ -71.995511012999941, -37.679520131999936 ], [ -71.995136922999961, -37.679513614999962 ], [ -71.99502916299997, -37.680576359999975 ], [ -71.994469722999952, -37.681059743999981 ], [ -71.99416255999995, -37.681776631999981 ] ] ] } },
{ "type": "Feature", "properties": { "CUT": 8302, "COMUNA": "ANTUCO", "AREA_C": "URBANO", "DISTRITO": "ANTUCO", "LOCALIDAD": "ANTUCO", "n_per": 2111.0, "n_hombres": 972.0, "n_mujeres": 1139.0, "n_edad_60_mas": 564.0, "n_asistencia_basica": 184.0, "n_asistencia_media": 99.0, "n_asistencia_superior": 90.0, "n_transporte_auto": 100.0, "n_transporte_publico": 198.0, "n_transporte_camina": 145.0, "n_transporte_bicicleta": 37.0 }, "geometry": { "type": "Polygon", "coordinates": [ [ [ -71.668860132999953, -37.32476857599994 ], [ -71.668664890999935, -37.32626335499998 ], [ -71.666779903999952, -37.326148523999962 ], [ -71.666790313999968, -37.326949397999954 ], [ -71.66469455899994, -37.326953730999946 ], [ -71.664795742999956, -37.328296168999941 ], [ -71.662883902999965, -37.328381972999978 ], [ -71.662892394999972, -37.328755534999971 ], [ -71.663220596999963, -37.328755963999981 ], [ -71.663192758999969, -37.332768122999937 ], [ -71.664692763999938, -37.332917949999967 ], [ -71.666562415999977, -37.332844650999959 ], [ -71.667018047999989, -37.333044609999945 ], [ -71.668827156999953, -37.333001293999985 ], [ -71.668808012999989, -37.334194568999976 ], [ -71.671140855999965, -37.333764927999937 ], [ -71.672357068999986, -37.333897113999967 ], [ -71.673108500999945, -37.333803422999949 ], [ -71.673568239999952, -37.33405288199998 ], [ -71.674558454999953, -37.334224593999977 ], [ -71.675328751999984, -37.334068228999968 ], [ -71.676401199999987, -37.334115045999965 ], [ -71.676683384999933, -37.333342189999939 ], [ -71.679125498999952, -37.332274038999969 ], [ -71.679444800999988, -37.331936506999966 ], [ -71.680378739999981, -37.331435546999955 ], [ -71.68047476299995, -37.331103858999938 ], [ -71.681670053999937, -37.330871680999962 ], [ -71.682430126999975, -37.330309383999975 ], [ -71.684407658999987, -37.329573575999973 ], [ -71.684456643999965, -37.328534050999963 ], [ -71.681456009999977, -37.329248698999947 ], [ -71.682038009999985, -37.326319489999946 ], [ -71.681306562999964, -37.326428939999971 ], [ -71.681498136999949, -37.325452138999935 ], [ -71.680483782999943, -37.325378271999966 ], [ -71.68061520599997, -37.324947823999935 ], [ -71.679882739999982, -37.324964852999983 ], [ -71.679484008999964, -37.326491748999956 ], [ -71.679321240999968, -37.326493281999944 ], [ -71.674001811999972, -37.325502621999931 ], [ -71.668860132999953, -37.32476857599994 ] ] ] } },
{ "type": "Feature", "properties": { "CUT": 8309, "COMUNA": "QUILLECO", "AREA_C": "URBANO", "DISTRITO": "VILLA MERCEDES", "LOCALIDAD": "LAS CANTERAS", "n_per": 1932.0, "n_hombres": 919.0, "n_mujeres": 1013.0, "n_edad_60_mas": 455.0, "n_asistencia_basica": 169.0, "n_asistencia_media": 107.0, "n_asistencia_superior": 95.0, "n_transporte_auto": 244.0, "n_transporte_publico": 214.0, "n_transporte_camina": 23.0, "n_transporte_bicicleta": 6.0 }, "geometry": { "type": "MultiPolygon", "coordinates": [ [ [ [ -72.00959501899996, -37.404984654999964 ], [ -72.009706807999976, -37.407638340999938 ], [ -72.007339831999957, -37.408169787999952 ], [ -72.007648247999953, -37.408962579999979 ], [ -72.01079700799994, -37.40833166699997 ], [ -72.012796652999953, -37.407031250999978 ], [ -72.013169110999968, -37.407441569999946 ], [ -72.01377582899994, -37.407353117999946 ], [ -72.013887774999944, -37.407580570999983 ], [ -72.015152493999949, -37.407487451999941 ], [ -72.013833046999935, -37.404663270999947 ], [ -72.012663251999982, -37.403078138999945 ], [ -72.011961350999968, -37.403414851999969 ], [ -72.011542974999941, -37.404727073999936 ], [ -72.00959501899996, -37.404984654999964 ] ] ], [ [ [ -72.00959501899996, -37.404984654999964 ], [ -72.008577292999973, -37.402685805999965 ], [ -72.011684363999962, -37.401728548999984 ], [ -72.011151998999935, -37.400240964999966 ], [ -72.011537610999937, -37.392019858999959 ], [ -72.01137672599998, -37.391557474999956 ], [ -72.010845348999965, -37.390893586999937 ], [ -72.009867761999942, -37.391208166999945 ], [ -72.009901065999941, -37.391442763999976 ], [ -72.009331293999935, -37.391903088999982 ], [ -72.008446643999946, -37.392343858999936 ], [ -72.008545067999933, -37.392491815999961 ], [ -72.007231545999957, -37.39384008899998 ], [ -72.006858300999966, -37.394056427999942 ], [ -72.005909517999953, -37.394203446999938 ], [ -72.004982818999963, -37.39605989699993 ], [ -72.002981563999981, -37.398656138999968 ], [ -72.00308311699996, -37.399515389999976 ], [ -72.004477633999954, -37.399545949999947 ], [ -72.004118816999949, -37.400569028999939 ], [ -72.005086092999989, -37.400657668999941 ], [ -72.00503006799994, -37.402059719999954 ], [ -72.005244277999964, -37.402185392999968 ], [ -72.005704513999945, -37.403591338999945 ], [ -72.000448438999967, -37.405219194999972 ], [ -71.997669967999968, -37.405615436999938 ], [ -71.993227182999988, -37.405973886999959 ], [ -71.993282794999971, -37.408494498999971 ], [ -71.996073080999963, -37.407239882999932 ], [ -71.996665511999936, -37.407189414999948 ], [ -71.99965315999998, -37.406304742999964 ], [ -72.001869059999933, -37.406129173999943 ], [ -72.007546915999967, -37.40493573599997 ], [ -72.008801809999966, -37.405098795999947 ], [ -72.00959501899996, -37.404984654999964 ] ] ] ] } },
{ "type": "Feature", "properties": { "CUT": 8309, "COMUNA": "QUILLECO", "AREA_C": "URBANO", "DISTRITO": "VILLA MERCEDES", "LOCALIDAD": "VILLA MERCEDES", "n_per": 1483.0, "n_hombres": 757.0, "n_mujeres": 726.0, "n_edad_60_mas": 386.0, "n_asistencia_basica": 133.0, "n_asistencia_media": 67.0, "n_asistencia_superior": 47.0, "n_transporte_auto": 178.0, "n_transporte_publico": 128.0, "n_transporte_camina": 34.0, "n_transporte_bicicleta": 11.0 }, "geometry": { "type": "Polygon", "coordinates": [ [ [ -71.976180039999974, -37.399320201999956 ], [ -71.97646836499996, -37.40044652499995 ], [ -71.975013596999986, -37.400494936999962 ], [ -71.975326148999955, -37.401871336999932 ], [ -71.97572226799997, -37.401838203999944 ], [ -71.975615307999988, -37.401954450999938 ], [ -71.976329000999954, -37.407446820999951 ], [ -71.983297356999969, -37.40681359499996 ], [ -71.982588223999983, -37.401163276999966 ], [ -71.98254895599996, -37.400339643999985 ], [ -71.982876669999939, -37.400241016999985 ], [ -71.982741369999985, -37.399620423999977 ], [ -71.981747657999961, -37.400733571999979 ], [ -71.981388167999967, -37.400931627999967 ], [ -71.980802475999951, -37.400854642999946 ], [ -71.980698736999955, -37.400041229999943 ], [ -71.97990912299997, -37.400159985999949 ], [ -71.979748388999951, -37.400939353999945 ], [ -71.979317783999988, -37.400860683999952 ], [ -71.978481875999933, -37.401109621999979 ], [ -71.977688280999985, -37.401008226999977 ], [ -71.977071100999979, -37.400722127999984 ], [ -71.97663006199997, -37.399233777999939 ], [ -71.976180039999974, -37.399320201999956 ] ] ] } },
{ "type": "Feature", "properties": { "CUT": 8309, "COMUNA": "QUILLECO", "AREA_C": "URBANO", "DISTRITO": "QUILLECO", "LOCALIDAD": "QUILLECO", "n_per": 1997.0, "n_hombres": 946.0, "n_mujeres": 1051.0, "n_edad_60_mas": 502.0, "n_asistencia_basica": 187.0, "n_asistencia_media": 108.0, "n_asistencia_superior": 81.0, "n_transporte_auto": 158.0, "n_transporte_publico": 153.0, "n_transporte_camina": 156.0, "n_transporte_bicicleta": 16.0 }, "geometry": { "type": "Polygon", "coordinates": [ [ [ -71.986364572999946, -37.470709730999943 ], [ -71.986210891999974, -37.469765050999968 ], [ -71.983925186999954, -37.469577387999948 ], [ -71.983892565999952, -37.468404076999946 ], [ -71.984584864999988, -37.468360159999975 ], [ -71.985336176999965, -37.468047988999956 ], [ -71.985001218999969, -37.467503243999943 ], [ -71.984811340999954, -37.466092764999985 ], [ -71.984530193999944, -37.465441336999959 ], [ -71.984567543999958, -37.465077962999942 ], [ -71.978098626999952, -37.465141029999984 ], [ -71.977792412999975, -37.463811490999944 ], [ -71.977224747999969, -37.46381222399998 ], [ -71.977647250999951, -37.465650192999931 ], [ -71.975917168999956, -37.465640403999942 ], [ -71.97601820899996, -37.466093210999929 ], [ -71.972531019999963, -37.465943888999959 ], [ -71.972767854999972, -37.468224144999965 ], [ -71.976405362999969, -37.468349394999962 ], [ -71.974662059999957, -37.472097896999969 ], [ -71.974645825999971, -37.472862006999947 ], [ -71.975841346999971, -37.473008403999984 ], [ -71.978637786999968, -37.472249745999932 ], [ -71.978675945999953, -37.473618325999951 ], [ -71.979774159999977, -37.473797111999943 ], [ -71.979088795999985, -37.476615151999965 ], [ -71.978049606999946, -37.476638703999981 ], [ -71.978203324999981, -37.478110641999933 ], [ -71.984501605999981, -37.478030405999959 ], [ -71.98393820299998, -37.476460628999973 ], [ -71.987365777999969, -37.476343355999973 ], [ -71.987156140999957, -37.475324526999941 ], [ -71.986711574999958, -37.474606438999956 ], [ -71.987021856999945, -37.474041949999958 ], [ -71.986938963999933, -37.473418020999929 ], [ -71.987079100999949, -37.472759151999981 ], [ -71.986500504999981, -37.471740391999958 ], [ -71.986470544999975, -37.471518870999944 ], [ -71.986729105999984, -37.471115495999982 ], [ -71.986364572999946, -37.470709730999943 ] ] ] } },
{ "type": "Feature", "properties": { "CUT": 8311, "COMUNA": "SANTA BÁRBARA", "AREA_C": "URBANO", "DISTRITO": "SANTA BÁRBARA", "LOCALIDAD": "SANTA BÁRBARA", "n_per": 4590.0, "n_hombres": 2104.0, "n_mujeres": 2486.0, "n_edad_60_mas": 684.0, "n_asistencia_basica": 527.0, "n_asistencia_media": 307.0, "n_asistencia_superior": 208.0, "n_transporte_auto": 477.0, "n_transporte_publico": 361.0, "n_transporte_camina": 378.0, "n_transporte_bicicleta": 174.0 }, "geometry": { "type": "Polygon", "coordinates": [ [ [ -72.03007394499997, -37.657655532999968 ], [ -72.029044920999979, -37.658454386999949 ], [ -72.025764596999977, -37.659861748999958 ], [ -72.025036339999986, -37.658764752999957 ], [ -72.022658752999973, -37.659944032999931 ], [ -72.022198032999938, -37.658999997999956 ], [ -72.021535478999965, -37.659312245999956 ], [ -72.021083521999969, -37.659812384999952 ], [ -72.015804293999963, -37.662772485999938 ], [ -72.015382836999947, -37.663181272999964 ], [ -72.015344038999956, -37.663537615999985 ], [ -72.01648470799995, -37.665379163999944 ], [ -72.018026386999964, -37.665180527999951 ], [ -72.023380706999944, -37.663936111999931 ], [ -72.024443384999984, -37.664163689999953 ], [ -72.02476752299998, -37.665534914999967 ], [ -72.024995894999961, -37.66983890399996 ], [ -72.027162325999939, -37.669701591999967 ], [ -72.029225851999968, -37.668240526999966 ], [ -72.03791444899997, -37.664811835999956 ], [ -72.036527073999935, -37.661652379999964 ], [ -72.031339152999976, -37.663561261999973 ], [ -72.03163529699998, -37.665662228999963 ], [ -72.026815126999963, -37.664150681999956 ], [ -72.025634188999959, -37.664042574999939 ], [ -72.027450501999965, -37.662962730999936 ], [ -72.033415038999976, -37.658728737999979 ], [ -72.032510111999954, -37.657866981999973 ], [ -72.03007394499997, -37.657655532999968 ] ] ] } },
{ "type": "Feature", "properties": { "CUT": 8311, "COMUNA": "SANTA BÁRBARA", "AREA_C": "URBANO", "DISTRITO": "SANTA BÁRBARA", "LOCALIDAD": "SANTA BÁRBARA", "n_per": 3012.0, "n_hombres": 1426.0, "n_mujeres": 1586.0, "n_edad_60_mas": 861.0, "n_asistencia_basica": 264.0, "n_asistencia_media": 125.0, "n_asistencia_superior": 127.0, "n_transporte_auto": 292.0, "n_transporte_publico": 189.0, "n_transporte_camina": 273.0, "n_transporte_bicicleta": 58.0 }, "geometry": { "type": "Polygon", "coordinates": [ [ [ -72.012156562999962, -37.664629769999976 ], [ -72.007297541999947, -37.666543279999985 ], [ -72.008044852999944, -37.668724310999949 ], [ -72.007375750999984, -37.669480504999967 ], [ -72.007874098999935, -37.670703557999957 ], [ -72.007745700999976, -37.671630032999929 ], [ -72.01238792099997, -37.673147296999957 ], [ -72.01806200599998, -37.67126305599993 ], [ -72.021694286999946, -37.671457789999977 ], [ -72.022924362999959, -37.671848938999972 ], [ -72.023980657999971, -37.671933487999979 ], [ -72.024807102999944, -37.671697166999934 ], [ -72.026210111999944, -37.670999586999983 ], [ -72.030002085999968, -37.670638704999931 ], [ -72.031505866999964, -37.67070728799996 ], [ -72.03053685499998, -37.667665996999972 ], [ -72.029079571999944, -37.668322727999964 ], [ -72.027162325999939, -37.669701591999967 ], [ -72.024995894999961, -37.66983890399996 ], [ -72.024728391999986, -37.665271306999955 ], [ -72.024443384999984, -37.664163689999953 ], [ -72.024027722999961, -37.66401652199994 ], [ -72.023380706999944, -37.663936111999931 ], [ -72.018026386999964, -37.665180527999951 ], [ -72.01648470799995, -37.665379163999944 ], [ -72.01530876399994, -37.663357409999946 ], [ -72.014635803999965, -37.663594196999952 ], [ -72.014938367999946, -37.664044464999961 ], [ -72.012156562999962, -37.664629769999976 ] ] ] } },
{ "type": "Feature", "properties": { "CUT": 8312, "COMUNA": "TUCAPEL", "AREA_C": "URBANO", "DISTRITO": "HUÉPIL", "LOCALIDAD": "HUÉPIL", "n_per": 4441.0, "n_hombres": 2088.0, "n_mujeres": 2353.0, "n_edad_60_mas": 903.0, "n_asistencia_basica": 467.0, "n_asistencia_media": 259.0, "n_asistencia_superior": 144.0, "n_transporte_auto": 516.0, "n_transporte_publico": 313.0, "n_transporte_camina": 373.0, "n_transporte_bicicleta": 130.0 }, "geometry": { "type": "Polygon", "coordinates": [ [ [ -71.928934148999986, -37.238862696999945 ], [ -71.930715420999945, -37.240033087999961 ], [ -71.933361341999955, -37.241285751999953 ], [ -71.950348204999955, -37.238178347999963 ], [ -71.950961720999942, -37.238407038999981 ], [ -71.951187025999957, -37.239142368999978 ], [ -71.952187888999958, -37.238946437999971 ], [ -71.95413319499994, -37.239606541999933 ], [ -71.956839660999947, -37.240638196999953 ], [ -71.95653654299997, -37.241043280999975 ], [ -71.957681181999988, -37.241057973999943 ], [ -71.96087971299994, -37.241519294999932 ], [ -71.961072795999939, -37.24069964399996 ], [ -71.961553501999958, -37.239868029999968 ], [ -71.960210613999948, -37.239510526999936 ], [ -71.961118499999941, -37.237294546999976 ], [ -71.961003433999963, -37.237168359999941 ], [ -71.960252811999965, -37.237108861999957 ], [ -71.95849119899998, -37.236540186999946 ], [ -71.957577463999939, -37.236488690999977 ], [ -71.955621492999967, -37.235875270999941 ], [ -71.954947631999971, -37.235903364999956 ], [ -71.954706010999985, -37.235668358999931 ], [ -71.955067711999959, -37.235080380999932 ], [ -71.954382687999953, -37.235090727999932 ], [ -71.954142750999949, -37.234589858999982 ], [ -71.952771120999955, -37.23471195299993 ], [ -71.951343029999975, -37.234616924999955 ], [ -71.950269381999988, -37.234932047999962 ], [ -71.946317801999953, -37.233753221999962 ], [ -71.945008314999939, -37.233567307999976 ], [ -71.943029755999987, -37.233563895999964 ], [ -71.943086167999979, -37.232127222999964 ], [ -71.94338210899997, -37.230512365999971 ], [ -71.943102695999983, -37.230444804999934 ], [ -71.940878089999956, -37.23075493999994 ], [ -71.939866923999944, -37.231091090999939 ], [ -71.939661299999955, -37.233273363999956 ], [ -71.937919679999936, -37.233311004999962 ], [ -71.936494316999983, -37.233087162999936 ], [ -71.937340707999965, -37.236322510999969 ], [ -71.933805829999983, -37.236973626999941 ], [ -71.931197706999967, -37.237807429999975 ], [ -71.930169003999936, -37.237567557999967 ], [ -71.929575029999967, -37.237611541999968 ], [ -71.929170926999973, -37.238037050999935 ], [ -71.928934148999986, -37.238862696999945 ] ] ] } },
{ "type": "Feature", "properties": { "CUT": 8312, "COMUNA": "TUCAPEL", "AREA_C": "URBANO", "DISTRITO": "HUÉPIL", "LOCALIDAD": "HUÉPIL", "n_per": 3098.0, "n_hombres": 1481.0, "n_mujeres": 1617.0, "n_edad_60_mas": 853.0, "n_asistencia_basica": 276.0, "n_asistencia_media": 154.0, "n_asistencia_superior": 91.0, "n_transporte_auto": 286.0, "n_transporte_publico": 156.0, "n_transporte_camina": 240.0, "n_transporte_bicicleta": 52.0 }, "geometry": { "type": "Polygon", "coordinates": [ [ [ -71.950348204999955, -37.238178347999963 ], [ -71.933361341999955, -37.241285751999953 ], [ -71.943660038999951, -37.246020234999946 ], [ -71.948622459999967, -37.249497805999965 ], [ -71.954370138999934, -37.24680449799996 ], [ -71.955454806999967, -37.246705883999937 ], [ -71.957443152999986, -37.246066749999954 ], [ -71.957190553999965, -37.244229649999966 ], [ -71.957420053999954, -37.243660736999971 ], [ -71.958192317999988, -37.243215668999937 ], [ -71.961027032999937, -37.242345049999983 ], [ -71.961750835999965, -37.241628810999941 ], [ -71.957681181999988, -37.241057973999943 ], [ -71.95653654299997, -37.241043280999975 ], [ -71.956839660999947, -37.240638196999953 ], [ -71.95413319499994, -37.239606541999933 ], [ -71.952187888999958, -37.238946437999971 ], [ -71.951187025999957, -37.239142368999978 ], [ -71.950961720999942, -37.238407038999981 ], [ -71.950348204999955, -37.238178347999963 ] ] ] } },
{ "type": "Feature", "properties": { "CUT": 8312, "COMUNA": "TUCAPEL", "AREA_C": "URBANO", "DISTRITO": "TRUPÁN", "LOCALIDAD": "HUÉPIL", "n_per": 1553.0, "n_hombres": 712.0, "n_mujeres": 841.0, "n_edad_60_mas": 242.0, "n_asistencia_basica": 172.0, "n_asistencia_media": 120.0, "n_asistencia_superior": 64.0, "n_transporte_auto": 170.0, "n_transporte_publico": 79.0, "n_transporte_camina": 136.0, "n_transporte_bicicleta": 50.0 }, "geometry": { "type": "Polygon", "coordinates": [ [ [ -71.929148380999948, -37.240282126999944 ], [ -71.928667404999942, -37.242964613999959 ], [ -71.929607395999938, -37.243204502999959 ], [ -71.929818609999984, -37.24293659999995 ], [ -71.930021939999961, -37.241809554999975 ], [ -71.931267757999933, -37.242281152999965 ], [ -71.934756549999975, -37.244055586999934 ], [ -71.936213829999986, -37.244511098999965 ], [ -71.937529505999976, -37.244564856999943 ], [ -71.93940704399995, -37.245403481999972 ], [ -71.938256695999939, -37.246922784999981 ], [ -71.941230881999957, -37.248296580999977 ], [ -71.944100161999984, -37.248248474999968 ], [ -71.944223348999969, -37.249049189999937 ], [ -71.945264273999953, -37.248900001999971 ], [ -71.945376227999986, -37.250131492999969 ], [ -71.946676473999958, -37.249865696999962 ], [ -71.947527522999962, -37.251484725999944 ], [ -71.947567988999936, -37.252395731999968 ], [ -71.950806470999964, -37.251065313999959 ], [ -71.943660038999951, -37.246020234999946 ], [ -71.93085526699997, -37.240108153999984 ], [ -71.928934148999986, -37.238862696999945 ], [ -71.92894440699996, -37.239980806999938 ], [ -71.929148380999948, -37.240282126999944 ] ] ] } },
{ "type": "Feature", "properties": { "CUT": 8312, "COMUNA": "TUCAPEL", "AREA_C": "URBANO", "DISTRITO": "TUCAPEL", "LOCALIDAD": "TUCAPEL", "n_per": 2880.0, "n_hombres": 1411.0, "n_mujeres": 1469.0, "n_edad_60_mas": 688.0, "n_asistencia_basica": 284.0, "n_asistencia_media": 178.0, "n_asistencia_superior": 99.0, "n_transporte_auto": 305.0, "n_transporte_publico": 269.0, "n_transporte_camina": 115.0, "n_transporte_bicicleta": 47.0 }, "geometry": { "type": "Polygon", "coordinates": [ [ [ -71.948226976999933, -37.285385097999949 ], [ -71.948184749999939, -37.285831979999955 ], [ -71.947398300999964, -37.285811984999953 ], [ -71.947202030999961, -37.287201684999957 ], [ -71.945798707999984, -37.287169048999942 ], [ -71.945691938999971, -37.288653176999958 ], [ -71.944637248999982, -37.288646342999982 ], [ -71.944893652999951, -37.289626111999951 ], [ -71.944245850999948, -37.289750068999979 ], [ -71.944574730999989, -37.291726627999935 ], [ -71.944107347999989, -37.291734525999971 ], [ -71.943720095999936, -37.29198297399995 ], [ -71.944038428999988, -37.292089150999971 ], [ -71.944293155999958, -37.292552255999965 ], [ -71.944155294999973, -37.292783891999932 ], [ -71.944431965999968, -37.292972605999978 ], [ -71.944596129999979, -37.294050221999953 ], [ -71.945526912999981, -37.294053754999936 ], [ -71.94435152799997, -37.295176872999946 ], [ -71.94598461399994, -37.295462507999957 ], [ -71.944929504999948, -37.297332251999933 ], [ -71.944935353999938, -37.298139557999946 ], [ -71.944513126999937, -37.299132610999948 ], [ -71.944419090999986, -37.300240737999957 ], [ -71.948236110999972, -37.300011246999929 ], [ -71.949845795999977, -37.300344063999944 ], [ -71.947859491999964, -37.302952326999957 ], [ -71.949060811999971, -37.303224323999984 ], [ -71.948993781999945, -37.303553432999934 ], [ -71.949880969999981, -37.303619372999947 ], [ -71.949923159999969, -37.30346411499994 ], [ -71.951077400999964, -37.303640194999957 ], [ -71.951026445999958, -37.303471397999942 ], [ -71.954322053999988, -37.303444015999958 ], [ -71.955345584999975, -37.300511563999976 ], [ -71.95559419999995, -37.300656810999953 ], [ -71.956230561999973, -37.299307723999959 ], [ -71.955924914999969, -37.299158295999973 ], [ -71.957269761999953, -37.295680710999932 ], [ -71.956377031999978, -37.295236204999981 ], [ -71.957192833999954, -37.294718020999937 ], [ -71.957706125999948, -37.295013665999932 ], [ -71.95893714999994, -37.294382411999948 ], [ -71.958638459999975, -37.294093184999952 ], [ -71.957909864999976, -37.294490363999955 ], [ -71.957000768999933, -37.293565418999947 ], [ -71.957332958999984, -37.293280400999947 ], [ -71.956464534999952, -37.292575707999958 ], [ -71.958070843999963, -37.289119690999939 ], [ -71.952272249999965, -37.288905331999956 ], [ -71.952589743999965, -37.283053633999941 ], [ -71.953059799999949, -37.282546975999935 ], [ -71.953817782999977, -37.282456103999948 ], [ -71.954070502999969, -37.281963373999929 ], [ -71.951265703999979, -37.28149485299997 ], [ -71.952457306999975, -37.279205378999961 ], [ -71.950992516999975, -37.278515698999968 ], [ -71.947682150999981, -37.28501009799993 ], [ -71.947982557999978, -37.285011517999976 ], [ -71.947987668999986, -37.28536960699995 ], [ -71.948226976999933, -37.285385097999949 ] ] ] } },
{ "type": "Feature", "properties": { "CUT": 8312, "COMUNA": "TUCAPEL", "AREA_C": "URBANO", "DISTRITO": "POLCURA", "LOCALIDAD": "POLCURA", "n_per": 1093.0, "n_hombres": 522.0, "n_mujeres": 571.0, "n_edad_60_mas": 328.0, "n_asistencia_basica": 101.0, "n_asistencia_media": 50.0, "n_asistencia_superior": 31.0, "n_transporte_auto": 54.0, "n_transporte_publico": 86.0, "n_transporte_camina": 23.0, "n_transporte_bicicleta": 12.0 }, "geometry": { "type": "Polygon", "coordinates": [ [ [ -71.716636782999956, -37.282835290999969 ], [ -71.718357089999984, -37.290372340999966 ], [ -71.714816318999965, -37.290980598999965 ], [ -71.715060178999977, -37.292139279999958 ], [ -71.718586868999978, -37.291468742999939 ], [ -71.719051141999955, -37.293480743999964 ], [ -71.717390415999944, -37.295346089999953 ], [ -71.719320782999944, -37.295304874999943 ], [ -71.721189179999953, -37.293567662999976 ], [ -71.727055632999964, -37.291679036999938 ], [ -71.728361311999947, -37.291538729999957 ], [ -71.728289933999974, -37.291100780999955 ], [ -71.726986333999946, -37.291135966999946 ], [ -71.727551351999978, -37.288445357999933 ], [ -71.729424046999952, -37.288480172999982 ], [ -71.729409964999945, -37.28882989799996 ], [ -71.731091581999976, -37.288317646999928 ], [ -71.731078937999939, -37.288675380999962 ], [ -71.731852448999973, -37.288666972999977 ], [ -71.731868258999953, -37.288284350999959 ], [ -71.733619317999967, -37.288361344999942 ], [ -71.733741019999968, -37.287031301999946 ], [ -71.736516808999966, -37.287227580999968 ], [ -71.737015379999946, -37.285047377999945 ], [ -71.735165765999966, -37.284556089999967 ], [ -71.732832284999972, -37.285143835999975 ], [ -71.731437335999942, -37.28599983099997 ], [ -71.730163672999936, -37.28578582199998 ], [ -71.728586953999979, -37.285164108999936 ], [ -71.727866795999944, -37.285603085999981 ], [ -71.726906459999952, -37.285904294999966 ], [ -71.723214804999941, -37.28516721099993 ], [ -71.72215261499997, -37.284333320999963 ], [ -71.720630798999935, -37.28350613899994 ], [ -71.718151083999942, -37.283619708999936 ], [ -71.717629081999974, -37.283480063999946 ], [ -71.716636782999956, -37.282835290999969 ] ] ] } },
{ "type": "Feature", "properties": { "CUT": 8309, "COMUNA": "QUILLECO", "AREA_C": "URBANO", "DISTRITO": "CANTERAS", "LOCALIDAD": "LAS CANTERAS", "n_per": 89.0, "n_hombres": 42.0, "n_mujeres": 47.0, "n_edad_60_mas": 21.0, "n_asistencia_basica": 6.0, "n_asistencia_media": 6.0, "n_asistencia_superior": 7.0, "n_transporte_auto": 6.0, "n_transporte_publico": 4.0, "n_transporte_camina": 10.0, "n_transporte_bicicleta": 0.0 }, "geometry": { "type": "Polygon", "coordinates": [ [ [ -72.011684363999962, -37.401728548999984 ], [ -72.008577292999973, -37.402685805999965 ], [ -72.00959501899996, -37.404984654999964 ], [ -72.011542974999941, -37.404727073999936 ], [ -72.011961350999968, -37.403414851999969 ], [ -72.012663251999982, -37.403078138999945 ], [ -72.013803448999965, -37.404616429999976 ], [ -72.014527304999945, -37.404422889999978 ], [ -72.015320028999952, -37.403695042999971 ], [ -72.01574382299998, -37.403795855999931 ], [ -72.014735695999946, -37.402230477999979 ], [ -72.014267443999984, -37.402387355999963 ], [ -72.012861720999979, -37.399733377999951 ], [ -72.013094674999934, -37.398279282999965 ], [ -72.011250928999971, -37.398235480999972 ], [ -72.011164664999967, -37.400449040999945 ], [ -72.011684363999962, -37.401728548999984 ] ] ] } },
{ "type": "Feature", "properties": { "CUT": 8110, "COMUNA": "TALCAHUANO", "AREA_C": "URBANO", "DISTRITO": "HUACHIPATO", "LOCALIDAD": "GRAN CONCEPCIÓN", "n_per": 0.0, "n_hombres": 0.0, "n_mujeres": 0.0, "n_edad_60_mas": 0.0, "n_asistencia_basica": 0.0, "n_asistencia_media": 0.0, "n_asistencia_superior": 0.0, "n_transporte_auto": 0.0, "n_transporte_publico": 0.0, "n_transporte_camina": 0.0, "n_transporte_bicicleta": 0.0 }, "geometry": { "type": "Polygon", "coordinates": [ [ [ -73.118149048999953, -36.725505560999977 ], [ -73.116693879999957, -36.727092507999942 ], [ -73.120897861999936, -36.738143934999982 ], [ -73.120755858999985, -36.739072815999975 ], [ -73.120175762999963, -36.739861790999953 ], [ -73.118912046999981, -36.740210375999936 ], [ -73.118058428999973, -36.740027422999958 ], [ -73.11887507299997, -36.740715714999965 ], [ -73.12419181599995, -36.748804133999954 ], [ -73.124347843999942, -36.749342171999956 ], [ -73.124150694999969, -36.749812087999942 ], [ -73.123429832999989, -36.750413901999934 ], [ -73.123244451999938, -36.750772865999977 ], [ -73.123269198999935, -36.751297206999936 ], [ -73.123758570999939, -36.752083325999934 ], [ -73.123790110999948, -36.753161287999944 ], [ -73.122423060999949, -36.756444576999968 ], [ -73.122107958999948, -36.757547079999938 ], [ -73.119056, -36.760401083999966 ], [ -73.117517756999973, -36.763038675999951 ], [ -73.117297899999983, -36.764001868999969 ], [ -73.11504006499996, -36.768994720999956 ], [ -73.112966279999966, -36.776373338999974 ], [ -73.116210466999974, -36.775545643999976 ], [ -73.152654716999962, -36.762685174999945 ], [ -73.150573237999936, -36.761865163999971 ], [ -73.148540064999963, -36.760823124999945 ], [ -73.142257680999933, -36.757313490999934 ], [ -73.139167965999945, -36.755057352999984 ], [ -73.138861266999982, -36.754561502999934 ], [ -73.138026010999965, -36.754106141999955 ], [ -73.136875036999982, -36.75298253099993 ], [ -73.135483134999959, -36.751947971999982 ], [ -73.132556045999934, -36.748826580999946 ], [ -73.130196731999945, -36.745016133999968 ], [ -73.130085449999967, -36.744105108999975 ], [ -73.128616149999971, -36.741089000999978 ], [ -73.128738898999984, -36.740816742999982 ], [ -73.127801250999937, -36.740532488999975 ], [ -73.127352131999942, -36.739657965999982 ], [ -73.127020453999933, -36.738011216999951 ], [ -73.126649570999973, -36.738097674999949 ], [ -73.126434186999973, -36.737449280999954 ], [ -73.12619316699994, -36.737330382999971 ], [ -73.126616440999953, -36.737428895999983 ], [ -73.126675818999956, -36.737939270999959 ], [ -73.126835907999975, -36.737996863999967 ], [ -73.12691013999995, -36.737550604999967 ], [ -73.126587877999953, -36.735102525999935 ], [ -73.126658178999946, -36.731776948999936 ], [ -73.127018650999958, -36.730421681999928 ], [ -73.127520089999962, -36.729347508999979 ], [ -73.126740650999977, -36.72909965599996 ], [ -73.126794328999949, -36.728823151999961 ], [ -73.126489782999954, -36.728278878999959 ], [ -73.127365086999987, -36.72770528999996 ], [ -73.128052649999972, -36.726436097999965 ], [ -73.127815907999945, -36.72628335099995 ], [ -73.126138148999985, -36.726070027999981 ], [ -73.125194998999973, -36.726386929999933 ], [ -73.124568125999986, -36.726389038999969 ], [ -73.118149048999953, -36.725505560999977 ] ] ] } },
{ "type": "Feature", "properties": { "CUT": 8309, "COMUNA": "QUILLECO", "AREA_C": "URBANO", "DISTRITO": "CURICHE", "LOCALIDAD": "QUILLECO", "n_per": 46.0, "n_hombres": 26.0, "n_mujeres": 20.0, "n_edad_60_mas": 5.0, "n_asistencia_basica": 4.0, "n_asistencia_media": 2.0, "n_asistencia_superior": 1.0, "n_transporte_auto": 1.0, "n_transporte_publico": 2.0, "n_transporte_camina": 1.0, "n_transporte_bicicleta": 0.0 }, "geometry": { "type": "Polygon", "coordinates": [ [ [ -71.98434101099997, -37.468405167999947 ], [ -71.983892565999952, -37.468404076999946 ], [ -71.983925186999954, -37.469577387999948 ], [ -71.986210891999974, -37.469765050999968 ], [ -71.986321007999948, -37.470196333999979 ], [ -71.988367683999968, -37.469234911999934 ], [ -71.98808988899998, -37.468621499999983 ], [ -71.988033027999961, -37.468023711999933 ], [ -71.987523272999965, -37.467045006999967 ], [ -71.98434101099997, -37.468405167999947 ] ] ] } }
]
}
